Country Name,ISO3 code,Year,ppp_factor,exchange_rate,price_level_ratio
Aruba,ABW,1990,0.92337117060551,1.79,0.5158498159807319
Aruba,ABW,1991,0.943316000244893,1.79,0.5269921789077615
Aruba,ABW,1992,0.957551495016585,1.79,0.5349449692830084
Aruba,ABW,1993,0.984958026791874,1.79,0.5502558808893151
Aruba,ABW,1994,1.02500603222283,1.79,0.5726290682809106
Aruba,ABW,1995,1.03784812798319,1.79,0.579803423454296
Aruba,ABW,1996,1.0524095065884,1.79,0.587938271837095
Aruba,ABW,1997,1.07289179614439,1.79,0.5993808917007766
Aruba,ABW,1998,1.13091703351694,1.79,0.6317972254284582
Aruba,ABW,1999,1.13955892562249,1.79,0.636625098113123
Aruba,ABW,2000,1.12586291243083,1.79,0.6289736940954357
Aruba,ABW,2001,1.16305010240635,1.79,0.6497486605622067
Aruba,ABW,2002,1.19604132898964,1.79,0.6681795134020335
Aruba,ABW,2003,1.20864669229519,1.79,0.6752216158073687
Aruba,ABW,2004,1.21006876393466,1.79,0.6760160692372401
Aruba,ABW,2005,1.23273705485488,1.79,0.6886799189133407
Aruba,ABW,2006,1.23752658216472,1.79,0.6913556324942569
Aruba,ABW,2007,1.26713820679477,1.79,0.7078984395501509
Aruba,ABW,2008,1.29617578212114,1.79,0.7241205486710279
Aruba,ABW,2009,1.31017240006063,1.79,0.7319398883020279
Aruba,ABW,2010,1.27860494946511,1.79,0.7143044410419609
Aruba,ABW,2011,1.30294060707092,1.79,0.7278997804865475
Aruba,ABW,2012,1.31876661849032,1.79,0.7367411276482234
Aruba,ABW,2013,1.28702435899103,1.79,0.7190080217826983
Aruba,ABW,2014,1.3117209860102,1.79,0.7328050201174301
Aruba,ABW,2015,1.36631378592424,1.79,0.7633037910191285
Aruba,ABW,2016,1.36001458924542,1.79,0.7597846867292849
Aruba,ABW,2017,1.35663664340973,1.79,0.757897566150687
Aruba,ABW,2018,1.37060558795929,1.79,0.7657014457873128
Aruba,ABW,2019,1.42321181297302,1.79,0.7950903983089497
Aruba,ABW,2020,1.4119086265564,1.79,0.7887757690259218
Aruba,ABW,2021,1.36395359039307,1.79,0.761985246029648
Aruba,ABW,2022,1.32552993286486,1.79,0.7405195155669608
Aruba,ABW,2023,1.31448380119852,1.79,0.734348492289676
Aruba,ABW,2024,1.3358003334369,1.79,0.7462571695178212
Afghanistan,AFG,2000,10.1998697278633,47.3575747311828,0.21537990038048024
Afghanistan,AFG,2001,8.80071752178842,47.500014516129,0.18527820699507508
Afghanistan,AFG,2002,9.19688826054197,47.263,0.19458959990990776
Afghanistan,AFG,2003,10.0699941213286,48.7627535833333,0.20650995650029164
Afghanistan,AFG,2004,10.9116040744675,47.8453125,0.22806004401094673
Afghanistan,AFG,2005,11.7344348456455,49.4945975,0.23708516562126808
Afghanistan,AFG,2006,12.20296543905,49.9253308333333,0.24442432799869462
Afghanistan,AFG,2007,14.5576162885083,49.9620177703972,0.2913736661999623
Afghanistan,AFG,2008,14.581836306571,50.2496147435897,0.2901880219575453
Afghanistan,AFG,2009,14.1789193736488,50.325,0.28174703176649374
Afghanistan,AFG,2010,14.5430529453148,46.4524610013175,0.31307389601817487
Afghanistan,AFG,2011,16.6134779097919,46.747007738581,0.35539125846723557
Afghanistan,AFG,2012,16.9302950898685,50.9214,0.3324789791692393
Afghanistan,AFG,2013,16.8815458389923,55.3775,0.3048448528552625
Afghanistan,AFG,2014,16.1278038080551,57.2475,0.2817206656719525
Afghanistan,AFG,2015,15.8235824504332,61.1434615416667,0.2587943510468424
Afghanistan,AFG,2016,15.9236559656703,67.8660857692308,0.23463348129162007
Afghanistan,AFG,2017,15.4202070236206,68.0269040822312,0.22667806556330405
Afghanistan,AFG,2018,14.8562349775318,72.083247177304,0.20609830382626557
Afghanistan,AFG,2019,15.026434394062,77.7379491783367,0.1932959970373058
Afghanistan,AFG,2020,15.3352430921872,76.8135364354897,0.1996424563145351
Angola,AGO,1990,1.08190935685562e-08,2.9918e-08,0.36162489366121403
Angola,AGO,1991,2.15907128517547e-08,5.50983333333334e-08,0.3918578212000607
Angola,AGO,1992,1.21700483539808e-07,2.51416666666667e-07,0.48405893353586144
Angola,AGO,1993,1.20996724827688e-06,2.66016666666667e-06,0.45484640621898825
Angola,AGO,1994,2.69628887592685e-05,5.9515e-05,0.4530435816057884
Angola,AGO,1995,0.0005085073010809,0.0027502295833333,0.18489630980719257
Angola,AGO,1996,0.0244715448333415,0.128029166666667,0.19114038988518062
Angola,AGO,1997,0.0470195463427861,0.229040083333333,0.205289596731225
Angola,AGO,1998,0.064797892138371,0.3928235175,0.16495420781005304
Angola,AGO,1999,0.420102006470782,2.79070616666667,0.15053609422899886
Angola,AGO,2000,2.12800471715728,10.0405441666667,0.21194117388796302
Angola,AGO,2001,4.29448449000484,22.0578616666667,0.19469178630739895
Angola,AGO,2002,10.2538444955099,43.5302066666667,0.23555699089666376
Angola,AGO,2003,19.5683844416179,74.6063008333333,0.2622886300894704
Angola,AGO,2004,25.4172731420674,83.5413625,0.3042477687871969
Angola,AGO,2005,34.5360038402851,87.1591416666667,0.39624075202995157
Angola,AGO,2006,39.1361372197755,80.3680720555555,0.4869612548714883
Angola,AGO,2007,40.0754934623603,76.70614275,0.5224548129473021
Angola,AGO,2008,46.9563993663959,75.0333541666667,0.6258070145990636
Angola,AGO,2009,40.0083569688187,79.3281666666667,0.5043398662789218
Angola,AGO,2010,50.8609663933818,91.9057203405018,0.5534037076794224
Angola,AGO,2011,64.6057510375977,93.93475,0.6877726404509269
Angola,AGO,2012,66.0171856203882,95.467955421311,0.691511464020014
Angola,AGO,2013,66.6955727425879,96.5182794791526,0.6910149362638998
Angola,AGO,2014,66.0018757612622,98.3024168556335,0.6714166128610273
Angola,AGO,2015,69.5859035283092,120.060701665019,0.5795893457499576
Angola,AGO,2016,82.8633266447229,163.656434116579,0.5063248939280692
Angola,AGO,2017,95.8372421264648,165.915950691498,0.5776252477657398
Angola,AGO,2018,111.44181060791,252.855747731297,0.4407327561576185
Angola,AGO,2019,124.439605712891,364.825804980887,0.34109321219591443
Angola,AGO,2020,146.909133911133,578.25878028011,0.2540543073811518
Angola,AGO,2021,174.090515136719,631.441955506727,0.2757031166815844
Angola,AGO,2022,191.89616090516,460.567511631462,0.4166515354619974
Angola,AGO,2023,220.826283791255,685.020237761449,0.3223646129242614
Angola,AGO,2024,275.541334427151,869.846189590008,0.316770180435031
Angola,AGO,2025,322.965962233887,911.99303781631,0.3541320479893154
Albania,ALB,1992,9.64540495670419,75.0325,0.128549694555082
Albania,ALB,1993,21.2609805208752,102.0625,0.20831334251929162
Albania,ALB,1994,28.2776580842755,94.6233333333333,0.298844450814903
Albania,ALB,1995,30.4220140815476,92.6975,0.3281859174362588
Albania,ALB,1996,34.9342388924779,104.498916666667,0.33430240242501197
Albania,ALB,1997,38.7226763445269,148.932916666667,0.2600007923781802
Albania,ALB,1998,40.7158326537676,150.633333333333,0.27029762770812804
Albania,ALB,1999,41.1016112678836,137.690583333333,0.2985070603439986
Albania,ALB,2000,42.0106889589827,143.709416666667,0.29233080151195795
Albania,ALB,2001,42.8159783920027,143.484833333333,0.2984007256887973
Albania,ALB,2002,42.9261500020936,140.154515875,0.3062773235246895
Albania,ALB,2003,44.5964580472103,121.86325,0.3659549375813488
Albania,ALB,2004,44.9032866642201,102.780051196172,0.43688717938576493
Albania,ALB,2005,45.5274427807621,99.8702544808992,0.455865893377387
Albania,ALB,2006,44.4219714613751,98.1033770912698,0.45280777052198135
Albania,ALB,2007,44.6263862703145,90.4278938310708,0.4935024402280282
Albania,ALB,2008,44.5610300505113,83.8946041005291,0.5311548999875461
Albania,ALB,2009,44.3164122111067,94.9781198203843,0.46659601490232355
Albania,ALB,2010,44.2085275396523,103.936666666667,0.42534101734696284
Albania,ALB,2011,43.857946713934,100.895833333333,0.4346854103383933
Albania,ALB,2012,43.6552769183606,108.184166666667,0.40352741314604385
Albania,ALB,2013,44.1137346771784,105.669166666667,0.41747026184407243
Albania,ALB,2014,42.8939794696902,105.48,0.4066550954653982
Albania,ALB,2015,42.7059027543345,125.961666666667,0.3390388828955983
Albania,ALB,2016,42.3856045548293,124.1425,0.3414270258358685
Albania,ALB,2017,42.2556762085143,119.1,0.3547915718599018
Albania,ALB,2018,42.302763484983,107.989166666667,0.39173154855023606
Albania,ALB,2019,40.5505352382444,109.850833333333,0.3691418081026045
Albania,ALB,2020,40.2104823755404,108.65,0.3700918764430778
Albania,ALB,2021,41.1655084684252,103.52,0.39765753930086173
Albania,ALB,2022,39.6079245069442,113.041666666667,0.3503834088340059
Albania,ALB,2023,39.4547845186235,100.645,0.39201932056856775
Albania,ALB,2024,39.6672501245719,93.1233333333333,0.42596467184635334
Andorra,AND,2021,0.604573547840118,0.845376564367945,0.7151529546979268
Andorra,AND,2022,0.588341425578457,0.950915533962108,0.6187105001083105
Andorra,AND,2023,0.603066309036457,0.924709622987356,0.652168306725519
Andorra,AND,2024,0.604826658572286,0.924367447270267,0.654314104589456
Andorra,AND,2025,0.603848577368125,0.887144250370588,0.6806656043995986
United Arab Emirates,ARE,1990,1.10849878124121,3.671,0.30196098644543995
United Arab Emirates,ARE,1991,1.08093094219594,3.671,0.29445135990082816
United Arab Emirates,ARE,1992,1.07594139509976,3.671,0.29309218063191506
United Arab Emirates,ARE,1993,1.06446367617045,3.671,0.2899655887143694
United Arab Emirates,ARE,1994,1.03947403088454,3.671,0.28315827591515663
United Arab Emirates,ARE,1995,1.05791104144641,3.671,0.2881806160300763
United Arab Emirates,ARE,1996,1.09886629873912,3.671,0.29933704678265327
United Arab Emirates,ARE,1997,1.06995097497056,3.671125,0.2914504341232075
United Arab Emirates,ARE,1998,1.0130450876861,3.6725,0.27584617772255954
United Arab Emirates,ARE,1999,1.08325129463518,3.6725,0.29496291208582165
United Arab Emirates,ARE,2000,1.18064363755522,3.6725,0.3214822702669081
United Arab Emirates,ARE,2001,1.12751920033308,3.6725,0.3070168006352839
United Arab Emirates,ARE,2002,1.15213193051335,3.6725,0.313718701297032
United Arab Emirates,ARE,2003,1.17583860865285,3.6725,0.32017388935407765
United Arab Emirates,ARE,2004,1.24238937851227,3.6725,0.33829526984677194
United Arab Emirates,ARE,2005,1.40369934773485,3.6725,0.3822190191245337
United Arab Emirates,ARE,2006,1.52459641218764,3.6725,0.4151385737747148
United Arab Emirates,ARE,2007,1.67043219533299,3.6725,0.45484879382790744
United Arab Emirates,ARE,2008,1.94259153380338,3.6725,0.528956169857966
United Arab Emirates,ARE,2009,1.63754817063391,3.6725,0.44589466865457045
United Arab Emirates,ARE,2010,1.93268817638176,3.6725,0.5262595442836651
United Arab Emirates,ARE,2011,2.12660837173462,3.6725,0.5790628650060232
United Arab Emirates,ARE,2012,2.1879699726825,3.6725,0.5957712655364193
United Arab Emirates,ARE,2013,2.2341905856946,3.6725,0.6083568647228318
United Arab Emirates,ARE,2014,2.21351673547793,3.6725,0.6027274977475643
United Arab Emirates,ARE,2015,2.22924693053669,3.6725,0.6070107367016175
United Arab Emirates,ARE,2016,2.24174884422555,3.6725,0.6104149337578081
United Arab Emirates,ARE,2017,2.28525042533875,3.6725,0.6222601566613343
United Arab Emirates,ARE,2018,2.23515868186951,3.6725,0.6086204715778107
United Arab Emirates,ARE,2019,2.1137228012085,3.6725,0.5755542004652144
United Arab Emirates,ARE,2020,2.08898448944092,3.6725,0.5688181046809858
United Arab Emirates,ARE,2021,2.36256718635559,3.6725,0.643313052785729
United Arab Emirates,ARE,2022,2.48355696366093,3.6725,0.6762578525965772
United Arab Emirates,ARE,2023,2.34654954239314,3.6725,0.6389515431975875
United Arab Emirates,ARE,2024,2.32695589646038,3.6725,0.6336163094514309
Argentina,ARG,1990,0.293939470102461,0.487589083333333,0.6028425987164968
Argentina,ARG,1991,0.68380637598758,0.953554416666667,0.7171131128289006
Argentina,ARG,1992,0.776023252822108,0.990641666666667,0.7833541420010005
Argentina,ARG,1993,0.731059830380026,0.998945833333333,0.7318313025447922
Argentina,ARG,1994,0.736171486514112,0.999008333333333,0.7369022479099563
Argentina,ARG,1995,0.743875471100246,0.99975,0.744061486471864
Argentina,ARG,1996,0.730119100920647,0.9996625,0.7303655993104143
Argentina,ARG,1997,0.714412313958537,0.9995,0.714769698807941
Argentina,ARG,1998,0.694425180504472,0.9995,0.6947725667878659
Argentina,ARG,1999,0.672159933973219,0.9995,0.6724961820642511
Argentina,ARG,2000,0.664089244736491,0.9995,0.664421455464223
Argentina,ARG,2001,0.642348668911009,0.9995,0.6426700039129654
Argentina,ARG,2002,0.825786930690557,3.06325666666667,0.269578106097505
Argentina,ARG,2003,0.894793043865781,2.90062916666667,0.3084823989734801
Argentina,ARG,2004,1.03137254895737,2.92330081890332,0.3528109533880576
Argentina,ARG,2005,1.10319436906769,2.9036575,0.3799326776893246
Argentina,ARG,2006,1.21724697689933,3.05431333333333,0.39853375998293056
Argentina,ARG,2007,1.36219731629439,3.09564884920635,0.4400361225219794
Argentina,ARG,2008,1.6461183813018,3.14416455988456,0.5235471458154971
Argentina,ARG,2009,1.88761027799013,3.71010683052328,0.5087751820138016
Argentina,ARG,2010,2.25500157959557,3.8962951544705,0.5787553278678707
Argentina,ARG,2011,2.73312783241272,4.11013957621326,0.6649720238773
Argentina,ARG,2012,3.22003163590423,4.53693436018746,0.7097373204604138
Argentina,ARG,2013,3.94556760852856,5.45935266465704,0.7227171151758564
Argentina,ARG,2014,5.46151378584004,8.07527599281334,0.6763253405457053
Argentina,ARG,2015,6.88258971224653,9.23318552472429,0.7454187608184175
Argentina,ARG,2016,9.32211732577767,14.7581750873396,0.6316578622091773
Argentina,ARG,2017,10.2927856445313,16.5627069251411,0.6214434446646839
Argentina,ARG,2018,13.5268135070801,28.0949916666667,0.4814670766793281
Argentina,ARG,2019,20.3836688995361,48.1478916666667,0.42335537847959254
Argentina,ARG,2020,26.8871841430664,70.5391666666667,0.38116673918366467
Argentina,ARG,2021,38.783332824707,94.9907416666667,0.40828539860023544
Argentina,ARG,2022,61.1893443740869,130.61655,0.46846547680280104
Argentina,ARG,2023,139.692187078265,296.258041666667,0.4715220093010634
Argentina,ARG,2024,419.292111285901,914.694883333333,0.458395601556134
Argentina,ARG,2025,567.297421343424,1240.85125,0.45718406726303745
Armenia,ARM,1993,0.848065211518543,9.105,0.09314280192405744
Armenia,ARM,1994,34.9346951912518,288.650833333333,0.12102752237998679
Armenia,ARM,1995,89.3631516477874,405.908333333333,0.22015599165933394
Armenia,ARM,1996,104.949595069172,414.0415,0.2534760285362023
Armenia,ARM,1997,121.468783512433,490.84678575,0.2474678189586841
Armenia,ARM,1998,132.969717654654,504.915,0.2633506979484745
Armenia,ARM,1999,131.184866211324,535.061833333334,0.2451770207455596
Armenia,ARM,2000,126.516955225727,539.525833333333,0.2344965660755702
Armenia,ARM,2001,128.714762238293,555.078258333333,0.23188579322989408
Armenia,ARM,2002,129.733038303032,573.353333333333,0.2262706620170786
Armenia,ARM,2003,133.071580686189,578.762954545454,0.2299241505370711
Armenia,ARM,2004,137.723110032332,533.450833333334,0.25817395236174245
Armenia,ARM,2005,137.820994842507,457.686940629159,0.30112503243603905
Armenia,ARM,2006,139.872156672108,416.040369724542,0.33619852026551306
Armenia,ARM,2007,142.008340441028,342.079116208671,0.4151330312558507
Armenia,ARM,2008,147.668868143073,305.969400261936,0.4826262626806988
Armenia,ARM,2009,150.428718171959,363.283285606061,0.4140810329905507
Armenia,ARM,2010,160.168589752756,373.660466738817,0.42864740589405576
Armenia,ARM,2011,163.650009155273,372.500882448711,0.4393278428751258
Armenia,ARM,2012,157.763327428082,401.763975626916,0.3926766385211783
Armenia,ARM,2013,159.440560466033,409.625749270293,0.3892347118072052
Armenia,ARM,2014,164.557666539169,415.919789204938,0.39564760035518715
Armenia,ARM,2015,172.04720077425,477.918306576099,0.35999290758880964
Armenia,ARM,2016,160.208207872256,480.488150777966,0.33342800985385457
Armenia,ARM,2017,154.786590576172,482.716393849129,0.32065741406029374
Armenia,ARM,2018,157.376907348633,482.987946590235,0.3258402377526637
Armenia,ARM,2019,147.486145019531,480.44512876712,0.30697812546876724
Armenia,ARM,2020,141.940551757813,489.008858590915,0.29026171870754336
Armenia,ARM,2021,148.241226196289,503.769674961652,0.29426389392647234
Armenia,ARM,2022,149.449957812148,435.6661796523,0.34303777706918226
Armenia,ARM,2023,148.585343699986,392.476302158971,0.3785842428769166
Armenia,ARM,2024,147.017595146307,392.729551399084,0.3743481859782704
Armenia,ARM,2025,148.11782018569,387.010152166483,0.38272334551568316
Antigua and Barbuda,ATG,1990,1.5770210389687,2.7,0.5840818662847037
Antigua and Barbuda,ATG,1991,1.57282884764278,2.7,0.5825292028306592
Antigua and Barbuda,ATG,1992,1.58285720033891,2.7,0.5862434075329296
Antigua and Barbuda,ATG,1993,1.5820142932671,2.7,0.5859312197285556
Antigua and Barbuda,ATG,1994,1.60452126381349,2.7,0.594267134745737
Antigua and Barbuda,ATG,1995,1.61947374039478,2.7,0.5998050890351037
Antigua and Barbuda,ATG,1996,1.64459919176866,2.7,0.6091108117661703
Antigua and Barbuda,ATG,1997,1.65762633971478,2.7,0.6139356813758444
Antigua and Barbuda,ATG,1998,1.68314595854311,2.7,0.6233873920530038
Antigua and Barbuda,ATG,1999,1.69303721551361,2.7,0.6270508205605962
Antigua and Barbuda,ATG,2000,1.68095710370836,2.7,0.6225767050771703
Antigua and Barbuda,ATG,2001,1.6778679426894,2.7,0.6214325713664445
Antigua and Barbuda,ATG,2002,1.67324934598928,2.7,0.6197219799960296
Antigua and Barbuda,ATG,2003,1.63298862458897,2.7,0.6048106016996184
Antigua and Barbuda,ATG,2004,1.6275748640603,2.7,0.6028055052075185
Antigua and Barbuda,ATG,2005,1.65192555191116,2.7,0.6118242784856147
Antigua and Barbuda,ATG,2006,1.62041763090079,2.7,0.6001546781114037
Antigua and Barbuda,ATG,2007,1.64660800410983,2.7,0.609854816336974
Antigua and Barbuda,ATG,2008,1.69202968924773,2.7,0.6266776626843444
Antigua and Barbuda,ATG,2009,1.70031782840211,2.7,0.6297473438526333
Antigua and Barbuda,ATG,2010,1.70690523270922,2.7,0.632187123225637
Antigua and Barbuda,ATG,2011,1.69137668609619,2.7,0.6264358096652556
Antigua and Barbuda,ATG,2012,1.83504087686813,2.7,0.6796447692104185
Antigua and Barbuda,ATG,2013,1.86755989889067,2.7,0.6916888514409889
Antigua and Barbuda,ATG,2014,1.93511005167144,2.7,0.7167074265449777
Antigua and Barbuda,ATG,2015,2.06855869734309,2.7,0.766132850867811
Antigua and Barbuda,ATG,2016,2.09674444871081,2.7,0.7765720180410407
Antigua and Barbuda,ATG,2017,2.13833737373352,2.7,0.7919768050864888
Antigua and Barbuda,ATG,2018,2.01181793212891,2.7,0.7451177526403369
Antigua and Barbuda,ATG,2019,1.92162227630615,2.7,0.7117119541874629
Antigua and Barbuda,ATG,2020,1.85506355762482,2.7,0.6870605768980814
Antigua and Barbuda,ATG,2021,1.81939482688904,2.7,0.6738499358848297
Antigua and Barbuda,ATG,2022,1.81471365982682,2.7,0.6721161703062296
Antigua and Barbuda,ATG,2023,1.86354196795733,2.7,0.6902007288730851
Antigua and Barbuda,ATG,2024,1.86682399409076,2.7,0.6914162941076889
Antigua and Barbuda,ATG,2025,1.87014584555665,2.7,0.6926466094654259
Australia,AUS,1990,1.365893,1.28105666666667,1.0662237163591486
Australia,AUS,1991,1.348856,1.28375583333333,1.0507107075787414
Australia,AUS,1992,1.328189,1.36164833333333,0.9754273313349409
Australia,AUS,1993,1.312441,1.47056,0.8924770155586986
Australia,AUS,1994,1.300904,1.36775083333333,0.9511264539532992
Australia,AUS,1995,1.310302,1.3490325,0.9712901653592482
Australia,AUS,1996,1.313356,1.27786333333333,1.0277750098471694
Australia,AUS,1997,1.307709,1.34738,0.9705569327138595
Australia,AUS,1998,1.300774,1.59182833333333,0.8171572102100642
Australia,AUS,1999,1.29695,1.54995,0.8367689280299365
Australia,AUS,2000,1.312261,1.72482666666667,0.760807462778867
Australia,AUS,2001,1.328086,1.9334425,0.6869022481920203
Australia,AUS,2002,1.33649,1.8405625,0.7261312778023022
Australia,AUS,2003,1.352188,1.54191416666667,0.8769541322284997
Australia,AUS,2004,1.364774,1.3597525,1.003692951474625
Australia,AUS,2005,1.388356,1.30947333333333,1.0602399947052532
Australia,AUS,2006,1.4033,1.3279734405,1.0567229412898789
Australia,AUS,2007,1.427068,1.1950725,1.1941267161615718
Australia,AUS,2008,1.479073,1.19217833333333,1.2406474422870215
Australia,AUS,2009,1.442855,1.28218881008452,1.1253061863056573
Australia,AUS,2010,1.503481,1.09015948638677,1.3791385744696354
Australia,AUS,2011,1.511052,0.969463201496735,1.5586481236906329
Australia,AUS,2012,1.540115,0.965801030658708,1.594650400144625
Australia,AUS,2013,1.447123,1.03584309652054,1.3970484573010855
Australia,AUS,2014,1.452489,1.10936329281692,1.3092996761338729
Australia,AUS,2015,1.473691,1.33109026245502,1.1071307796076668
Australia,AUS,2016,1.450156,1.34521397601947,1.0780113988192843
Australia,AUS,2017,1.477553,1.30475807671592,1.1324344538406732
Australia,AUS,2018,1.470403,1.33841214646451,1.0986174952791268
Australia,AUS,2019,1.459253,1.43850654421382,1.0144222185638496
Australia,AUS,2020,1.431163,1.45308511847016,0.9849133968881051
Australia,AUS,2021,1.395724,1.33122425957081,1.0484514460771508
Australia,AUS,2022,1.358727,1.44166445896522,0.9424710386321448
Australia,AUS,2023,1.337468,1.50519106560509,0.8885702490283751
Australia,AUS,2024,1.366527,1.51535803855596,0.9017849018059214
Australia,AUS,2025,1.398943,1.5519978866485,0.9013820263769701
Austria,AUT,1990,0.920033,11.3698333333333,0.08091877629399458
Austria,AUT,1991,0.922348,11.6759166666667,0.07899576764136983
Austria,AUT,1992,0.933171,10.9893333333333,0.08491607012860981
Austria,AUT,1993,0.936697,11.6321825,0.08052633287003534
Austria,AUT,1994,0.940271,11.4218249166667,0.08232230898829124
Austria,AUT,1995,0.937667,10.0814958333333,0.0930087177043423
Austria,AUT,1996,0.933795,10.5865575,0.08820572693248019
Austria,AUT,1997,0.931458,12.2042441666667,0.07632246514241986
Austria,AUT,1998,0.922709,12.379065,0.07453785887706381
Austria,AUT,1999,0.923906,0.938283072395283,0.9846772548516934
Austria,AUT,2000,0.907311,1.08270508132602,0.8380038254635235
Austria,AUT,2001,0.922994,1.11653308564462,0.8266606801598879
Austria,AUT,2002,0.899797,1.05755899623965,0.8508244014749035
Austria,AUT,2003,0.888232,0.88404792718493,1.0047328574463077
Austria,AUT,2004,0.878171,0.803921647747618,1.0923589412729582
Austria,AUT,2005,0.881939,0.803800192161442,1.097211730726812
Austria,AUT,2006,0.860213,0.796432730949102,1.0800824307846961
Austria,AUT,2007,0.868013,0.729672399984083,1.1895927542537374
Austria,AUT,2008,0.854424,0.679922680042729,1.2566487706312497
Austria,AUT,2009,0.843317,0.716957702016136,1.1762437276683586
Austria,AUT,2010,0.84243,0.754308990105961,1.1168234915000288
Austria,AUT,2011,0.831374,0.718413898653317,1.157235406439699
Austria,AUT,2012,0.813648,0.778338120416812,1.0453657332937503
Austria,AUT,2013,0.797081,0.752945122701996,1.05861765481609
Austria,AUT,2014,0.798797,0.752728196932603,1.0612024410074303
Austria,AUT,2015,0.798813,0.901296423367096,0.8862933206988277
Austria,AUT,2016,0.776931,0.903421436257263,0.8599873423622827
Austria,AUT,2017,0.775009,0.885205508269372,0.8755130788953035
Austria,AUT,2018,0.765403,0.846772667108111,0.9039061246674341
Austria,AUT,2019,0.738332,0.893276257067409,0.8265438537725329
Austria,AUT,2020,0.728799,0.875506396987998,0.8324313820062137
Austria,AUT,2021,0.72035,0.84549413889045,0.8519869823643275
Austria,AUT,2022,0.687544,0.949623753156941,0.724017272856034
Austria,AUT,2023,0.704634,0.924839558470698,0.7618986380353076
Austria,AUT,2024,0.710451,0.923889546117607,0.7689782864039062
Austria,AUT,2025,0.725357,0.88496895841236,0.8196411784898028
Azerbaijan,AZE,1992,0.0001547218150674,0.01084,0.01427323017226937
Azerbaijan,AZE,1993,0.0012803382577256,0.019995,0.06403292111655914
Azerbaijan,AZE,1994,0.0186289249174437,0.314045,0.05931928518984126
Azerbaijan,AZE,1995,0.117808754501595,0.8827085,0.1334628073725301
Azerbaijan,AZE,1996,0.146255251995777,0.860252833333333,0.17001426363114996
Azerbaijan,AZE,1997,0.157064406206694,0.797075,0.1970509753871267
Azerbaijan,AZE,1998,0.153819797400772,0.773799686666667,0.198785034487916
Azerbaijan,AZE,1999,0.154952864273231,0.824033333333333,0.1880419856881571
Azerbaijan,AZE,2000,0.170449755486673,0.89483075,0.1904826756195772
Azerbaijan,AZE,2001,0.170888700612531,0.931316666666667,0.18349150909557896
Azerbaijan,AZE,2002,0.175365440911871,0.972164166666666,0.18038665374096224
Azerbaijan,AZE,2003,0.183941854853066,0.982146,0.18728565289994156
Azerbaijan,AZE,2004,0.195697610888887,0.9826955,0.19914369292307435
Azerbaijan,AZE,2005,0.217685705441929,0.945421,0.23025266568219768
Azerbaijan,AZE,2006,0.235097699744124,0.893445,0.26313617485589375
Azerbaijan,AZE,2007,0.276008850601939,0.858123808243727,0.32164222452565505
Azerbaijan,AZE,2008,0.346534668805281,0.821619578853047,0.42177021790185626
Azerbaijan,AZE,2009,0.27931950198026,0.803783333333333,0.34750596385459614
Azerbaijan,AZE,2010,0.314125345846898,0.80265,0.3913603013105314
Azerbaijan,AZE,2011,0.383509784936905,0.789686388888889,0.4856482147001598
Azerbaijan,AZE,2012,0.368202768426652,0.785645349462366,0.4686628243629534
Azerbaijan,AZE,2013,0.357812484388613,0.784541075268817,0.45607871361739893
Azerbaijan,AZE,2014,0.352385193609108,0.7843475,0.44927177508579813
Azerbaijan,AZE,2015,0.373831913649521,1.02456381855059,0.364869329641531
Azerbaijan,AZE,2016,0.426016726419135,1.59572157270424,0.2669743479729815
Azerbaijan,AZE,2017,0.498603373765945,1.72115480222734,0.28969118473289224
Azerbaijan,AZE,2018,0.52723491191864,1.70001666666667,0.31013514294093525
Azerbaijan,AZE,2019,0.48993256688118,1.7,0.2881956275771647
Azerbaijan,AZE,2020,0.474218666553497,1.7,0.2789521567961747
Azerbaijan,AZE,2021,0.457138150930405,1.7,0.2689047946649441
Azerbaijan,AZE,2022,0.585848354897923,1.7,0.3446166793517194
Azerbaijan,AZE,2023,0.51227663604586,1.7,0.30133919767403533
Azerbaijan,AZE,2024,0.493148640345599,1.7,0.2900874354974112
Azerbaijan,AZE,2025,0.482459128195909,1.7,0.2837994871740641
Burundi,BDI,1990,71.2033651018155,171.255416666667,0.41577292261888765
Burundi,BDI,1991,71.693287376194,181.512583333333,0.3949769545427886
Burundi,BDI,1992,73.8823168021491,208.302666666667,0.3546873306253832
Burundi,BDI,1993,77.7596075204785,242.78,0.3202883578568189
Burundi,BDI,1994,81.1881094226722,252.6625,0.3213302703118674
Burundi,BDI,1995,92.325811986081,249.7575,0.36966181990963637
Burundi,BDI,1996,103.769980428741,302.746666666667,0.3427617604226004
Burundi,BDI,1997,135.060118513296,352.350833333333,0.38331147747144856
Burundi,BDI,1998,148.852352614129,447.765833333333,0.33243347645803506
Burundi,BDI,1999,168.724327417382,563.5625,0.29938884758546214
Burundi,BDI,2000,186.730420922765,720.673333333333,0.25910549521664705
Burundi,BDI,2001,207.667105763133,830.353333333333,0.2500948661571376
Burundi,BDI,2002,206.591213504223,930.749166666666,0.2219622868362025
Burundi,BDI,2003,226.792483241163,1082.62,0.2094848453207617
Burundi,BDI,2004,249.887296138805,1100.9,0.22698455458152872
Burundi,BDI,2005,287.941751850674,1081.57716666667,0.2662239558348724
Burundi,BDI,2006,287.276475847376,1028.683553,0.27926613097835346
Burundi,BDI,2007,302.861064660003,1081.8696825,0.27994227914784275
Burundi,BDI,2008,368.924537626242,1185.69083333333,0.3111473305305779
Burundi,BDI,2009,403.756384094377,1230.17916666667,0.32820941455902497
Burundi,BDI,2010,434.640789836094,1230.74833333333,0.3531516379623469
Burundi,BDI,2011,461.509124755859,1261.07333333333,0.3659653348913308
Burundi,BDI,2012,523.127232295531,1442.505625,0.3626517798123186
Burundi,BDI,2013,531.306915880677,1555.09083333333,0.34165651580739054
Burundi,BDI,2014,534.965252683798,1546.68666666667,0.34587823391322325
Burundi,BDI,2015,553.845954285664,1571.89833333333,0.35234209652172066
Burundi,BDI,2016,564.395746237552,1654.62666666667,0.34110156545135106
Burundi,BDI,2017,626.167602539063,1729.055,0.3621444098302616
Burundi,BDI,2018,605.947692871094,1782.876875,0.33987074562908
Burundi,BDI,2019,582.1962890625,1845.62289069697,0.3154470460878619
Burundi,BDI,2020,595.613830566406,1915.04617583333,0.31101799950449
Burundi,BDI,2021,609.599182128906,1975.95088138768,0.3085092791885565
Burundi,BDI,2022,654.256163386694,2034.30663430472,0.3216113796975862
Burundi,BDI,2023,751.11355685453,2574.05174879329,0.291802042133244
Burundi,BDI,2024,869.203862502627,2885.24549799567,0.3012581990359045
Burundi,BDI,2025,999.612019047394,2943.1375,0.3396416304190321
Belgium,BEL,1990,0.913185,33.4179166666667,0.027326209742777677
Belgium,BEL,1991,0.908722,34.14825,0.02661108548754329
Belgium,BEL,1992,0.918901,32.1495,0.028582124138789092
Belgium,BEL,1993,0.933469,34.5965208333333,0.026981585937410638
Belgium,BEL,1994,0.933095,33.4564975,0.02788979928338285
Belgium,BEL,1995,0.92509,29.4800166666667,0.03138024006092259
Belgium,BEL,1996,0.92759,30.9615133333333,0.02995945288634689
Belgium,BEL,1997,0.927434,35.7738908333333,0.025924884836285075
Belgium,BEL,1998,0.935543,36.2986408333333,0.025773499462296234
Belgium,BEL,1999,0.931348,0.938283072395283,0.9926087631767896
Belgium,BEL,2000,0.899807,1.08270508132602,0.8310730368956804
Belgium,BEL,2001,0.892461,1.11653308564462,0.7993144237949258
Belgium,BEL,2002,0.8733,1.05755899623965,0.8257695344705897
Belgium,BEL,2003,0.876176,0.88404792718493,0.991095587758464
Belgium,BEL,2004,0.88842,0.803921647747618,1.105107696115815
Belgium,BEL,2005,0.891788,0.803800192161442,1.1094647758194187
Belgium,BEL,2006,0.874461,0.796432730949102,1.097972202822343
Belgium,BEL,2007,0.878806,0.729672399984083,1.2043843237309924
Belgium,BEL,2008,0.86694,0.679922680042729,1.2750567460781248
Belgium,BEL,2009,0.849692,0.716957702016136,1.1851354656078117
Belgium,BEL,2010,0.83681,0.754308990105961,1.109372963833362
Belgium,BEL,2011,0.831911,0.718413898653317,1.1579828864105162
Belgium,BEL,2012,0.822137,0.778338120416812,1.0562723043292972
Belgium,BEL,2013,0.806166,0.752945122701996,1.0706836072023647
Belgium,BEL,2014,0.800214,0.752728196932603,1.063084926618803
Belgium,BEL,2015,0.799998,0.901296423367096,0.8876080934742183
Belgium,BEL,2016,0.781011,0.903421436257263,0.864503507062672
Belgium,BEL,2017,0.775634,0.885205508269372,0.8762191296305977
Belgium,BEL,2018,0.766407,0.846772667108111,0.9050918029952773
Belgium,BEL,2019,0.735832,0.893276257067409,0.8237451674980232
Belgium,BEL,2020,0.716165,0.875506396987998,0.818000876365747
Belgium,BEL,2021,0.719916,0.84549413889045,0.8514736730697537
Belgium,BEL,2022,0.698153,0.949623753156941,0.7351890658579795
Belgium,BEL,2023,0.703466,0.924839558470698,0.7606357162784448
Belgium,BEL,2024,0.704288,0.923889546117607,0.7623075755749998
Belgium,BEL,2025,0.719942,0.88496895841236,0.8135223198015674
Benin,BEN,1990,117.748777314433,272.264787954393,0.4324789048158408
Benin,BEN,1991,114.758763437324,282.10690880882,0.40679175111976595
Benin,BEN,1992,115.596103500054,264.691800750579,0.4367196232458332
Benin,BEN,1993,115.605133663625,283.162579500018,0.40826416353371875
Benin,BEN,1994,151.110932375495,555.204695655697,0.2721715676360282
Benin,BEN,1995,170.356019889363,499.14842590131,0.34129331286931724
Benin,BEN,1996,178.848711639469,511.552430272516,0.3496195131830223
Benin,BEN,1997,182.264940496987,583.669372353396,0.31227429282794456
Benin,BEN,1998,189.668700468224,589.951774567332,0.3214986523387037
Benin,BEN,1999,202.999943232175,615.473349319193,0.3298273490748605
Benin,BEN,2000,207.120597973585,710.207977031373,0.29163372515095753
Benin,BEN,2001,206.55058650592,732.397693260192,0.2820197119770839
Benin,BEN,2002,210.618829481643,693.713226496371,0.3036108026156321
Benin,BEN,2003,212.864735099917,579.897426172445,0.36707308136356015
Benin,BEN,2004,208.886049527783,527.338032291584,0.39611413692286557
Benin,BEN,2005,211.231836669985,527.258362649643,0.4006230183025965
Benin,BEN,2006,209.204185560599,522.42562489518,0.40044778738135967
Benin,BEN,2007,204.480497251521,478.633718476359,0.4272170750996116
Benin,BEN,2008,213.523113143638,446.000041432788,0.4787513302861785
Benin,BEN,2009,217.603804390209,470.293423341398,0.4626979532142954
Benin,BEN,2010,216.884872161349,494.794262222936,0.43833344224114845
Benin,BEN,2011,220.433578491211,471.248625718934,0.46776492590279467
Benin,BEN,2012,233.186138874214,510.556338454251,0.456729495475863
Benin,BEN,2013,229.86160117805,493.899623852233,0.4654014501675769
Benin,BEN,2014,222.692274402436,493.757329875319,0.4510156324335865
Benin,BEN,2015,217.456302674407,591.21169798261,0.3678146143190883
Benin,BEN,2016,210.711777650076,592.605615063006,0.35556831102194847
Benin,BEN,2017,212.266235351563,580.656749587853,0.3655623317945213
Benin,BEN,2018,215.738403320313,555.446458398235,0.3884053990414255
Benin,BEN,2019,210.404876708984,585.950813757166,0.35908283045098993
Benin,BEN,2020,212.435317993164,574.294549649056,0.3699065542638016
Benin,BEN,2021,211.106674194336,554.607798864163,0.3806413732851982
Benin,BEN,2022,205.246224070769,622.912348249567,0.32949455031278013
Benin,BEN,2023,204.623566036542,606.654982255763,0.3372980887351777
Benin,BEN,2024,202.803961673608,606.345297609063,0.33446942274196456
Benin,BEN,2025,200.336598367492,581.92848104034,0.34426326412025954
Burkina Faso,BFA,1990,162.603597665122,272.264787954393,0.5972259537739404
Burkina Faso,BFA,1991,151.043826208715,282.10690880882,0.535413424812915
Burkina Faso,BFA,1992,148.013767555148,264.691800750579,0.5591928693500501
Burkina Faso,BFA,1993,142.501888515818,283.162579500018,0.5032511314434078
Burkina Faso,BFA,1994,159.947489392279,555.204695655697,0.2880874218892924
Burkina Faso,BFA,1995,167.268153012398,499.14842590131,0.3351070429809784
Burkina Faso,BFA,1996,164.833708567311,511.552430272516,0.3222225109545471
Burkina Faso,BFA,1997,164.561080299021,583.669372353396,0.2819422914645994
Burkina Faso,BFA,1998,175.653639283094,589.951774567332,0.2977423695554058
Burkina Faso,BFA,1999,203.324021027319,615.473349319164,0.3303538995672775
Burkina Faso,BFA,2000,197.190476074622,710.207977031367,0.27765173364972345
Burkina Faso,BFA,2001,200.487914950285,732.397693260228,0.2737418711107951
Burkina Faso,BFA,2002,203.455120924471,693.713226496374,0.2932841888456259
Burkina Faso,BFA,2003,202.478318509774,579.897426172466,0.34916229900554063
Burkina Faso,BFA,2004,197.354818298223,527.338032291576,0.3742472687596738
Burkina Faso,BFA,2005,198.510469976343,527.258362649626,0.3764956310579322
Burkina Faso,BFA,2006,191.295449974974,522.425624895176,0.3661678157792454
Burkina Faso,BFA,2007,190.89145755724,478.633718476363,0.3988257621400048
Burkina Faso,BFA,2008,204.437810987415,446.000041432788,0.45838069954131083
Burkina Faso,BFA,2009,208.072223136725,470.293423341398,0.4424306460813084
Burkina Faso,BFA,2010,213.343820815646,494.794262222947,0.4311768286421972
Burkina Faso,BFA,2011,223.115814208984,471.248625718937,0.4734566893825918
Burkina Faso,BFA,2012,237.592242168192,510.556338454251,0.4653594995755434
Burkina Faso,BFA,2013,228.405864984516,493.899623852237,0.4624540168770195
Burkina Faso,BFA,2014,227.32319645766,493.757329875312,0.4603945758436957
Burkina Faso,BFA,2015,220.230356318142,591.21169798261,0.3725067637694474
Burkina Faso,BFA,2016,209.026483556174,592.605615063022,0.35272443973374196
Burkina Faso,BFA,2017,201.595275878906,580.656749587858,0.34718493502744174
Burkina Faso,BFA,2018,208.284194946289,555.446458398226,0.374985188575926
Burkina Faso,BFA,2019,200.763061523438,585.911013180369,0.34265111425996425
Burkina Faso,BFA,2020,199.51708984375,575.586004510945,0.34663297627132644
Burkina Faso,BFA,2021,199.724746704102,554.530675033104,0.3601689783746931
Burkina Faso,BFA,2022,195.11927255451,623.759700911182,0.3128116040030827
Burkina Faso,BFA,2023,191.794636626162,606.569750165917,0.31619551844400384
Burkina Faso,BFA,2024,205.350368080944,606.345297609063,0.3386690205905452
Burkina Faso,BFA,2025,217.410761840348,581.92848104034,0.37360392028187533
Bangladesh,BGD,1990,13.5555757060187,34.5688083333333,0.39213315007296934
Bangladesh,BGD,1991,13.4700478780762,36.5961833333333,0.36807247781511493
Bangladesh,BGD,1992,13.5099932523762,38.9507583333333,0.34684801607096344
Bangladesh,BGD,1993,13.2177012906951,39.5672575,0.33405654386572287
Bangladesh,BGD,1994,13.4546602232257,40.2117391666667,0.33459533216058623
Bangladesh,BGD,1995,14.1199363693613,40.2783183333333,0.35055923269954403
Bangladesh,BGD,1996,14.4532407763761,41.7941683333333,0.3458195569559592
Bangladesh,BGD,1997,14.748172919273,43.8921158333333,0.33600961446640243
Bangladesh,BGD,1998,15.2750071841283,46.9056516666666,0.32565387413609803
Bangladesh,BGD,1999,15.6313618619175,49.0854,0.31845236795294524
Bangladesh,BGD,2000,15.811950125643,52.1416666666667,0.30324980263339596
Bangladesh,BGD,2001,15.9680521185096,55.8066666666667,0.28613162319632524
Bangladesh,BGD,2002,16.3358096116381,57.888,0.28219682164935916
Bangladesh,BGD,2003,16.9512003059736,58.15004,0.2915079732700717
Bangladesh,BGD,2004,17.2603901697117,59.5126583333333,0.2900288888631964
Bangladesh,BGD,2005,17.5032087652756,64.327475,0.2720953801664933
Bangladesh,BGD,2006,17.9772956303853,68.9332333333333,0.2607928681287058
Bangladesh,BGD,2007,18.6357622220049,68.874875,0.27057417123450167
Bangladesh,BGD,2008,19.7207515388584,68.598275,0.2874817411787454
Bangladesh,BGD,2009,20.9256676356837,69.0390666666667,0.3030989358056746
Bangladesh,BGD,2010,22.1515314635635,69.6492916666667,0.31804388721680216
Bangladesh,BGD,2011,23.4095554351807,74.1524,0.31569518228918686
Bangladesh,BGD,2012,23.7354995191658,81.8626583333333,0.2899429361616644
Bangladesh,BGD,2013,24.8574730785962,78.103235,0.31826432129983095
Bangladesh,BGD,2014,25.6504046099574,77.6414083333333,0.33037016149725185
Bangladesh,BGD,2015,27.0466120505002,77.9469083333333,0.34698761796731786
Bangladesh,BGD,2016,28.1895707253508,78.4680916666667,0.35924883766895216
Bangladesh,BGD,2017,29.3513450622559,80.4375416666667,0.36489609769388426
Bangladesh,BGD,2018,29.397891998291,83.4662019166666,0.3522131272684735
Bangladesh,BGD,2019,29.595682144165,84.4535225,0.3504375101010736
Bangladesh,BGD,2020,28.7098007202148,84.8713916666667,0.3382741835196111
Bangladesh,BGD,2021,28.296688079834,85.08376325,0.332574477185387
Bangladesh,BGD,2022,27.7515632976784,91.7454544396961,0.3024843406919891
Bangladesh,BGD,2023,28.6070991451479,106.309484297483,0.26909263396572797
Bangladesh,BGD,2024,29.8354579509729,115.603653796648,0.2580840394842087
Bangladesh,BGD,2025,30.9160155190794,121.920836605034,0.2535745027671743
Bulgaria,BGR,1991,0.001113948588709,0.01778825,0.06262271941922337
Bulgaria,BGR,1992,0.001738008512819,0.0233411666666667,0.07446108147203429
Bulgaria,BGR,1993,0.00256517093262,0.0275935833333333,0.0929625884986547
Bulgaria,BGR,1994,0.0043375670154515,0.0541336666666666,0.08012697610454687
Bulgaria,BGR,1995,0.010021111235076,0.0671708333333333,0.1491884310165772
Bulgaria,BGR,1996,0.0195238496691796,0.177888666666667,0.10975319583323406
Bulgaria,BGR,1997,0.203578195027624,1.68187916666667,0.12104210520134885
Bulgaria,BGR,1998,0.265213695133433,1.76035833333333,0.15065892557865598
Bulgaria,BGR,1999,0.268512865552057,1.83638333333333,0.14621830893262527
Bulgaria,BGR,2000,0.273974845570072,2.123275,0.12903408440737635
Bulgaria,BGR,2001,0.284204694473247,2.18470833333333,0.13008816332000722
Bulgaria,BGR,2002,0.285447673780027,2.076975,0.13743433299872507
Bulgaria,BGR,2003,0.286257136266094,1.73270166666667,0.16520855365528023
Bulgaria,BGR,2004,0.296706186628395,1.57510891666667,0.18837185383744798
Bulgaria,BGR,2005,0.304986062685126,1.57413333333333,0.193748557524856
Bulgaria,BGR,2006,0.316163294142947,1.55926666666667,0.20276409475155824
Bulgaria,BGR,2007,0.335565038605688,1.42905,0.23481686337475105
Bulgaria,BGR,2008,0.346490853973143,1.33711666666667,0.25913285101510125
Bulgaria,BGR,2009,0.354252578589996,1.40669166666667,0.25183385029175676
Bulgaria,BGR,2010,0.346210028538156,1.47739166666667,0.23433869051074602
Bulgaria,BGR,2011,0.358454780608304,1.40645833333333,0.2548634197777904
Bulgaria,BGR,2012,0.35423246168002,1.52205,0.23273378777308237
Bulgaria,BGR,2013,0.347682118678299,1.47356666666667,0.23594597146037838
Bulgaria,BGR,2014,0.33808210223662,1.47418333333333,0.22933518144732387
Bulgaria,BGR,2015,0.347014355931359,1.7644,0.19667555879129392
Bulgaria,BGR,2016,0.340858541489305,1.76804166666667,0.1927887492221456
Bulgaria,BGR,2017,0.345777340570119,1.73545833333333,0.19924266340983102
Bulgaria,BGR,2018,0.34772840119275,1.65704166666667,0.2098489182183606
Bulgaria,BGR,2019,0.345535293716834,1.74704166666667,0.19778308686598775
Bulgaria,BGR,2020,0.345226635301275,1.71633333333333,0.20114195103977997
Bulgaria,BGR,2021,0.35413555036835,1.653775,0.21413768521615698
Bulgaria,BGR,2022,0.366580087781656,1.86014166666667,0.19707105880734282
Bulgaria,BGR,2023,0.377621911406109,1.80896666666667,0.20875006619217693
Bulgaria,BGR,2024,0.387533240879461,1.80784166666667,0.21436237919773227
Bulgaria,BGR,2025,0.405704596599949,1.73519166666667,0.23380967324452048
Bahrain,BHR,1990,0.130577155874319,0.376,0.347279669878508
Bahrain,BHR,1991,0.123927999051973,0.376,0.32959574215950266
Bahrain,BHR,1992,0.116886382872844,0.376,0.3108680395554362
Bahrain,BHR,1993,0.11072507344787,0.375999989166667,0.2944815868034231
Bahrain,BHR,1994,0.116358060535783,0.375999965,0.3094629557632618
Bahrain,BHR,1995,0.115211515660114,0.375999970833333,0.3064136292478146
Bahrain,BHR,1996,0.113362754404065,0.3759999675,0.301496713305075
Bahrain,BHR,1997,0.112479326886398,0.375999965,0.2991471738206093
Bahrain,BHR,1998,0.103379352609701,0.3759999625,0.27494511414931594
Bahrain,BHR,1999,0.104644734460424,0.375999979166667,0.27831047941106085
Bahrain,BHR,2000,0.116982617172684,0.376,0.3111239818422447
Bahrain,BHR,2001,0.11055809699203,0.376,0.2940374920000798
Bahrain,BHR,2002,0.112583396914352,0.376,0.29942392796370215
Bahrain,BHR,2003,0.119901247229771,0.376,0.318886295823859
Bahrain,BHR,2004,0.129594776265618,0.376,0.34466695815323933
Bahrain,BHR,2005,0.142913587188249,0.376,0.3800893276283218
Bahrain,BHR,2006,0.150897208038238,0.376,0.40132236180382447
Bahrain,BHR,2007,0.15931021545746,0.376,0.42369738153579783
Bahrain,BHR,2008,0.17406229252103,0.376,0.46293162904529256
Bahrain,BHR,2009,0.150516384868706,0.376,0.4003095342252819
Bahrain,BHR,2010,0.166564576204837,0.376,0.44299089416180054
Bahrain,BHR,2011,0.178678497672081,0.376,0.47520877040447074
Bahrain,BHR,2012,0.175286383568788,0.376,0.4661871903425213
Bahrain,BHR,2013,0.180218320384915,0.376,0.4793040435769016
Bahrain,BHR,2014,0.183168477622234,0.376,0.4871502064421117
Bahrain,BHR,2015,0.18578421233034,0.376,0.49410694768707447
Bahrain,BHR,2016,0.188678214863324,0.376,0.5018037629343723
Bahrain,BHR,2017,0.185696244239807,0.376,0.4938729899994867
Bahrain,BHR,2018,0.190370857715607,0.376,0.5063054726478909
Bahrain,BHR,2019,0.181090995669365,0.376,0.48162498848235374
Bahrain,BHR,2020,0.171287223696709,0.376,0.4555511268529495
Bahrain,BHR,2021,0.185745358467102,0.376,0.4940036129444202
Bahrain,BHR,2022,0.185784178119927,0.376,0.49410685670193355
Bahrain,BHR,2023,0.171479388100597,0.376,0.45606220239520484
Bahrain,BHR,2024,0.166200043745861,0.376,0.4420213929411197
Bahrain,BHR,2025,0.162039933977081,0.376,0.4309572712156409
"Bahamas, The",BHS,1990,0.981485752947395,1.0,0.981485752947395
"Bahamas, The",BHS,1991,0.973650794912412,1.0,0.973650794912412
"Bahamas, The",BHS,1992,0.989136386194719,1.0,0.989136386194719
"Bahamas, The",BHS,1993,0.958001360765348,1.0,0.958001360765348
"Bahamas, The",BHS,1994,0.958453165440505,1.0,0.958453165440505
"Bahamas, The",BHS,1995,0.946303104139193,1.0,0.946303104139193
"Bahamas, The",BHS,1996,0.938436470001862,1.0,0.938436470001862
"Bahamas, The",BHS,1997,0.940311294133002,1.0,0.940311294133002
"Bahamas, The",BHS,1998,0.958214225900851,1.0,0.958214225900851
"Bahamas, The",BHS,1999,0.991622397074128,1.0,0.991622397074128
"Bahamas, The",BHS,2000,0.978604860482659,1.0,0.978604860482659
"Bahamas, The",BHS,2001,0.960434796885448,1.0,0.960434796885448
"Bahamas, The",BHS,2002,0.983193791481616,1.0,0.983193791481616
"Bahamas, The",BHS,2003,0.975293134846324,1.0,0.975293134846324
"Bahamas, The",BHS,2004,0.961102963670181,1.0,0.961102963670181
"Bahamas, The",BHS,2005,0.979000300684923,1.0,0.979000300684923
"Bahamas, The",BHS,2006,0.957578179719108,1.0,0.957578179719108
"Bahamas, The",BHS,2007,0.959803694096182,1.0,0.959803694096182
"Bahamas, The",BHS,2008,0.955678288193654,1.0,0.955678288193654
"Bahamas, The",BHS,2009,0.939976234386124,1.0,0.939976234386124
"Bahamas, The",BHS,2010,0.92504427155775,1.0,0.92504427155775
"Bahamas, The",BHS,2011,0.89856344461441,1.0,0.89856344461441
"Bahamas, The",BHS,2012,0.919978032159248,1.0,0.919978032159248
"Bahamas, The",BHS,2013,0.912468042625818,1.0,0.912468042625818
"Bahamas, The",BHS,2014,0.918396825378532,1.0,0.918396825378532
"Bahamas, The",BHS,2015,0.955871813530898,1.0,0.955871813530898
"Bahamas, The",BHS,2016,0.94831266986888,1.0,0.94831266986888
"Bahamas, The",BHS,2017,0.929797828197479,1.0,0.929797828197479
"Bahamas, The",BHS,2018,0.926608264446259,1.0,0.926608264446259
"Bahamas, The",BHS,2019,0.931452453136444,1.0,0.931452453136444
"Bahamas, The",BHS,2020,0.962290525436401,1.0,0.962290525436401
"Bahamas, The",BHS,2021,0.977568686008453,1.0,0.977568686008453
"Bahamas, The",BHS,2022,0.950295483058565,1.0,0.950295483058565
"Bahamas, The",BHS,2023,0.977236382694572,1.0,0.977236382694572
"Bahamas, The",BHS,2024,0.956315655509349,1.0,0.956315655509349
Bosnia and Herzegovina,BIH,1997,0.641331758046048,1.73405583333333,0.3698449298562854
Bosnia and Herzegovina,BIH,1998,0.618731507446435,1.75966758333333,0.3516184041274289
Bosnia and Herzegovina,BIH,1999,0.661549564497553,1.83579538489311,0.36036127443259264
Bosnia and Herzegovina,BIH,2000,0.685016018468078,2.12285951185833,0.3226855167012074
Bosnia and Herzegovina,BIH,2001,0.704367387352116,2.1856595833,0.32226765445725664
Bosnia and Herzegovina,BIH,2002,0.715733165300977,2.07817042621667,0.34440542328570056
Bosnia and Herzegovina,BIH,2003,0.716806133690987,1.73293220419167,0.4136377245209906
Bosnia and Herzegovina,BIH,2004,0.714452114374716,1.57515702795,0.4535751685052919
Bosnia and Herzegovina,BIH,2005,0.723433595234307,1.5727220196,0.4599882154751685
Bosnia and Herzegovina,BIH,2006,0.718618945598991,1.55907195605833,0.46092737593447236
Bosnia and Herzegovina,BIH,2007,0.730942909558124,1.429002741625,0.511505603360094
Bosnia and Herzegovina,BIH,2008,0.752853811445115,1.33519568048428,0.5638527913541874
Bosnia and Herzegovina,BIH,2009,0.734836260779835,1.4078912383695,0.5219410709813493
Bosnia and Herzegovina,BIH,2010,0.732453120710421,1.47673956845028,0.49599342792654494
Bosnia and Herzegovina,BIH,2011,0.718162988200595,1.40693658566639,0.5104444617597601
Bosnia and Herzegovina,BIH,2012,0.705942329321625,1.5222099744513,0.46376146600674517
Bosnia and Herzegovina,BIH,2013,0.686156146583249,1.47305132263235,0.4658060014888582
Bosnia and Herzegovina,BIH,2014,0.687206492917369,1.474169186794,0.46616528080599406
Bosnia and Herzegovina,BIH,2015,0.694093424639459,1.76349164694686,0.3935904237715816
Bosnia and Herzegovina,BIH,2016,0.675563228101234,1.76813902429915,0.3820758542270238
Bosnia and Herzegovina,BIH,2017,0.680666262909282,1.73535271327691,0.3922351103044423
Bosnia and Herzegovina,BIH,2018,0.674436029099518,1.65698544113543,0.4070259233161208
Bosnia and Herzegovina,BIH,2019,0.651074505490861,1.74708646136073,0.3726630134743115
Bosnia and Herzegovina,BIH,2020,0.642981102710874,1.71697049519219,0.37448581936109604
Bosnia and Herzegovina,BIH,2021,0.65969527895829,1.65360615435868,0.39894341056933263
Bosnia and Herzegovina,BIH,2022,0.657431308926182,1.85932587706093,0.3535858436851293
Bosnia and Herzegovina,BIH,2023,0.670472360097951,1.80920280030082,0.37058994159553044
Bosnia and Herzegovina,BIH,2024,0.675493641070968,1.80756356165183,0.37370394900728837
Bosnia and Herzegovina,BIH,2025,0.697646964731518,1.73592901689708,0.4018868040921054
Belarus,BLR,1994,4.15197988428672e-05,0.00036411125,0.11403053007251822
Belarus,BLR,1995,0.0003096818958286,0.0011520966666666,0.2687985346964097
Belarus,BLR,1996,0.0004674672192188,0.0013229876666666,0.35334208397923356
Belarus,BLR,1997,0.0007888029970221,0.0026020549583333,0.3031461708738672
Belarus,BLR,1998,0.0013773918203793,0.004612762,0.29860457148651937
Belarus,BLR,1999,0.0056607731862018,0.0249295329166667,0.2270709686027561
Belarus,BLR,2000,0.0157919445435883,0.087675,0.18011912795652468
Belarus,BLR,2001,0.027727659208261,0.139,0.1994795626493597
Belarus,BLR,2002,0.0395608683108802,0.179091666666667,0.22089731502980853
Belarus,BLR,2003,0.0506992845551671,0.205127083333333,0.2471603638646799
Belarus,BLR,2004,0.0605667172668363,0.21602575,0.28036804532254284
Belarus,BLR,2005,0.0698668876297485,0.215382,0.32438591725282756
Belarus,BLR,2006,0.0750618267138262,0.214456416666667,0.35000970304607854
Belarus,BLR,2007,0.0824894594788474,0.214607833333333,0.3843730128467547
Belarus,BLR,2008,0.0980983208969226,0.21363975,0.4591763512966225
Belarus,BLR,2009,0.106523893943319,0.279304921788469,0.3813892474977389
Belarus,BLR,2010,0.11717996114729,0.297851,0.39341805515942535
Belarus,BLR,2011,0.196053221821785,0.497463333333333,0.39410587411156295
Belarus,BLR,2012,0.320005868272162,0.833689833333333,0.3838428339622255
Belarus,BLR,2013,0.373530841732445,0.88800525,0.42064035289481116
Belarus,BLR,2014,0.447961900499018,1.02241025,0.43814300619444885
Belarus,BLR,2015,0.524063800819057,1.59259883333333,0.32906202732937123
Belarus,BLR,2016,0.562285911430173,1.98956283333333,0.2826178203621318
Belarus,BLR,2017,0.607136130332947,1.93234166666667,0.31419709092143605
Belarus,BLR,2018,0.647122502326965,2.03760833333333,0.3175892499754039
Belarus,BLR,2019,0.641350507736206,2.09178333333333,0.30660465523175934
Belarus,BLR,2020,0.641749382019043,2.439575,0.2630578613156156
Belarus,BLR,2021,0.688632726669312,2.538675,0.2712567487643404
Belarus,BLR,2022,0.73860169311713,2.6261,0.2812542146594303
Belarus,BLR,2023,0.769559852957259,3.00735,0.25589301310364904
Belarus,BLR,2024,0.842282411048369,3.24619166666667,0.25946786189407633
Belarus,BLR,2025,0.90876978092131,3.069175,0.2960957849980239
Belize,BLZ,1990,1.33709267283852,2.0,0.66854633641926
Belize,BLZ,1991,1.26273377796822,2.0,0.63136688898411
Belize,BLZ,1992,1.27693015302548,2.0,0.63846507651274
Belize,BLZ,1993,1.27069145363037,2.0,0.635345726815185
Belize,BLZ,1994,1.27676940457103,2.0,0.638384702285515
Belize,BLZ,1995,1.3166661517313,2.0,0.65833307586565
Belize,BLZ,1996,1.32845944560046,2.0,0.66422972280023
Belize,BLZ,1997,1.28614910174783,2.0,0.643074550873915
Belize,BLZ,1998,1.30291622331322,2.0,0.65145811165661
Belize,BLZ,1999,1.26340375207348,2.0,0.63170187603674
Belize,BLZ,2000,1.25309467676478,2.0,0.62654733838239
Belize,BLZ,2001,1.20198791389608,2.0,0.60099395694804
Belize,BLZ,2002,1.19182263827779,2.0,0.595911319138895
Belize,BLZ,2003,1.12089002479695,2.0,0.560445012398475
Belize,BLZ,2004,1.11492965455574,2.0,0.55746482727787
Belize,BLZ,2005,1.11352954072794,2.0,0.55676477036397
Belize,BLZ,2006,1.11502724564441,2.0,0.557513622822205
Belize,BLZ,2007,1.12697393120217,2.0,0.563486965601085
Belize,BLZ,2008,1.14521665525077,2.0,0.572608327625385
Belize,BLZ,2009,1.11013101983537,2.0,0.555065509917685
Belize,BLZ,2010,1.12053858408646,2.0,0.56026929204323
Belize,BLZ,2011,1.15122830867767,2.0,0.575614154338835
Belize,BLZ,2012,1.23238351604957,2.0,0.616191758024785
Belize,BLZ,2013,1.25077793313604,2.0,0.62538896656802
Belize,BLZ,2014,1.29150204825605,2.0,0.645751024128025
Belize,BLZ,2015,1.29049548931782,2.0,0.64524774465891
Belize,BLZ,2016,1.30670152863667,2.0,0.653350764318335
Belize,BLZ,2017,1.3314516544342,2.0,0.6657258272171
Belize,BLZ,2018,1.26605069637299,2.0,0.633025348186495
Belize,BLZ,2019,1.17554986476898,2.0,0.58777493238449
Belize,BLZ,2020,1.08695876598358,2.0,0.54347938299179
Belize,BLZ,2021,1.04862034320831,2.0,0.524310171604155
Belize,BLZ,2022,1.05032723104358,2.0,0.52516361552179
Belize,BLZ,2023,1.08065577806943,2.0,0.540327889034715
Belize,BLZ,2024,1.06926356021066,2.0,0.53463178010533
Belize,BLZ,2025,1.05113051635175,2.0,0.525565258175875
Bermuda,BMU,1990,0.873403381157046,1.0,0.873403381157046
Bermuda,BMU,1991,0.89916047119197,1.0,0.89916047119197
Bermuda,BMU,1992,0.90386403286114,1.0,0.90386403286114
Bermuda,BMU,1993,0.92881561391096,1.0,0.92881561391096
Bermuda,BMU,1994,0.927218433804717,1.0,0.927218433804717
Bermuda,BMU,1995,0.946124631588282,1.0,0.946124631588282
Bermuda,BMU,1996,1.20194645888581,1.0,1.20194645888581
Bermuda,BMU,1997,1.22911615131731,1.0,1.22911615131731
Bermuda,BMU,1998,1.24877840761967,1.0,1.24877840761967
Bermuda,BMU,1999,1.26474971673651,1.0,1.26474971673651
Bermuda,BMU,2000,1.18434273976868,1.0,1.18434273976868
Bermuda,BMU,2001,1.14240338743676,1.0,1.14240338743676
Bermuda,BMU,2002,1.22144545379194,1.0,1.22144545379194
Bermuda,BMU,2003,1.23163181812905,1.0,1.23163181812905
Bermuda,BMU,2004,1.25565604819627,1.0,1.25565604819627
Bermuda,BMU,2005,1.29981316448538,1.0,1.29981316448538
Bermuda,BMU,2006,1.32873082855037,1.0,1.32873082855037
Bermuda,BMU,2007,1.37873985662965,1.0,1.37873985662965
Bermuda,BMU,2008,1.421784825458,1.0,1.421784825458
Bermuda,BMU,2009,1.42781583982663,1.0,1.42781583982663
Bermuda,BMU,2010,1.44221788989475,1.0,1.44221788989475
Bermuda,BMU,2011,1.39679682254791,1.0,1.39679682254791
Bermuda,BMU,2012,1.44923890256807,1.0,1.44923890256807
Bermuda,BMU,2013,1.42204865225408,1.0,1.42204865225408
Bermuda,BMU,2014,1.40246737743196,1.0,1.40246737743196
Bermuda,BMU,2015,1.38070297151496,1.0,1.38070297151496
Bermuda,BMU,2016,1.35237412323767,1.0,1.35237412323767
Bermuda,BMU,2017,1.31113624572754,1.0,1.31113624572754
Bermuda,BMU,2018,1.3166686296463,1.0,1.3166686296463
Bermuda,BMU,2019,1.2727233171463,1.0,1.2727233171463
Bermuda,BMU,2020,1.25638365745544,1.0,1.25638365745544
Bermuda,BMU,2021,1.22146320343018,1.0,1.22146320343018
Bermuda,BMU,2022,1.14355182819509,1.0,1.14355182819509
Bermuda,BMU,2023,1.17047800140108,1.0,1.17047800140108
Bermuda,BMU,2024,1.19812062185577,1.0,1.19812062185577
Bolivia,BOL,1990,0.94828483131822,3.17265,0.2988936161625833
Bolivia,BOL,1991,1.07952365678955,3.58060833333333,0.3014916897611582
Bolivia,BOL,1992,1.19478478533275,3.90051666666667,0.3063144930370974
Bolivia,BOL,1993,1.24365016460759,4.26508333333333,0.2915887140792695
Bolivia,BOL,1994,1.31448103121669,4.62051666666667,0.2844878887029277
Bolivia,BOL,1995,1.43461115483113,4.80034166666667,0.29885605118339753
Bolivia,BOL,1996,1.57196314987869,5.0746125,0.30977008586935256
Bolivia,BOL,1997,1.63347588766446,5.25425833333333,0.3108861011461106
Bolivia,BOL,1998,1.72922023156987,5.51013333333333,0.31382547879722283
Bolivia,BOL,1999,1.74621091967537,5.81240833333333,0.30042812196471125
Bolivia,BOL,2000,1.79624519319061,6.18354166666667,0.2904880875750454
Bolivia,BOL,2001,1.78954172947672,6.60691666666667,0.2708588317006247
Bolivia,BOL,2002,1.81186408863611,7.17,0.25270070971214925
Bolivia,BOL,2003,1.88925510498195,7.65916666666667,0.2466658824913871
Bolivia,BOL,2004,1.98637022806314,7.93626666666666,0.2502902575597856
Bolivia,BOL,2005,2.04040062881635,8.0660625,0.25296117266836826
Bolivia,BOL,2006,2.24981384646937,8.01161666666667,0.2808189582796692
Bolivia,BOL,2007,2.35197938211124,7.85124516125,0.2995676907045889
Bolivia,BOL,2008,2.54706802991956,7.23832069891666,0.35188659578191567
Bolivia,BOL,2009,2.47019598239973,7.02,0.35187976957261113
Bolivia,BOL,2010,2.65475475436301,7.01666666666667,0.37834984622750717
Bolivia,BOL,2011,2.98091197013855,6.9369625,0.42971429788449195
Bolivia,BOL,2012,3.03348120528034,6.91,0.43899872724751665
Bolivia,BOL,2013,3.00953763550479,6.91,0.43553366649852243
Bolivia,BOL,2014,2.98222152129765,6.91,0.4315805385380101
Bolivia,BOL,2015,2.89461967008556,6.91,0.418902991329314
Bolivia,BOL,2016,2.77929957475478,6.91,0.4022141208038756
Bolivia,BOL,2017,2.68458724021912,6.91,0.3885075600895977
Bolivia,BOL,2018,2.70201420783997,6.91,0.3910295525094023
Bolivia,BOL,2019,2.63906097412109,6.91,0.3819190990044993
Bolivia,BOL,2020,2.58266496658325,6.91,0.3737575928485167
Bolivia,BOL,2021,2.473956823349,6.91,0.3580255894861071
Bolivia,BOL,2022,2.36952460555989,6.91,0.3429123886483198
Bolivia,BOL,2023,2.28929736096853,6.91,0.3313020782877757
Bolivia,BOL,2024,2.3689096918025,6.91,0.34282339968198267
Bolivia,BOL,2025,2.76324583616839,6.91,0.39989085906923155
Brazil,BRA,1990,1.15782219426631e-05,2.95572678942699e-05,0.3917216565509326
Brazil,BRA,1991,5.78652431027722e-05,0.000175961443086,0.32885183303759874
Brazil,BRA,1992,0.0006048043396989,0.0019530235224881,0.30967591159803104
Brazil,BRA,1993,0.0123840650910885,0.038276610926673,0.32354131651866497
Brazil,BRA,1994,0.283749422448561,0.664683514070577,0.42689402767168994
Brazil,BRA,1995,0.539108158186117,0.917666666666667,0.5874771066321651
Brazil,BRA,1996,0.627126072194513,1.0051,0.6239439580086688
Brazil,BRA,1997,0.664143975887206,1.07799166666667,0.6160937940650784
Brazil,BRA,1998,0.689104221302282,1.16051666666667,0.5937908873653517
Brazil,BRA,1999,0.733919243603518,1.81393284657213,0.4046011102287706
Brazil,BRA,2000,0.757895423908826,1.82942312207561,0.41428110028965853
Brazil,BRA,2001,0.802170641858437,2.34963170932244,0.3414027137426392
Brazil,BRA,2002,0.867290572565424,2.92036301775519,0.2969803984273464
Brazil,BRA,2003,0.970343048303451,3.07747511847802,0.3153049207375359
Brazil,BRA,2004,1.01818475110591,2.92511944951586,0.34808313598079926
Brazil,BRA,2005,1.06059390836953,2.43439003623188,0.4356713150252585
Brazil,BRA,2006,1.09856354064257,2.17532666666667,0.5050108369819866
Brazil,BRA,2007,1.13845673012808,1.94705833333333,0.5847060206866334
Brazil,BRA,2008,1.21498747297703,1.83376666666667,0.6625638338085694
Brazil,BRA,2009,1.29585280193131,1.99942817314426,0.6481117048048184
Brazil,BRA,2010,1.38813702346287,1.75922671058718,0.78906090676599
Brazil,BRA,2011,1.4732164144516,1.67282875525659,0.8806737747795518
Brazil,BRA,2012,1.60913586532018,1.95306861112487,0.8239013499855481
Brazil,BRA,2013,1.70855542893458,2.15608915126311,0.7924326449737248
Brazil,BRA,2014,1.82485052496386,2.35295196276669,0.7755579178157687
Brazil,BRA,2015,2.00586931129873,3.32690438276879,0.6029236432786689
Brazil,BRA,2016,2.15597159643949,3.49131342157271,0.6175245061408159
Brazil,BRA,2017,2.2096791267395,3.19138944630048,0.6923878028427407
Brazil,BRA,2018,2.19759154319763,3.65382536145755,0.6014495291370432
Brazil,BRA,2019,2.21644520759583,3.9444710972507,0.5619118895663082
Brazil,BRA,2020,2.26491117477417,5.15517878751281,0.4393467749868107
Brazil,BRA,2021,2.37927412986755,5.39440078962503,0.4410636551966202
Brazil,BRA,2022,2.41165555900142,5.16397029102111,0.4670157694738684
Brazil,BRA,2023,2.44559278607045,4.99437976287199,0.4896689683573693
Brazil,BRA,2024,2.48371015372826,5.3889349057096,0.46089073206224085
Brazil,BRA,2025,2.55440835439356,5.58728623856661,0.45718229661505233
Barbados,BRB,1990,1.63577879862184,2.0,0.81788939931092
Barbados,BRB,1991,1.65339692601282,2.0,0.82669846300641
Barbados,BRB,1992,1.65086764756395,2.0,0.825433823781975
Barbados,BRB,1993,1.69642546226098,2.0,0.84821273113049
Barbados,BRB,1994,1.69766527986265,2.0,0.848832639931325
Barbados,BRB,1995,1.67969805116567,2.0,0.839849025582835
Barbados,BRB,1996,1.69137078597246,2.0,0.84568539298623
Barbados,BRB,1997,1.67794365382588,2.0,0.83897182691294
Barbados,BRB,1998,1.80370814484099,2.0,0.901854072420495
Barbados,BRB,1999,1.85739025738052,2.0,0.92869512869026
Barbados,BRB,2000,1.79222263356272,2.0,0.89611131678136
Barbados,BRB,2001,1.79228747250973,2.0,0.896143736254865
Barbados,BRB,2002,1.78088402236651,2.0,0.890442011183255
Barbados,BRB,2003,1.76589213887868,2.0,0.88294606943934
Barbados,BRB,2004,1.8198729152862,2.0,0.9099364576431
Barbados,BRB,2005,1.88220146640531,2.0,0.941100733202655
Barbados,BRB,2006,1.90068924201435,2.0,0.950344621007175
Barbados,BRB,2007,2.00992743808385,2.0,1.004963719041925
Barbados,BRB,2008,2.00756557021579,2.0,1.003782785107895
Barbados,BRB,2009,1.9587518401057,2.0,0.97937592005285
Barbados,BRB,2010,2.00923712144201,2.0,1.004618560721005
Barbados,BRB,2011,2.01888704299927,2.0,1.009443521499635
Barbados,BRB,2012,2.12232563534746,2.0,1.06116281767373
Barbados,BRB,2013,2.1447779998279,2.0,1.07238899991395
Barbados,BRB,2014,2.17185445575247,2.0,1.085927227876235
Barbados,BRB,2015,2.12912761290443,2.0,1.064563806452215
Barbados,BRB,2016,2.11681498966242,2.0,1.05840749483121
Barbados,BRB,2017,2.20044374465942,2.0,1.10022187232971
Barbados,BRB,2018,2.16222667694092,2.0,1.08111333847046
Barbados,BRB,2019,2.1943838596344,2.0,1.0971919298172
Barbados,BRB,2020,2.31882476806641,2.0,1.159412384033205
Barbados,BRB,2021,2.38420343399048,2.0,1.19210171699524
Barbados,BRB,2022,2.22239316630984,2.0,1.11119658315492
Barbados,BRB,2023,2.20778988896636,2.0,1.10389494448318
Barbados,BRB,2024,2.19214431755276,2.0,1.09607215877638
Barbados,BRB,2025,2.19085217304192,2.0,1.09542608652096
Brunei Darussalam,BRN,1990,0.610851171103445,1.81253333333333,0.33701513780166586
Brunei Darussalam,BRN,1991,0.569400423541882,1.72755,0.32959996731896735
Brunei Darussalam,BRN,1992,0.545601880919939,1.62896666666667,0.3349374128301814
Brunei Darussalam,BRN,1993,0.521550960094792,1.61579083333333,0.32278371020266733
Brunei Darussalam,BRN,1994,0.498357639495867,1.52744416666667,0.32626897294938717
Brunei Darussalam,BRN,1995,0.532084027289739,1.417375,0.37540102463338143
Brunei Darussalam,BRN,1996,0.517473594348674,1.41004083333333,0.36699192116682805
Brunei Darussalam,BRN,1997,0.512241123165646,1.48480583333333,0.34498862522359913
Brunei Darussalam,BRN,1998,0.435687224254646,1.67360166666667,0.26032910514627344
Brunei Darussalam,BRN,1999,0.474312064940664,1.69495666666667,0.2798372809574265
Brunei Darussalam,BRN,2000,0.474829327040094,1.72396333333333,0.2754289014500086
Brunei Darussalam,BRN,2001,0.44127956515254,1.7917225,0.2462878962297677
Brunei Darussalam,BRN,2002,0.43393875674222,1.79058833333333,0.24234423326907684
Brunei Darussalam,BRN,2003,0.45238858924303,1.74218333333333,0.25966761395740834
Brunei Darussalam,BRN,2004,0.513416282781626,1.69022833333333,0.3037555770758549
Brunei Darussalam,BRN,2005,0.599876338253036,1.6643975,0.36041651003022773
Brunei Darussalam,BRN,2006,0.639799772145151,1.58893333333333,0.40265992205157697
Brunei Darussalam,BRN,2007,0.652181179843816,1.50710166666667,0.43273867600868415
Brunei Darussalam,BRN,2008,0.742362440971147,1.41716666666667,0.5238356633925522
Brunei Darussalam,BRN,2009,0.577416893910284,1.4545692733233,0.39696761405597514
Brunei Darussalam,BRN,2010,0.598894488397046,1.36350947368421,0.4392301630137045
Brunei Darussalam,BRN,2011,0.70520681142807,1.25791302014692,0.5606165133307104
Brunei Darussalam,BRN,2012,0.672622863568453,1.24956701649958,0.5382847455854555
Brunei Darussalam,BRN,2013,0.661425097248016,1.25116566976059,0.5286470954518593
Brunei Darussalam,BRN,2014,0.639973852632925,1.2670401230814,0.5050935964652246
Brunei Darussalam,BRN,2015,0.671476413971766,1.37491084459887,0.48837814947024377
Brunei Darussalam,BRN,2016,0.649816136215978,1.38134687688286,0.4704221271939671
Brunei Darussalam,BRN,2017,0.627636611461639,1.38089116405281,0.4545156257062095
Brunei Darussalam,BRN,2018,0.641614973545074,1.34891856542537,0.47565137732591456
Brunei Darussalam,BRN,2019,0.598504781723022,1.36421851405475,0.43871621412330597
Brunei Darussalam,BRN,2020,0.530513346195221,1.37970342971399,0.38451259507646174
Brunei Darussalam,BRN,2021,0.532498598098755,1.34380696297339,0.3962612285625577
Brunei Darussalam,BRN,2022,0.617629885034512,1.37895639652216,0.44789660252653724
Brunei Darussalam,BRN,2023,0.519074549641412,1.34307960114934,0.3864808528081389
Brunei Darussalam,BRN,2024,0.492102974111551,1.33603327650724,0.36833137524691306
Brunei Darussalam,BRN,2025,0.456019597784343,1.307595108858,0.3487467907268419
Bhutan,BTN,1990,5.66474521043314,17.5035,0.3236349993106031
Bhutan,BTN,1991,5.96937325165765,22.7424333333333,0.26247733319320826
Bhutan,BTN,1992,6.35716712801327,25.9180833333333,0.24527921475726194
Bhutan,BTN,1993,6.73865344723762,30.4932916666667,0.22098806258439724
Bhutan,BTN,1994,7.41202638420718,31.3737425,0.2362493535543992
Bhutan,BTN,1995,7.86124126668544,32.4270766666667,0.24242830605715301
Bhutan,BTN,1996,8.34619571093917,35.4331733333333,0.23554750889578369
Bhutan,BTN,1997,9.26368137984263,36.3132858333333,0.2551044656867475
Bhutan,BTN,1998,10.1405829583026,41.259365,0.24577651542389467
Bhutan,BTN,1999,10.6160555961131,43.0554283333334,0.24656718112113582
Bhutan,BTN,2000,11.143924859537,44.941605,0.24796454998741144
Bhutan,BTN,2001,11.4802141494863,47.1864141666667,0.24329490494736772
Bhutan,BTN,2002,11.8884435724604,48.6103191666667,0.24456625210995528
Bhutan,BTN,2003,12.0808040967664,46.5832841666667,0.2593377498577265
Bhutan,BTN,2004,12.2757167525758,45.3164666666666,0.2708886560567936
Bhutan,BTN,2005,12.6737069645616,44.099975,0.2873858083720365
Bhutan,BTN,2006,13.1029454490347,45.3070083333333,0.2892035014237431
Bhutan,BTN,2007,13.3554024696545,41.3485333333333,0.32299579677927737
Bhutan,BTN,2008,13.8375216109326,43.5051833333333,0.3180660452551273
Bhutan,BTN,2009,14.3611306416385,48.4052666666666,0.2966852913038083
Bhutan,BTN,2010,15.3701847843215,45.7258121212121,0.3361380382611358
Bhutan,BTN,2011,16.3968048095703,46.6704666666667,0.351331494640514
Bhutan,BTN,2012,17.1400516003125,53.4372333333333,0.32075110426087133
Bhutan,BTN,2013,18.1194232386187,58.5978454166667,0.309216543881067
Bhutan,BTN,2014,18.6523909843043,61.0295144607843,0.3056290247285149
Bhutan,BTN,2015,18.5540349498169,64.1519444632786,0.2892201492105585
Bhutan,BTN,2016,18.7895935012333,67.1953128073894,0.27962655007042436
Bhutan,BTN,2017,19.1576099395752,65.1215686450659,0.29418225540589343
Bhutan,BTN,2018,19.4274578094482,68.3894670935422,0.2840709049958758
Bhutan,BTN,2019,19.5122108459473,70.4203405359551,0.2770820291047128
Bhutan,BTN,2020,18.9579467773438,74.0995668836052,0.25584423195243144
Bhutan,BTN,2021,19.6103916168213,73.9180128154351,0.26529922639812065
Bhutan,BTN,2022,19.369153778128,78.6044905829916,0.24641281477014096
Bhutan,BTN,2023,19.5005312048098,82.5992764460784,0.23608598094124872
Bhutan,BTN,2024,19.9161085202988,83.669281580941,0.23803369819821044
Bhutan,BTN,2025,19.9848946493305,87.1584483507393,0.2292938324109229
Botswana,BWA,1990,0.865828972401491,1.86046583333333,0.46538289329947885
Botswana,BWA,1991,0.88086973280117,2.02155666666667,0.4357383333971189
Botswana,BWA,1992,0.91842361181906,2.109725,0.4353285910813305
Botswana,BWA,1993,1.01436906407738,2.423075,0.41862883488021624
Botswana,BWA,1994,1.0871540746226,2.6846455,0.4049525624975812
Botswana,BWA,1995,1.14101952911537,2.77220666666667,0.4115925204405282
Botswana,BWA,1996,1.30104377743559,3.32419666666667,0.3913859220429965
Botswana,BWA,1997,1.34281758810683,3.65076333333333,0.36781830688563705
Botswana,BWA,1998,1.46024862154991,4.22588,0.34554900317801496
Botswana,BWA,1999,1.64484193010645,4.62439525,0.35568800701160874
Botswana,BWA,2000,1.83633535593967,5.10224166666667,0.35990756140317454
Botswana,BWA,2001,1.94518711812353,5.84141666666667,0.33299920706281794
Botswana,BWA,2002,1.93816472378534,6.32779166666667,0.30629401628298536
Botswana,BWA,2003,1.96258357131938,4.94966666666667,0.39650823045040984
Botswana,BWA,2004,2.10381479868903,4.69383333333333,0.4482082445809817
Botswana,BWA,2005,2.35545658040182,5.11675,0.46034232284200327
Botswana,BWA,2006,2.4557515678525,5.8303,0.4212050096654546
Botswana,BWA,2007,2.53513044704966,6.13940833333333,0.4129274857457211
Botswana,BWA,2008,2.72032855141446,6.82685833333333,0.39847444001173715
Botswana,BWA,2009,3.1121460730955,7.15514166666667,0.4349524045895432
Botswana,BWA,2010,3.31109057548552,6.793625,0.48738200526015496
Botswana,BWA,2011,3.65465807914734,6.83823333333333,0.534444775572737
Botswana,BWA,2012,3.95658512784439,7.640525,0.5178420498387729
Botswana,BWA,2013,4.11087054651643,8.39890833333333,0.48945296023786006
Botswana,BWA,2014,4.26111911097054,8.97608333333333,0.47471920131874984
Botswana,BWA,2015,4.39801690629992,10.1289916666667,0.4342008613525932
Botswana,BWA,2016,4.53364620382533,10.9011583333333,0.4158866484823412
Botswana,BWA,2017,4.68247842788696,10.3474166666667,0.4525263240796281
Botswana,BWA,2018,4.78663778305054,10.199975,0.46927936421908284
Botswana,BWA,2019,4.83345651626587,10.7558666666667,0.44937861969274334
Botswana,BWA,2020,4.73711633682251,11.4562416666667,0.41349654403727476
Botswana,BWA,2021,4.81988048553467,11.0872583333333,0.4347224841910587
Botswana,BWA,2022,5.15760054333812,12.3688083333333,0.4169844340977176
Botswana,BWA,2023,5.06067038467414,13.5963833333333,0.37220709806461905
Botswana,BWA,2024,5.03362466866926,13.5631333333333,0.37112550212113765
Botswana,BWA,2025,5.07409138676734,13.5023833333333,0.37579227766707995
Central African Republic,CAF,1990,220.156772507555,272.264787954393,0.8086127264625692
Central African Republic,CAF,1991,212.124903062226,282.10690880882,0.7519309043437151
Central African Republic,CAF,1992,213.169761952369,264.691800750579,0.8053508319785108
Central African Republic,CAF,1993,201.085227623362,283.162579500018,0.7101405417990593
Central African Republic,CAF,1994,244.945232207643,555.204695655697,0.4411800442688305
Central African Republic,CAF,1995,263.661687914854,499.14842590131,0.5282230179104768
Central African Republic,CAF,1996,249.747740620028,511.552430272516,0.48821533403131623
Central African Republic,CAF,1997,247.535495265465,583.669372353396,0.424102252046196
Central African Republic,CAF,1998,243.77066222061,589.951774567332,0.4132043884424118
Central African Republic,CAF,1999,250.187600188594,615.473349319164,0.4064962365394883
Central African Republic,CAF,2000,265.456943410817,710.207977031367,0.3737735311287455
Central African Republic,CAF,2001,260.717086821796,732.397693260228,0.35597748220809955
Central African Republic,CAF,2002,250.638280460309,693.713226496374,0.361299555619211
Central African Republic,CAF,2003,249.070423143313,579.897426172466,0.4295077230938382
Central African Republic,CAF,2004,231.779476355897,527.338032291576,0.43952732813274764
Central African Republic,CAF,2005,234.145876340015,527.258362649626,0.4440818637059907
Central African Republic,CAF,2006,234.714204555633,522.425624895176,0.4492777409276738
Central African Republic,CAF,2007,232.723708541198,478.633718476363,0.4862250601191
Central African Republic,CAF,2008,244.483247540606,446.000041432788,0.5481686655346409
Central African Republic,CAF,2009,244.713712747197,470.293423341398,0.520342621439452
Central African Republic,CAF,2010,251.957359885892,494.794262222947,0.5092164140180828
Central African Republic,CAF,2011,256.761352539063,471.248625718937,0.5448532654017778
Central African Republic,CAF,2012,261.701440157196,510.556338454251,0.5125809248583956
Central African Republic,CAF,2013,253.518099981081,493.899623852237,0.513298831863309
Central African Republic,CAF,2014,289.523862798561,493.757329875312,0.5863687388127973
Central African Republic,CAF,2015,281.678445462478,591.21169798261,0.47644261171361896
Central African Republic,CAF,2016,277.77130437401,592.605615063022,0.4687287756199708
Central African Republic,CAF,2017,284.033508300781,580.656749587858,0.48915905739902965
Central African Republic,CAF,2018,279.155090332031,555.446458398226,0.5025778562654755
Central African Republic,CAF,2019,267.258697509766,585.911013180369,0.45614212994404346
Central African Republic,CAF,2020,249.863265991211,575.586004510945,0.4341024000462119
Central African Republic,CAF,2021,241.880676269531,554.530675033104,0.43618989383245815
Central African Republic,CAF,2022,239.410836307084,623.759700911182,0.38381901869799384
Central African Republic,CAF,2023,239.121299090532,606.569750165917,0.39421896496672376
Central African Republic,CAF,2024,247.420911394064,606.345297609063,0.4080528246358842
Central African Republic,CAF,2025,246.31590787299,581.92848104034,0.42327522349935487
Canada,CAN,1990,1.241789,1.16677362666667,1.0642929970465993
Canada,CAN,1991,1.237884,1.14572584416667,1.0804364816439662
Canada,CAN,1992,1.228105,1.20872292,1.0160351720640823
Canada,CAN,1993,1.215133,1.29008788166667,0.9418993986907035
Canada,CAN,1994,1.207048,1.3656734475,0.8838481865555929
Canada,CAN,1995,1.209018,1.37244541833333,0.8809224642741764
Canada,CAN,1996,1.207172,1.36352163583333,0.8853339531075535
Canada,CAN,1997,1.200327,1.38459802833333,0.8669137001768369
Canada,CAN,1998,1.184866,1.48350530166667,0.7986934719200811
Canada,CAN,1999,1.19081,1.48570481916667,0.8015118377740228
Canada,CAN,2000,1.228197,1.485394095,0.8268492544397789
Canada,CAN,2001,1.220053,1.548839955,0.7877205104771461
Canada,CAN,2002,1.229333,1.57034283416667,0.7828437034594213
Canada,CAN,2003,1.225777,1.4010145475,0.8749209650872665
Canada,CAN,2004,1.232603,1.301281595,0.9472223419866319
Canada,CAN,2005,1.213644,1.21140513416667,1.001848156137187
Canada,CAN,2006,1.205262,1.13434472583333,1.0625182738118448
Canada,CAN,2007,1.212177,1.07404562166667,1.1286084832402017
Canada,CAN,2008,1.23439,1.06708691833333,1.1567848680292874
Canada,CAN,2009,1.202269,1.1415354059127,1.0532034256429752
Canada,CAN,2010,1.221672,1.03011273517598,1.1859595151896603
Canada,CAN,2011,1.239904,0.989258158636364,1.253367474582304
Canada,CAN,2012,1.244607,0.999364743593074,1.2453981471521522
Canada,CAN,2013,1.224,1.03013736373016,1.1881910540239577
Canada,CAN,2014,1.230358,1.10474713237886,1.1137010126024598
Canada,CAN,2015,1.248042,1.27878620362554,0.9759582926853796
Canada,CAN,2016,1.207045,1.3256151637482,0.9105546111792046
Canada,CAN,2017,1.212304,1.29793584646039,0.9340245924373557
Canada,CAN,2018,1.206524,1.29581792813534,0.9310906831920188
Canada,CAN,2019,1.21786,1.32679336266012,0.9178972659000065
Canada,CAN,2020,1.201689,1.34115267222386,0.8960120834024023
Canada,CAN,2021,1.163492,1.2538769021268,0.9279156494760443
Canada,CAN,2022,1.145083,1.30155477474355,0.8797808760876927
Canada,CAN,2023,1.139727,1.3499086407939,0.8442993589030667
Canada,CAN,2024,1.150472,1.36935976604092,0.8401532077477591
Canada,CAN,2025,1.166683,1.39810565893901,0.8344741275744272
Switzerland,CHE,1990,1.932927,1.38915833333333,1.3914375011247853
Switzerland,CHE,1991,1.970833,1.43399166666667,1.3743685167858917
Switzerland,CHE,1992,1.96786,1.40621833333333,1.3993986234949323
Switzerland,CHE,1993,1.966931,1.47761666666667,1.3311510653417074
Switzerland,CHE,1994,1.948616,1.3676925,1.4247471562503997
Switzerland,CHE,1995,1.922675,1.18246916666667,1.625983200407617
Switzerland,CHE,1996,1.887199,1.23601,1.5268476792258963
Switzerland,CHE,1997,1.844032,1.4513125,1.2705960983592437
Switzerland,CHE,1998,1.827602,1.44981330833333,1.260577475386101
Switzerland,CHE,1999,1.802836,1.502155,1.2001664275657307
Switzerland,CHE,2000,1.78866,1.6888425,1.059104090523539
Switzerland,CHE,2001,1.768621,1.687615,1.0480002844250613
Switzerland,CHE,2002,1.70976,1.5586075,1.0969791945695115
Switzerland,CHE,2003,1.715154,1.34665083333333,1.2736441826976959
Switzerland,CHE,2004,1.691758,1.24349583333333,1.3604854593401035
Switzerland,CHE,2005,1.686548,1.24517666666667,1.3544648282840686
Switzerland,CHE,2006,1.598858,1.25384333333333,1.2751656905567714
Switzerland,CHE,2007,1.531784,1.20036583333333,1.2760976341240449
Switzerland,CHE,2008,1.493049,1.08309,1.378508711187436
Switzerland,CHE,2009,1.470105,1.08814169630268,1.35102349721104
Switzerland,CHE,2010,1.466316,1.04290564573352,1.4059910462644754
Switzerland,CHE,2011,1.397498,0.888042028223281,1.5736845279676628
Switzerland,CHE,2012,1.354072,0.937684480709349,1.4440593055093094
Switzerland,CHE,2013,1.312477,0.926903547758285,1.4159801234704774
Switzerland,CHE,2014,1.281761,0.916151047283613,1.3990716965291041
Switzerland,CHE,2015,1.235456,0.962381328004354,1.2837489299193994
Switzerland,CHE,2016,1.201964,0.985394394244835,1.2197796202414313
Switzerland,CHE,2017,1.187726,0.984691666666667,1.2061907703765136
Switzerland,CHE,2018,1.178866,0.977891666666667,1.2055179936427853
Switzerland,CHE,2019,1.133809,0.993709166666667,1.1409867575271433
Switzerland,CHE,2020,1.104751,0.938965,1.1765624916796686
Switzerland,CHE,2021,1.056712,0.913845833333333,1.1563350856955272
Switzerland,CHE,2022,0.986913,0.9548325,1.0335980394467092
Switzerland,CHE,2023,0.999013,0.89849,1.1118799318857193
Switzerland,CHE,2024,0.972889,0.880440833333333,1.105002134347472
Switzerland,CHE,2025,0.930746,0.831355833333334,1.1195518966507514
Chile,CHL,1990,170.542989,304.903333333333,0.5593346164358108
Chile,CHL,1991,199.967239,349.215833333333,0.5726179053546164
Chile,CHL,1992,218.526017,362.575833333333,0.6027043087538015
Chile,CHL,1993,236.178634,404.165833333333,0.5843607116715709
Chile,CHL,1994,260.379019,420.176666666667,0.6196893822439763
Chile,CHL,1995,278.809422,396.773333333333,0.7026919366220853
Chile,CHL,1996,278.469518,412.266666666667,0.6754596976067265
Chile,CHL,1997,282.866287,419.295,0.6746235633623106
Chile,CHL,1998,281.901592,460.2875,0.6124467685957146
Chile,CHL,1999,284.049363,508.776666666667,0.5582987224256875
Chile,CHL,2000,290.423477,539.5875,0.5382324034563439
Chile,CHL,2001,296.176351,634.938333333334,0.46646475012009
Chile,CHL,2002,301.387054,688.936666666667,0.4374669959986644
Chile,CHL,2003,308.261553,691.3975,0.4458528603299838
Chile,CHL,2004,321.276779,609.529166666667,0.5270900829191927
Chile,CHL,2005,333.69,559.7675,0.5961224972868199
Chile,CHL,2006,318.574722,530.275,0.6007726594691434
Chile,CHL,2007,323.878962,522.464166666667,0.6199065556330016
Chile,CHL,2008,340.400833,522.461035833334,0.6515334343680864
Chile,CHL,2009,354.325885,560.85989484127,0.6317547185296222
Chile,CHL,2010,359.83702,510.249166666667,0.7052182414147332
Chile,CHL,2011,348.016847,483.6675,0.7195373826027177
Chile,CHL,2012,347.228507,486.471303391053,0.7137697631485534
Chile,CHL,2013,349.680536,495.272877645503,0.7060361101588278
Chile,CHL,2014,367.213907,570.34821612744,0.6438415981964759
Chile,CHL,2015,391.178861,654.124084254196,0.5980193520102616
Chile,CHL,2016,397.250703,676.957736044657,0.5868175837993443
Chile,CHL,2017,397.689401,648.833792598261,0.6129295445717293
Chile,CHL,2018,396.229413,641.276813066395,0.6178757830106921
Chile,CHL,2019,397.674408,702.897422561529,0.5657644988237087
Chile,CHL,2020,409.841785,792.727206103169,0.517002295171211
Chile,CHL,2021,423.013786,758.955378658977,0.5573631835213249
Chile,CHL,2022,434.952253,873.314189543014,0.4980478483094393
Chile,CHL,2023,432.562121,840.066526651499,0.5149141255802567
Chile,CHL,2024,435.778953,943.572167421488,0.4618395582723247
Chile,CHL,2025,453.188563,951.329454191033,0.476373942805514
China,CHN,1990,1.68138031325695,4.78320833333333,0.3515172654177969
China,CHN,1991,1.73555725318461,5.32339166666667,0.3260247154181984
China,CHN,1992,1.83606687362384,5.51459166666667,0.332947022119892
China,CHN,1993,2.06595316265907,5.76195833333334,0.3585505210454896
China,CHN,1994,2.44005654538894,8.61874266666666,0.2831104999602736
China,CHN,1995,2.71619403070758,8.35141666666667,0.3252375182702629
China,CHN,1996,2.84097018645773,8.314175,0.34170199526203504
China,CHN,1997,2.83883076081784,8.28981666666667,0.34244795451662646
China,CHN,1998,2.78400826799875,8.27895833333333,0.336275187759984
China,CHN,1999,2.71157273349344,8.27825,0.3275538590273838
China,CHN,2000,2.7075074692589,8.27850416666666,0.32705273981266564
China,CHN,2001,2.70617279812984,8.27706833333333,0.3269482247997841
China,CHN,2002,2.68206917193165,8.2769575,0.3240404667937041
China,CHN,2003,2.69975552975113,8.27703666666667,0.3261741657643733
China,CHN,2004,2.81260365367291,8.27680083333333,0.3398177279252213
China,CHN,2005,2.8294478920532,8.19431666666667,0.3452939405628534
China,CHN,2006,2.85511340501385,7.97343833333333,0.35807806941679293
China,CHN,2007,2.99976477213936,7.6075325,0.39431507813333166
China,CHN,2008,3.17432717767417,6.948655,0.4568261307654748
China,CHN,2009,3.15218463239564,6.83141605176666,0.46142477760236245
China,CHN,2010,3.33024995137699,6.77026902870939,0.49189329659649167
China,CHN,2011,3.5244677066803,6.46146132655007,0.5454598470160771
China,CHN,2012,3.54027676875805,6.31233282683186,0.5608507767064151
China,CHN,2013,3.62119296067598,6.19575834608231,0.5844632341036551
China,CHN,2014,3.69370698094559,6.14343409448867,0.6012446661158533
China,CHN,2015,3.78151493601969,6.22748867298455,0.6072295165183147
China,CHN,2016,3.87428963630967,6.6444778294468,0.5830841393043269
China,CHN,2017,4.04005241394043,6.75875508633597,0.5977509707531964
China,CHN,2018,4.0940899848938,6.61595717735439,0.6188205085285872
China,CHN,2019,4.05960941314697,6.90838500992901,0.5876350850904134
China,CHN,2020,4.01465654373169,6.90076726944925,0.5817695898114384
China,CHN,2021,3.98740887641907,6.44897518024316,0.6183011664604862
China,CHN,2022,3.79465455813661,6.73715811237119,0.5632426157801802
China,CHN,2023,3.64070923693376,7.08399842343631,0.5139342246165722
China,CHN,2024,3.52537888953537,7.19749110789917,0.48980663354572324
China,CHN,2025,3.39768588417447,7.18984737402171,0.472567178053175
Cote d'Ivoire,CIV,1990,133.16279093829,272.264787954393,0.48909295961031896
Cote d'Ivoire,CIV,1991,129.661407603539,282.10690880882,0.4596179801162147
Cote d'Ivoire,CIV,1992,126.742229222607,264.691800750579,0.478829449432161
Cote d'Ivoire,CIV,1993,131.426946699943,283.162579500018,0.46413953048458734
Cote d'Ivoire,CIV,1994,188.368696030215,555.204695655697,0.33927792308700033
Cote d'Ivoire,CIV,1995,204.876124852821,499.14842590131,0.4104513091128698
Cote d'Ivoire,CIV,1996,211.218364480379,511.552430272516,0.4128968058422829
Cote d'Ivoire,CIV,1997,215.780220539088,583.669372353396,0.3696959798816356
Cote d'Ivoire,CIV,1998,224.877757039606,589.951774567332,0.3811798976357523
Cote d'Ivoire,CIV,1999,220.019413113521,615.473349319164,0.3574800003231761
Cote d'Ivoire,CIV,2000,218.590461369312,710.207977031367,0.30778373158100664
Cote d'Ivoire,CIV,2001,228.476099963493,732.397693260228,0.31195633474273277
Cote d'Ivoire,CIV,2002,235.288813107143,693.713226496374,0.3391730244145386
Cote d'Ivoire,CIV,2003,238.297129111551,579.897426172466,0.4109297926779892
Cote d'Ivoire,CIV,2004,226.247701127679,527.338032291576,0.4290373295180462
Cote d'Ivoire,CIV,2005,222.224137544355,527.258362649626,0.42147105344638697
Cote d'Ivoire,CIV,2006,218.506961758529,522.425624895176,0.41825467845757397
Cote d'Ivoire,CIV,2007,219.313877489216,478.633718476363,0.45820816424584315
Cote d'Ivoire,CIV,2008,226.729055544724,446.000041432788,0.5083610638607798
Cote d'Ivoire,CIV,2009,228.06080705609,470.293423341398,0.48493301359762975
Cote d'Ivoire,CIV,2010,228.738872839426,494.794262222947,0.46229087583145745
Cote d'Ivoire,CIV,2011,236.910583496094,471.248625718937,0.5027294947219489
Cote d'Ivoire,CIV,2012,240.008982097851,510.556338454251,0.47009304168957505
Cote d'Ivoire,CIV,2013,243.763112885742,493.899623852237,0.4935478812161843
Cote d'Ivoire,CIV,2014,241.335175375635,493.757329875312,0.4887728460387193
Cote d'Ivoire,CIV,2015,243.635291074975,591.21169798261,0.4120948416723333
Cote d'Ivoire,CIV,2016,243.626233914782,592.605615063022,0.4111102354115781
Cote d'Ivoire,CIV,2017,243.185577392578,580.656749587858,0.41881124703224015
Cote d'Ivoire,CIV,2018,239.319000244141,555.446458398226,0.43085881028799683
Cote d'Ivoire,CIV,2019,227.483108520508,585.911013180369,0.3882553893051312
Cote d'Ivoire,CIV,2020,226.308700561523,575.586004510945,0.39317964437618574
Cote d'Ivoire,CIV,2021,225.288803100586,554.530675033104,0.4062693251137764
Cote d'Ivoire,CIV,2022,216.639012486547,623.759700911182,0.34731165250028634
Cote d'Ivoire,CIV,2023,217.061473748726,606.569750165917,0.35785080559878313
Cote d'Ivoire,CIV,2024,215.360126120377,606.345297609063,0.355177366707689
Cote d'Ivoire,CIV,2025,216.221332210196,581.92848104034,0.3715599755895214
Cameroon,CMR,1990,164.477217341973,272.264787954393,0.604107562265909
Cameroon,CMR,1991,164.774572891231,282.10690880882,0.5840855638274938
Cameroon,CMR,1992,159.044894403427,264.691800750579,0.6008682322324603
Cameroon,CMR,1993,217.196861749045,283.162579500018,0.7670394235444207
Cameroon,CMR,1994,233.111069052393,555.204695655697,0.41986508917596366
Cameroon,CMR,1995,239.723563322862,499.14842590131,0.4802650892667732
Cameroon,CMR,1996,236.380205169378,511.552430272516,0.46208402341760496
Cameroon,CMR,1997,246.696088715043,583.669372353396,0.42266409786134057
Cameroon,CMR,1998,246.554605578655,589.951774567332,0.41792332222320555
Cameroon,CMR,1999,240.39198734521,615.473349319164,0.3905806605779623
Cameroon,CMR,2000,238.667458231356,710.207977031367,0.336052911189443
Cameroon,CMR,2001,239.175523228313,732.397693260228,0.32656509629848274
Cameroon,CMR,2002,242.049987161334,693.713226496374,0.3489193775125451
Cameroon,CMR,2003,241.999190721877,579.897426172466,0.41731378654180223
Cameroon,CMR,2004,235.990752095368,527.338032291576,0.44751324130720743
Cameroon,CMR,2005,231.921682643054,527.258362649626,0.43986345039191105
Cameroon,CMR,2006,230.157447626094,522.425624895176,0.4405554334595949
Cameroon,CMR,2007,225.185978494021,478.633718476363,0.47047662920793915
Cameroon,CMR,2008,231.844405997534,446.000041432788,0.519830458429392
Cameroon,CMR,2009,238.726535134827,470.293423341398,0.5076118935253094
Cameroon,CMR,2010,237.483317194075,494.794262222947,0.47996376539845265
Cameroon,CMR,2011,238.707077026367,471.248625718937,0.5065416937019083
Cameroon,CMR,2012,241.808186611456,510.556338454251,0.47361704947890587
Cameroon,CMR,2013,240.315622778342,493.899623852237,0.48656773800305364
Cameroon,CMR,2014,237.978546205408,493.757329875312,0.4819747106650639
Cameroon,CMR,2015,239.178321644092,591.21169798261,0.40455613862215434
Cameroon,CMR,2016,235.558761961864,592.605615063022,0.39749667565470664
Cameroon,CMR,2017,230.585388183594,580.656749587858,0.3971113542506141
Cameroon,CMR,2018,223.165771484375,555.446458398226,0.4017772876398049
Cameroon,CMR,2019,214.872512817383,585.911013180369,0.3667323330398568
Cameroon,CMR,2020,205.106994628906,575.586004510945,0.35634465226995593
Cameroon,CMR,2021,193.458953857422,554.530675033104,0.3488697065241215
Cameroon,CMR,2022,192.950622210837,623.759700911182,0.3093348639371486
Cameroon,CMR,2023,192.713580718878,606.569750165917,0.317710503476582
Cameroon,CMR,2024,198.248434490013,606.345297609063,0.32695633209615876
Cameroon,CMR,2025,198.309241557697,581.92848104034,0.3407794050622347
"Congo, Dem. Rep.",COD,1990,6.84282020800285e-10,2.3947483333333303e-09,0.2857427694073431
"Congo, Dem. Rep.",COD,1991,1.61400467509849e-08,5.19456941666667e-08,0.3107100022419546
"Congo, Dem. Rep.",COD,1992,6.24164697994877e-07,2.1513626025e-06,0.29012528955814504
"Congo, Dem. Rep.",COD,1993,1.07165610065929e-05,2.514416814e-05,0.42620463508373996
"Congo, Dem. Rep.",COD,1994,0.0028189068352838,0.0119411916666667,0.23606578924217855
"Congo, Dem. Rep.",COD,1995,0.0156386029608339,0.0702447166666667,0.22263030876818812
"Congo, Dem. Rep.",COD,1996,0.113366937630353,0.501849175,0.22589842382495298
"Congo, Dem. Rep.",COD,1997,0.326136171155569,1.3134476,0.2483054300419514
"Congo, Dem. Rep.",COD,1998,0.409381280847714,1.60665988306526,0.2548027029010505
"Congo, Dem. Rep.",COD,1999,2.18749220111905,4.0183333322314,0.544377984666674
"Congo, Dem. Rep.",COD,2000,58.39838322539,21.8183333273501,2.6765739779117514
"Congo, Dem. Rep.",COD,2001,98.8385360899694,206.61749994334,0.4783647857372853
"Congo, Dem. Rep.",COD,2002,128.197406385785,346.484999904984,0.3699941019696101
"Congo, Dem. Rep.",COD,2003,142.580678547145,405.17818323067,0.35189623836674616
"Congo, Dem. Rep.",COD,2004,147.685207524311,399.475791666667,0.3696975151063556
"Congo, Dem. Rep.",COD,2005,195.996394927524,473.908008333333,0.4135747686915345
"Congo, Dem. Rep.",COD,2006,219.486079160217,468.278825,0.4687081017601362
"Congo, Dem. Rep.",COD,2007,257.720193237953,516.749891666666,0.4987329410108472
"Congo, Dem. Rep.",COD,2008,315.015752984152,559.292508333333,0.5632397149800649
"Congo, Dem. Rep.",COD,2009,369.194114001546,809.785833333333,0.4559157480957983
"Congo, Dem. Rep.",COD,2010,487.825744923104,905.913458333333,0.5384904489890108
"Congo, Dem. Rep.",COD,2011,532.063415527344,919.4913,0.5786497550627656
"Congo, Dem. Rep.",COD,2012,582.024507188232,919.755016666667,0.6328038408505537
"Congo, Dem. Rep.",COD,2013,556.551543305972,919.565907354881,0.6052329026713105
"Congo, Dem. Rep.",COD,2014,526.671156137783,925.226282531997,0.5692349710348498
"Congo, Dem. Rep.",COD,2015,504.318397710934,925.984961280393,0.5446291449632126
"Congo, Dem. Rep.",COD,2016,488.937875394933,1010.30275716866,0.483951837135598
"Congo, Dem. Rep.",COD,2017,637.266418457031,1464.41793163743,0.4351670412451693
"Congo, Dem. Rep.",COD,2018,801.573486328125,1622.52350162292,0.4940288911232137
"Congo, Dem. Rep.",COD,2019,786.309387207031,1647.76012727639,0.47719894066543217
"Congo, Dem. Rep.",COD,2020,827.004272460938,1851.12216183261,0.446758344485598
"Congo, Dem. Rep.",COD,2021,845.45068359375,1989.39147122828,0.42497954566566837
"Congo, Dem. Rep.",COD,2022,868.155795457513,2006.70821944055,0.43262681990685525
"Congo, Dem. Rep.",COD,2023,931.662587387676,2340.03570436145,0.3981403299322343
"Congo, Dem. Rep.",COD,2025,1124.85430376458,2693.24060103248,0.4176583047698584
"Congo, Rep.",COG,1990,101.71225316357,272.264787954393,0.3735784341697825
"Congo, Rep.",COG,1991,96.9283319348805,282.10690880882,0.34358723203254665
"Congo, Rep.",COG,1992,93.2815163392372,264.691800750579,0.35241558701373243
"Congo, Rep.",COG,1993,90.0912079864706,283.162579500018,0.3181607122860133
"Congo, Rep.",COG,1994,120.626654172276,555.204695655697,0.21726519086769586
"Congo, Rep.",COG,1995,122.161700024508,499.14842590131,0.24474022892874234
"Congo, Rep.",COG,1996,141.549502169431,511.552430272516,0.2767057564246626
"Congo, Rep.",COG,1997,146.058057047115,583.669372353396,0.2502410850481988
"Congo, Rep.",COG,1998,118.115764470213,589.951774567332,0.2002125759462942
"Congo, Rep.",COG,1999,150.65710513641,615.473349319164,0.2447825000108725
"Congo, Rep.",COG,2000,216.619478576365,710.207977031367,0.30500851241043975
"Congo, Rep.",COG,2001,182.34883490765,732.397693260228,0.24897516279158963
"Congo, Rep.",COG,2002,176.436113000544,693.713226496374,0.2543358065863059
"Congo, Rep.",COG,2003,165.664135131711,579.897426172466,0.28567834181495605
"Congo, Rep.",COG,2004,188.440374365154,527.338032291576,0.35734265845813573
"Congo, Rep.",COG,2005,221.682994462119,527.258362649626,0.42044471964009783
"Congo, Rep.",COG,2006,239.524639367214,522.425624895176,0.4584856254232826
"Congo, Rep.",COG,2007,248.924862667342,478.633718476363,0.5200738123083883
"Congo, Rep.",COG,2008,283.952023772,446.000041432788,0.6366636712853119
"Congo, Rep.",COG,2009,222.480697966431,470.293423341398,0.4730678485480895
"Congo, Rep.",COG,2010,284.472213289165,494.794262222947,0.5749302993351729
"Congo, Rep.",COG,2011,309.251190185547,471.248625718937,0.656237861094562
"Congo, Rep.",COG,2012,314.549869469477,510.556338454251,0.6160923795830274
"Congo, Rep.",COG,2013,313.026339563483,493.899623852237,0.6337853370326377
"Congo, Rep.",COG,2014,310.148249007748,493.757329875312,0.6281390274977172
"Congo, Rep.",COG,2015,305.860507611743,591.21169798261,0.5173451551372038
"Congo, Rep.",COG,2016,308.857562222479,592.605615063022,0.5211856829767514
"Congo, Rep.",COG,2017,288.932281494141,580.656749587858,0.4975956650796208
"Congo, Rep.",COG,2018,267.577697753906,555.446458398226,0.48173445650465707
"Congo, Rep.",COG,2019,254.912139892578,585.911013180369,0.43506971904981917
"Congo, Rep.",COG,2020,240.513336181641,575.586004510945,0.41785820762962544
"Congo, Rep.",COG,2021,222.775375366211,554.530675033104,0.40173679364610787
"Congo, Rep.",COG,2022,245.962099614342,623.759700911182,0.394321882697845
"Congo, Rep.",COG,2023,219.236211132934,606.569750165917,0.36143611031207146
"Congo, Rep.",COG,2024,214.901854344569,606.345297609063,0.35442157330479623
"Congo, Rep.",COG,2025,201.890946598546,581.92848104034,0.34693429377716034
Colombia,COL,1990,174.354299548646,502.26,0.34713952842879386
Colombia,COL,1991,214.196312569631,627.1525,0.34153784377744006
Colombia,COL,1992,256.888475194215,680.385833333333,0.3775629394510935
Colombia,COL,1993,313.277922448146,786.346666666667,0.39839670685721207
Colombia,COL,1994,374.504581289573,826.54,0.45309916191542216
Colombia,COL,1995,435.961524759226,912.895,0.477559330217852
Colombia,COL,1996,500.341098642684,1036.6225,0.4826647102900854
Colombia,COL,1997,574.687614965737,1141.11666666667,0.5036186323037978
Colombia,COL,1998,652.255996420018,1426.42416666667,0.457266507159815
Colombia,COL,1999,724.339766494795,1756.68583333333,0.4123331290947753
Colombia,COL,2000,787.293628319141,2087.91833333333,0.37707108355250596
Colombia,COL,2001,820.145815684687,2299.89333333333,0.35660167530292197
Colombia,COL,2002,855.794677408643,2504.68083333333,0.3416781356009009
Colombia,COL,2003,896.536569602033,2877.54333333333,0.31156318628345037
Colombia,COL,2004,936.644438007486,2628.36833333333,0.3563596571031662
Colombia,COL,2005,951.336268585121,2321.13166666667,0.4098588125124827
Colombia,COL,2006,976.473795213379,2358.59460526316,0.41400662624869744
Colombia,COL,2007,1000.17301984435,2077.81095833333,0.4813590070997685
Colombia,COL,2008,1056.60247011251,1965.1375,0.537673557251088
Colombia,COL,2009,1092.80496647837,2157.59833333333,0.5064913842374299
Colombia,COL,2010,1120.7641710374,1898.9975,0.5901872809402856
Colombia,COL,2011,1168.24304199219,1848.01666666667,0.6321604469614386
Colombia,COL,2012,1205.59526002976,1798.01166666667,0.6705158160985744
Colombia,COL,2013,1210.71288646609,1868.895,0.6478228506502987
Colombia,COL,2014,1226.73296705297,2001.105,0.6130277856748996
Colombia,COL,2015,1285.02792440792,2741.78166666667,0.4686835352466985
Colombia,COL,2016,1298.142605,3055.255,0.4248884643016704
Colombia,COL,2017,1328.016627,2951.48691120161,0.4499483368738158
Colombia,COL,2018,1322.160543,2955.70396997842,0.44732508953176836
Colombia,COL,2019,1312.630441,3281.62219381788,0.3999943818861334
Colombia,COL,2020,1270.743624,3693.27583333333,0.34406951480065945
Colombia,COL,2021,1340.326407,3744.24416666667,0.3579698190978906
Colombia,COL,2022,1363.444291,4256.19416666667,0.3203435364105606
Colombia,COL,2023,1425.433859,4325.955,0.32950732474101097
Colombia,COL,2024,1443.718515,4074.43416666667,0.3543359533972097
Colombia,COL,2025,1532.719303,4053.13583333333,0.3781564117330556
Comoros,COM,1990,159.014581936623,272.262480798412,0.5840488247602512
Comoros,COM,1991,169.437985226623,282.104518251279,0.6006213097079838
Comoros,COM,1992,157.779700027077,264.689557767651,0.5960934060178479
Comoros,COM,1993,157.544028148929,283.160179996785,0.5563777652306823
Comoros,COM,1994,173.86055404645,416.398820951823,0.417533732802201
Comoros,COM,1995,180.830622196646,374.357093251524,0.4830431303598916
Comoros,COM,1996,182.792606431123,383.659991508088,0.47644427481896956
Comoros,COM,1997,181.521059274801,437.747087471253,0.4146710839891574
Comoros,COM,1998,181.947990886251,442.458835940057,0.4112201545250659
Comoros,COM,1999,186.325482648563,461.792998463165,0.4034826930435267
Comoros,COM,2000,193.798550076665,532.65598277353,0.3638343627862011
Comoros,COM,2001,203.558086061816,549.298269945143,0.3705784219603401
Comoros,COM,2002,208.105077256846,520.284919872278,0.39998291187823126
Comoros,COM,2003,214.141390847911,434.923069629334,0.4923661350739899
Comoros,COM,2004,209.443144836392,395.503524218688,0.5295607548634217
Comoros,COM,2005,202.248733627001,395.443771987232,0.5114475127794683
Comoros,COM,2006,207.872233348779,391.819218671385,0.5305309781731748
Comoros,COM,2007,212.579451892592,358.975288857269,0.5921840819999035
Comoros,COM,2008,215.118850160418,334.500031074591,0.6431056208555272
Comoros,COM,2009,215.908329490171,352.720067506049,0.6121237473580045
Comoros,COM,2010,216.889467422878,371.095696667202,0.584456972610448
Comoros,COM,2011,218.977584838867,353.4364692892,0.6195670335867016
Comoros,COM,2012,213.038716896775,382.917253840688,0.5563570582416465
Comoros,COM,2013,209.675469170528,370.424717889175,0.5660407069089257
Comoros,COM,2014,203.678765355994,370.317997406489,0.5500104417890898
Comoros,COM,2015,199.850769960143,443.408773486957,0.4507145142585269
Comoros,COM,2016,193.337098291326,444.454211297254,0.4349989118722082
Comoros,COM,2017,185.247711181641,435.492562190889,0.4253751436067961
Comoros,COM,2018,194.22834777832,416.584843798676,0.46623959241346097
Comoros,COM,2019,201.542678833008,439.463110317875,0.45861114187087737
Comoros,COM,2020,201.675567626953,430.720912236792,0.4682279450506001
Comoros,COM,2021,191.480773925781,415.955849148122,0.4603391785881454
Comoros,COM,2022,193.032390816478,467.184261187176,0.4131825638260107
Comoros,COM,2023,201.286540985159,454.991236691823,0.4423965227301629
Comoros,COM,2024,208.61077096406,454.523861252,0.45896549938970244
Comoros,COM,2025,211.662236779844,435.376187289973,0.486159424789282
Cabo Verde,CPV,1990,56.1968403166056,70.0313333333333,0.8024528113597575
Cabo Verde,CPV,1991,56.963625928052,71.4083333333333,0.7977167827478402
Cabo Verde,CPV,1992,53.4021346723021,68.0175833333333,0.7851224941438248
Cabo Verde,CPV,1993,77.9115144879999,80.4265973625,0.9687282198056435
Cabo Verde,CPV,1994,54.0291772692208,81.8908333333333,0.6597707590701543
Cabo Verde,CPV,1995,52.101004543359,76.8533333333334,0.6779277135239281
Cabo Verde,CPV,1996,54.1148999431365,82.5914666666667,0.6552117564583324
Cabo Verde,CPV,1997,52.7531816463015,93.1766666666667,0.5661630055411027
Cabo Verde,CPV,1998,51.9916199799917,98.1575,0.529675470340949
Cabo Verde,CPV,1999,55.1685733455198,102.7,0.5371818242017508
Cabo Verde,CPV,2000,53.298718344467,115.876551583333,0.4599612054051941
Cabo Verde,CPV,2001,54.8122440466518,123.213333333333,0.4448564336650683
Cabo Verde,CPV,2002,53.7774622265964,117.255833333333,0.4586335766658081
Cabo Verde,CPV,2003,55.331487091711,97.7875,0.5658339469943602
Cabo Verde,CPV,2004,50.4704013627644,88.7479249022727,0.5686938755845989
Cabo Verde,CPV,2005,48.0576896040634,88.6461685261408,0.5421293486575418
Cabo Verde,CPV,2006,48.7830661941872,87.9260649113314,0.5548191681656883
Cabo Verde,CPV,2007,48.1447714118377,80.6150271575266,0.597218324044721
Cabo Verde,CPV,2008,48.9883991430321,75.3360038388544,0.650265432817747
Cabo Verde,CPV,2009,49.6397376078105,80.0354177277845,0.6202221343636211
Cabo Verde,CPV,2010,49.3646654943724,83.2786893759019,0.592764678026464
Cabo Verde,CPV,2011,49.6954612731934,79.2768814761183,0.6268594367976479
Cabo Verde,CPV,2012,51.0533171999662,86.3189541847042,0.5914496726955585
Cabo Verde,CPV,2013,51.6779810862798,83.0725,0.6220828924888476
Cabo Verde,CPV,2014,51.5741783033941,83.0345,0.62111746687695
Cabo Verde,CPV,2015,50.1083685967126,99.3856935425685,0.5041809018040446
Cabo Verde,CPV,2016,48.9434198790022,99.6881136363636,0.4909654530883703
Cabo Verde,CPV,2017,47.9817543029785,97.8069377715121,0.49057618402356307
Cabo Verde,CPV,2018,50.6804847717285,93.4135789085279,0.5425387332751234
Cabo Verde,CPV,2019,49.9072380065918,98.4951785878976,0.5066972690653515
Cabo Verde,CPV,2020,49.9931755065918,96.7957427869885,0.5164811392233254
Cabo Verde,CPV,2021,48.1704940795898,93.2180924116109,0.5167504808711346
Cabo Verde,CPV,2022,47.8245198587809,104.863065846367,0.45606638975106595
Cabo Verde,CPV,2023,47.6210423510559,101.804812544702,0.4677680864069734
Cabo Verde,CPV,2024,47.1140706960402,101.922010798199,0.46225609490107045
Cabo Verde,CPV,2025,46.629436004152,97.8631517010164,0.47647592779977577
Costa Rica,CRI,1990,33.2962896518244,91.5792916666666,0.36357880745591875
Costa Rica,CRI,1991,53.0691592310866,122.432416666667,0.43345676476820716
Costa Rica,CRI,1992,62.1233942748277,134.506333333333,0.46186222414429945
Costa Rica,CRI,1993,67.0177859783668,142.171666666667,0.4713863707843803
Costa Rica,CRI,1994,75.8991946012488,157.066666666667,0.4832291676649955
Costa Rica,CRI,1995,90.1276362354277,179.729166666667,0.5014636071983913
Costa Rica,CRI,1996,101.849808756124,207.689166666667,0.49039538455844917
Costa Rica,CRI,1997,114.821216520882,232.5975,0.49364768116975466
Costa Rica,CRI,1998,127.179609964612,257.229166666667,0.4944214204504226
Costa Rica,CRI,1999,139.326102280198,285.684694833333,0.4876918672926463
Costa Rica,CRI,2000,149.128231471695,308.186666666667,0.48388930346876835
Costa Rica,CRI,2001,160.021703551585,328.870833333333,0.486579189554922
Costa Rica,CRI,2002,172.994520162571,359.81752688172,0.48078402867639664
Costa Rica,CRI,2003,187.709409414457,398.662222222222,0.47084824934785063
Costa Rica,CRI,2004,207.197548825548,437.935,0.4731239769042164
Costa Rica,CRI,2005,227.04203967787,477.786741487455,0.47519535383304756
Costa Rica,CRI,2006,248.84782406017,511.301817940348,0.4866945810257266
Costa Rica,CRI,2007,267.764192250442,516.617390232975,0.5183027077924931
Costa Rica,CRI,2008,292.71326471615,526.23551344086,0.5562400431742165
Costa Rica,CRI,2009,319.141940844374,573.287956733231,0.5566869791979266
Costa Rica,CRI,2010,336.211433377635,525.829200716846,0.6393928540280547
Costa Rica,CRI,2011,344.546020507813,505.664239919355,0.6813731193702017
Costa Rica,CRI,2012,352.113803045082,502.901461981567,0.7001646041307157
Costa Rica,CRI,2013,354.455999978722,499.766832565284,0.7092427445801334
Costa Rica,CRI,2014,358.296647355548,538.317200279058,0.6655864742382571
Costa Rica,CRI,2015,357.331417946744,534.565769969278,0.6684517378792888
Costa Rica,CRI,2016,343.013617,544.73936722902,0.6296839142447911
Costa Rica,CRI,2017,340.991882,567.51309030978,0.6008528927744518
Costa Rica,CRI,2018,337.901936,576.97250124808,0.5856465174147231
Costa Rica,CRI,2019,324.21736,587.294595686124,0.552052347120994
Costa Rica,CRI,2020,328.024138,584.900854962304,0.5608200692767676
Costa Rica,CRI,2021,334.118676,620.784720014081,0.5382198775646754
Costa Rica,CRI,2022,336.220387,647.135817631363,0.5195515034705217
Costa Rica,CRI,2023,318.841763,544.050775505632,0.5860514815068016
Costa Rica,CRI,2024,307.792355,515.109771921403,0.5975276956053629
Costa Rica,CRI,2025,297.351768,503.496832373272,0.5905732645792606
Curacao,CUW,2011,1.32462167739868,1.79,0.7400121102785923
Curacao,CUW,2012,1.41239514780732,1.79,0.7890475686074413
Curacao,CUW,2013,1.42218204432352,1.79,0.7945151085606257
Curacao,CUW,2014,1.44264700268815,1.79,0.8059480461944971
Curacao,CUW,2015,1.44180680115009,1.79,0.8054786598603855
Curacao,CUW,2016,1.43384853460778,1.79,0.8010327008982011
Curacao,CUW,2017,1.3937920331955,1.79,0.778654767148324
Curacao,CUW,2018,1.38988649845123,1.79,0.7764729041626983
Curacao,CUW,2019,1.35468888282776,1.79,0.7568094317473519
Curacao,CUW,2020,1.34318399429321,1.79,0.7503821197168771
Curacao,CUW,2021,1.27898454666138,1.79,0.7145165065147374
Curacao,CUW,2022,1.25373988912354,1.79,0.7004133458790727
Curacao,CUW,2023,1.23806318994228,1.79,0.6916554133755755
Curacao,CUW,2024,1.24831756717631,1.79,0.6973841157409553
Cayman Islands,CYM,2006,0.965154729116643,0.83333,1.1581903077012023
Cayman Islands,CYM,2007,0.968571370077069,0.83333,1.1622902932536556
Cayman Islands,CYM,2008,0.979223982576638,0.83333,1.175073479385883
Cayman Islands,CYM,2009,0.979161648367449,0.83333,1.174998678035651
Cayman Islands,CYM,2010,0.965408125219036,0.83333,1.15849438424038
Cayman Islands,CYM,2011,0.941537916660309,0.83333,1.1298500193924483
Cayman Islands,CYM,2012,0.966905039582432,0.83333,1.160290688661673
Cayman Islands,CYM,2013,0.983444532595933,0.83333,1.1801381596677583
Cayman Islands,CYM,2014,0.99439360585177,0.83333,1.1932771001305245
Cayman Islands,CYM,2015,0.994372223398472,0.83333,1.1932514410839308
Cayman Islands,CYM,2016,0.987132743486325,0.83333,1.1845640304397116
Cayman Islands,CYM,2017,0.980794370174408,0.83333,1.1769579520410978
Cayman Islands,CYM,2018,0.973204851150513,0.83333,1.1678504927825868
Cayman Islands,CYM,2019,1.01165902614594,0.83333,1.2139956873578774
Cayman Islands,CYM,2020,1.03776144981384,0.83333,1.2453187210514922
Cayman Islands,CYM,2021,0.971421658992767,0.83333,1.165710653633935
Cayman Islands,CYM,2022,0.942267065860845,0.83333,1.1307250019330217
Cayman Islands,CYM,2023,0.943347350241178,0.83333,1.1320213483748072
Cayman Islands,CYM,2024,0.94261799236714,0.83333,1.1311461154250295
Cyprus,CYP,1990,0.564130062655229,0.458079916666667,1.231510140763783
Cyprus,CYP,1991,0.566892246722828,0.4644285,1.2206232966384019
Cyprus,CYP,1992,0.587746491803503,0.449548583333333,1.3074148459004231
Cyprus,CYP,1993,0.601714155671265,0.497405166666667,1.209706283719606
Cyprus,CYP,1994,0.620188151460113,0.492191,1.2600558552677985
Cyprus,CYP,1995,0.690052172114698,0.452420166666667,1.5252462709583698
Cyprus,CYP,1996,0.696649843250175,0.46631125,1.4939589024501874
Cyprus,CYP,1997,0.70204391672134,0.513897333333333,1.3661170649935406
Cyprus,CYP,1998,0.711199164196462,0.517825583333333,1.3734338107019546
Cyprus,CYP,1999,0.72075051429198,0.54294775,1.3274767494514528
Cyprus,CYP,2000,0.716853586240031,0.622409116666667,1.1517401770706133
Cyprus,CYP,2001,0.711704676989568,0.643107026158333,1.1066659949915494
Cyprus,CYP,2002,0.710504987722444,0.610659989666667,1.1635034221093772
Cyprus,CYP,2003,0.736584168240343,0.517443261666667,1.42350712205205
Cyprus,CYP,2004,0.733714101438258,0.46860055225,1.5657559469687072
Cyprus,CYP,2005,0.722891336628442,0.464070507161667,1.5577187635770404
Cyprus,CYP,2006,0.70998907368103,0.458915946916667,1.5471004624076719
Cyprus,CYP,2007,0.694102519024728,0.426125,1.6288706811961937
Cyprus,CYP,2008,0.693813620623383,0.679922680042729,1.020430176825078
Cyprus,CYP,2009,0.681747519747932,0.716957702016136,0.9508894567012943
Cyprus,CYP,2010,0.700335215840558,0.754308990105961,0.9284460678934491
Cyprus,CYP,2011,0.698624580297421,0.718413898653317,0.9724541543628381
Cyprus,CYP,2012,0.706853594264073,0.778338120416812,0.9081574905846087
Cyprus,CYP,2013,0.687316812097362,0.752945122701996,0.9128378568027344
Cyprus,CYP,2014,0.679712129164818,0.752728196932603,0.9029980967029955
Cyprus,CYP,2015,0.663141303524495,0.901296423367096,0.7357638245662925
Cyprus,CYP,2016,0.622324985448911,0.903421436257263,0.6888534635918186
Cyprus,CYP,2017,0.615186013732083,0.885205508269372,0.6949640597411185
Cyprus,CYP,2018,0.612439734649843,0.846772667108111,0.7232634666178358
Cyprus,CYP,2019,0.588099667675781,0.893276257067409,0.6583625871871813
Cyprus,CYP,2020,0.578548839742278,0.875506396987998,0.6608162335908199
Cyprus,CYP,2021,0.584657651965893,0.84549413889045,0.6914981725753236
Cyprus,CYP,2022,0.564764471384137,0.949623753156941,0.5947244574565737
Cyprus,CYP,2023,0.565698600025777,0.924839558470698,0.6116721488008239
Cyprus,CYP,2024,0.567094524089419,0.923889546117607,0.6138120368094634
Cyprus,CYP,2025,0.572620273384741,0.88496895841236,0.6470512529750483
Czechia,CZE,1993,9.488143,29.1528333333333,0.3254621220350227
Czechia,CZE,1994,10.436331,28.7850833333333,0.3625603886272118
Czechia,CZE,1995,11.152963,26.5406666666667,0.4202216598427565
Czechia,CZE,1996,12.071769,27.1449166666667,0.4447156404360541
Czechia,CZE,1997,12.902515,31.6984166666667,0.40703973121685844
Czechia,CZE,1998,13.986306,32.2811666666667,0.43326519590886287
Czechia,CZE,1999,14.22935,34.56925,0.4116187073772211
Czechia,CZE,2000,14.327536,38.5984166666667,0.3711949151627546
Czechia,CZE,2001,14.32359,38.0353283333333,0.37658646914971233
Czechia,CZE,2002,14.458321,32.7385183333333,0.44163027943995264
Czechia,CZE,2003,14.177038,28.209,0.5025714488283881
Czechia,CZE,2004,14.427652,25.69975,0.5613926983725522
Czechia,CZE,2005,14.562493,23.9574166666667,0.6078490516158871
Czechia,CZE,2006,14.41772,22.5955833333333,0.6380769103106443
Czechia,CZE,2007,14.256061,20.2936666666667,0.7024881818629776
Czechia,CZE,2008,13.916713,17.0716666666667,0.81519357610075
Czechia,CZE,2009,13.631732,19.063,0.7150884960394481
Czechia,CZE,2010,13.675892,19.09825,0.7160808974644274
Czechia,CZE,2011,13.345305,17.6959166666667,0.7541460129690921
Czechia,CZE,2012,13.297699,19.5775,0.6792337632486272
Czechia,CZE,2013,12.785271,19.5705833333333,0.653290235770524
Czechia,CZE,2014,12.70321,20.7575,0.6119816933638444
Czechia,CZE,2015,12.93798,24.59875,0.5259608719955282
Czechia,CZE,2016,12.576343,24.4399166666667,0.5145820737250187
Czechia,CZE,2017,12.424986,23.3763333333333,0.5315198847837564
Czechia,CZE,2018,12.371528,21.7299166666667,0.569331589705436
Czechia,CZE,2019,12.097428,22.93225,0.5275290475204134
Czechia,CZE,2020,12.150267,23.21025,0.5234871231460239
Czechia,CZE,2021,12.56189,21.6781666666667,0.5794719725684051
Czechia,CZE,2022,12.476407,23.357,0.5341613649013144
Czechia,CZE,2023,12.576104,22.1980833333333,0.5665400841664266
Czechia,CZE,2024,12.823227,23.2168333333333,0.5523245489982133
Czechia,CZE,2025,12.993503,21.882,0.5937986929896718
Germany,DEU,1990,0.949917,1.61573333333333,0.5879169417395622
Germany,DEU,1991,0.947191,1.65954166666667,0.5707545758115934
Germany,DEU,1992,0.97527,1.56165,0.6245125348189415
Germany,DEU,1993,0.988747,1.65332083333333,0.5980369811263706
Germany,DEU,1994,0.986893,1.62279416666667,0.6081442861155617
Germany,DEU,1995,0.98437,1.4331325,0.6868660085511982
Germany,DEU,1996,0.974116,1.50477416666667,0.647350294534782
Germany,DEU,1997,0.972834,1.73405583333333,0.5610165378181317
Germany,DEU,1998,0.96865,1.7596676,0.5504732825676849
Germany,DEU,1999,0.954119,0.938283072395283,1.0168775586713832
Germany,DEU,2000,0.94289,1.08270508132602,0.8708650363450918
Germany,DEU,2001,0.929791,1.11653308564462,0.8327482740587072
Germany,DEU,2002,0.913257,1.05755899623965,0.8635518238200015
Germany,DEU,2003,0.896001,0.88404792718493,1.0135208425329747
Germany,DEU,2004,0.875155,0.803921647747618,1.0886073318860856
Germany,DEU,2005,0.872721,0.803800192161442,1.085743706596073
Germany,DEU,2006,0.847761,0.796432730949102,1.064447714234108
Germany,DEU,2007,0.837143,0.729672399984083,1.1472860971831487
Germany,DEU,2008,0.820401,0.679922680042729,1.2066092573179685
Germany,DEU,2009,0.810708,0.716957702016136,1.1307612676734367
Germany,DEU,2010,0.805269,0.754308990105961,1.0675585344500276
Germany,DEU,2011,0.788739,0.718413898653317,1.0978893942315273
Germany,DEU,2012,0.787246,0.778338120416812,1.0114447427789064
Germany,DEU,2013,0.774784,0.752945122701996,1.0290046068956975
Germany,DEU,2014,0.768937,0.752728196932603,1.0215334075878233
Germany,DEU,2015,0.778122,0.901296423367096,0.8633363894789058
Germany,DEU,2016,0.752608,0.903421436257263,0.8330641379486633
Germany,DEU,2017,0.744783,0.885205508269372,0.8413673356553031
Germany,DEU,2018,0.735448,0.846772667108111,0.8685306323262584
Germany,DEU,2019,0.717745,0.893276257067409,0.8034972320392
Germany,DEU,2020,0.706836,0.875506396987998,0.807345328865358
Germany,DEU,2021,0.706697,0.84549413889045,0.8358390289108393
Germany,DEU,2022,0.688423,0.949623753156941,0.7249429026089522
Germany,DEU,2023,0.701054,0.924839558470698,0.758027696349033
Germany,DEU,2024,0.700862,0.923889546117607,0.7585993400890624
Germany,DEU,2025,0.709983,0.88496895841236,0.8022688177376459
Djibouti,DJI,2011,93.5718231201172,177.721,0.5265096590730257
Djibouti,DJI,2012,97.2389704439934,177.721,0.5471439528474035
Djibouti,DJI,2013,98.0625647854076,177.721,0.5517781510649141
Djibouti,DJI,2014,98.9317078461664,177.721,0.5566686426824428
Djibouti,DJI,2015,99.0363704788697,177.721,0.5572575580762527
Djibouti,DJI,2016,100.676858452801,177.721,0.566488250982163
Djibouti,DJI,2017,99.5235977172852,177.721,0.5599990868680977
Djibouti,DJI,2018,95.0324554443359,177.721,0.5347283407382126
Djibouti,DJI,2019,93.4095001220703,177.721,0.5255963005051192
Djibouti,DJI,2020,91.4775085449219,177.721,0.51472537598214
Djibouti,DJI,2021,90.2278900146484,177.721,0.5076940261119868
Djibouti,DJI,2022,84.1120953065497,177.721,0.47328169043922613
Djibouti,DJI,2023,83.0952297717628,177.721,0.46755999443938984
Djibouti,DJI,2024,80.7241255864859,177.721,0.454218272384726
Djibouti,DJI,2025,82.1238304290602,177.721,0.4620941274754261
Dominica,DMA,1990,1.85680569081551,2.7,0.6877058114131518
Dominica,DMA,1991,1.93347818126269,2.7,0.7161030300972926
Dominica,DMA,1992,1.97332835111698,2.7,0.7308623522655481
Dominica,DMA,1993,1.97929204277493,2.7,0.7330711269536777
Dominica,DMA,1994,2.08596126558105,2.7,0.7725782465115
Dominica,DMA,1995,2.05914000556624,2.7,0.7626444465060148
Dominica,DMA,1996,2.08814104640225,2.7,0.7733855727415739
Dominica,DMA,1997,2.08240199936937,2.7,0.7712599997664332
Dominica,DMA,1998,2.11156612218434,2.7,0.7820615267349407
Dominica,DMA,1999,2.13491259345668,2.7,0.7907083679469186
Dominica,DMA,2000,2.05040712873114,2.7,0.7594100476781999
Dominica,DMA,2001,2.04705144369214,2.7,0.7581672013674593
Dominica,DMA,2002,2.06747409978753,2.7,0.7657311480694555
Dominica,DMA,2003,1.9066017209054,2.7,0.7061487855205185
Dominica,DMA,2004,1.89534734917837,2.7,0.7019804996956925
Dominica,DMA,2005,1.7969333307548,2.7,0.6655308632425185
Dominica,DMA,2006,1.77726294517783,2.7,0.6582455352510481
Dominica,DMA,2007,1.75279454911504,2.7,0.6491831663389037
Dominica,DMA,2008,1.73284234625834,2.7,0.6417934615771629
Dominica,DMA,2009,1.87125633378672,2.7,0.6930579014024889
Dominica,DMA,2010,1.8659644063363,2.7,0.6910979282727037
Dominica,DMA,2011,1.87042951583862,2.7,0.6927516725328221
Dominica,DMA,2012,1.86128993196714,2.7,0.6893666414693111
Dominica,DMA,2013,1.87129929470071,2.7,0.6930738128521148
Dominica,DMA,2014,1.81703136092294,2.7,0.6729745781196074
Dominica,DMA,2015,1.84929405183459,2.7,0.6849237229016999
Dominica,DMA,2016,1.83599159643013,2.7,0.6799968875667148
Dominica,DMA,2017,1.7490713596344,2.7,0.6478042072719999
Dominica,DMA,2018,1.65106189250946,2.7,0.6115044046331333
Dominica,DMA,2019,1.59957265853882,2.7,0.5924343179773407
Dominica,DMA,2020,1.48380184173584,2.7,0.5495562376799408
Dominica,DMA,2021,1.43059825897217,2.7,0.5298512070267296
Dominica,DMA,2022,1.33910035210054,2.7,0.4959630933705703
Dominica,DMA,2023,1.31829730267515,2.7,0.4882582602500556
Dominica,DMA,2024,1.31702390769821,2.7,0.4877866324808185
Dominica,DMA,2025,1.30631128267932,2.7,0.4838189935849333
Denmark,DNK,1990,9.129245,6.18855833333333,1.4751812147955843
Denmark,DNK,1991,9.05875,6.39645833333333,1.4162133993420847
Denmark,DNK,1992,9.003617,6.03613333333333,1.4916199664244225
Denmark,DNK,1993,8.845925,6.48393916666666,1.364282540693178
Denmark,DNK,1994,8.796778,6.36055166666667,1.383021231648931
Denmark,DNK,1995,8.726335,5.60236666666667,1.5576158290246376
Denmark,DNK,1996,8.707294,5.79867166666666,1.5016014874671024
Denmark,DNK,1997,8.699084,6.60445916666667,1.3171531204106914
Denmark,DNK,1998,8.661173,6.70082666666667,1.2925529088948224
Denmark,DNK,1999,8.752578,6.97624,1.2546268477001938
Denmark,DNK,2000,8.668343,8.08314416666667,1.0723974262078086
Denmark,DNK,2001,8.692759,8.3228175,1.0444490702817888
Denmark,DNK,2002,8.561606,7.89471416666666,1.0844732081813822
Denmark,DNK,2003,8.64848,6.58767333333333,1.312827695362349
Denmark,DNK,2004,8.46072,5.99105666666667,1.4122249998191743
Denmark,DNK,2005,8.569438,5.99691,1.4289755890950506
Denmark,DNK,2006,8.28893,5.94677833333334,1.3938521894347822
Denmark,DNK,2007,8.160889,5.44370083333334,1.4991435513921958
Denmark,DNK,2008,7.944128,5.09813083333334,1.558243258109138
Denmark,DNK,2009,7.727334,5.36086666666667,1.4414337234029315
Denmark,DNK,2010,7.592996,5.624075,1.350087970021737
Denmark,DNK,2011,7.466492,5.36871153508772,1.390741884938693
Denmark,DNK,2012,7.564136,5.79247553703916,1.3058554933261624
Denmark,DNK,2013,7.354846,5.61631168617622,1.3095508958491286
Denmark,DNK,2014,7.328674,5.61246666666667,1.3057848598952326
Denmark,DNK,2015,7.305357,6.72790683129629,1.0858290971000932
Denmark,DNK,2016,7.079856,6.73171825724638,1.0517160299124027
Denmark,DNK,2017,6.871679,6.60289346561404,1.0407072347578705
Denmark,DNK,2018,6.765997,6.31461878666667,1.0714814668284356
Denmark,DNK,2019,6.538391,6.669446615,0.9803498517095485
Denmark,DNK,2020,6.365057,6.54215220416667,0.9729301308438103
Denmark,DNK,2021,6.288268,6.2871130825,1.000183695996055
Denmark,DNK,2022,6.105718,7.0761518625,0.8628585308290507
Denmark,DNK,2023,6.054859,6.88970258583334,0.8788273404500869
Denmark,DNK,2024,6.050211,6.89448141666666,0.8775440289641324
Denmark,DNK,2025,6.124666,6.62182508333333,0.9249211392513759
Dominican Republic,DOM,1990,2.97056482161485,8.5253,0.34844108965254594
Dominican Republic,DOM,1991,4.5470957899521,12.5759189640769,0.3615716515779781
Dominican Republic,DOM,1992,4.69263946571099,12.5,0.37541115725687924
Dominican Republic,DOM,1993,4.81234124698947,12.5,0.3849872997591576
Dominican Republic,DOM,1994,5.18964444247863,12.6167803030303,0.41132874773385575
Dominican Republic,DOM,1995,5.57293805480871,12.87,0.4330177198763567
Dominican Republic,DOM,1996,5.6744708570373,12.8963492063492,0.4400059866744004
Dominican Republic,DOM,1997,6.10469705453896,14.0059210526316,0.43586544802006694
Dominican Republic,DOM,1998,6.4300495987086,14.7031108444695,0.4373257922575773
Dominican Republic,DOM,1999,6.58240291209944,15.834429906597,0.41570191986242927
Dominican Republic,DOM,2000,6.901198091426,16.1814576782866,0.42648803517167094
Dominican Republic,DOM,2001,7.15624134296996,16.690961523126,0.4287494961302678
Dominican Republic,DOM,2002,7.53503679419181,17.5930436887674,0.428296372560178
Dominican Republic,DOM,2003,9.86204068260978,29.3699996161352,0.33578620400089493
Dominican Republic,DOM,2004,13.9393651415419,41.9303145729387,0.3324412250066493
Dominican Republic,DOM,2005,14.2964961460628,30.2828081770082,0.47209941900028995
Dominican Republic,DOM,2006,14.7902927180441,33.300035201723,0.4441524649583201
Dominican Republic,DOM,2007,15.4994873925642,33.1718705755495,0.46724791588897147
Dominican Republic,DOM,2008,16.7663253528122,34.5293609573506,0.485567206804706
Dominican Republic,DOM,2009,17.2345209333456,35.97186554526,0.4791111239883022
Dominican Republic,DOM,2010,17.9384455771322,36.8212918670815,0.48717588839323966
Dominican Republic,DOM,2011,18.9759788513184,38.0875848668099,0.4982195357798692
Dominican Republic,DOM,2012,20.0792028925987,39.3203008432258,0.5106574075477349
Dominican Republic,DOM,2013,20.6603647216369,41.7945034252297,0.4943321017941572
Dominican Republic,DOM,2014,21.0117121817115,43.5496726190476,0.482476926187534
Dominican Republic,DOM,2015,20.6937523694375,45.0454990740741,0.45939667213827745
Dominican Republic,DOM,2016,20.2578266034366,46.0644439393939,0.4397714347771013
Dominican Republic,DOM,2017,20.916202545166,47.5343581962482,0.440022824307679
Dominican Republic,DOM,2018,21.6887969970703,49.5099928571429,0.4380690795018205
Dominican Republic,DOM,2019,21.2349720001221,51.2948583333333,0.41397856802974786
Dominican Republic,DOM,2020,21.22900390625,56.5245333333334,0.37557150239630416
Dominican Republic,DOM,2021,22.1248188018799,57.2211166666667,0.38665478918848817
Dominican Republic,DOM,2022,22.6285555055915,55.1409916666667,0.4103762885220415
Dominican Republic,DOM,2023,23.083954310056,56.1576,0.4110566389955411
Dominican Republic,DOM,2024,23.4869920360294,59.5651333333333,0.39430772201236425
Dominican Republic,DOM,2025,23.8682512750234,61.9865666666667,0.3850552233901763
Algeria,DZA,1990,3.12681665634229,8.95750833333333,0.34907214595676717
Algeria,DZA,1991,4.6513865732226,18.472875,0.2517954878827795
Algeria,DZA,1992,5.54489484253776,21.836075,0.25393276229989864
Algeria,DZA,1993,6.15447384084536,23.3454066666667,0.26362675659160434
Algeria,DZA,1994,7.77797484291376,35.0585008333333,0.22185702919500006
Algeria,DZA,1995,9.79531244502773,47.6627266666667,0.20551305244309823
Algeria,DZA,1996,11.9299241801165,54.7489333333333,0.2179024038236941
Algeria,DZA,1997,12.5488545959568,57.70735,0.21745678143177258
Algeria,DZA,1998,12.0208407320577,58.7389583333333,0.20464851732374165
Algeria,DZA,1999,13.1399208560912,66.573875,0.1973735321263964
Algeria,DZA,2000,15.7627365672012,75.2597916666666,0.20944432901191104
Algeria,DZA,2001,15.3426466349049,77.2150208333334,0.1987002848580667
Algeria,DZA,2002,15.3152804319651,79.6819,0.19220526157088497
Algeria,DZA,2003,16.3618099806415,77.394975,0.2114066188488529
Algeria,DZA,2004,17.7571596026845,72.06065,0.24641964238019642
Algeria,DZA,2005,19.3456532938304,73.2763083333333,0.2640096606099094
Algeria,DZA,2006,20.7902076617105,72.6466166666667,0.2861827379670651
Algeria,DZA,2007,21.6780653055546,69.2924,0.31284910474387667
Algeria,DZA,2008,24.4836017445776,64.5828,0.3791040609044142
Algeria,DZA,2009,22.5392250138469,72.6474166666667,0.310255010405466
Algeria,DZA,2010,25.7329052252255,74.3859833333333,0.34593755533099557
Algeria,DZA,2011,29.475887298584,72.9378833333333,0.4041231518040672
Algeria,DZA,2012,32.3948569326334,77.5359666666667,0.41780425685413164
Algeria,DZA,2013,33.0246550356372,79.3684,0.4160932441076953
Algeria,DZA,2014,33.4217802011761,80.5790166666667,0.4147702663018691
Algeria,DZA,2015,34.1662413875974,100.691433333333,0.3393162680929578
Algeria,DZA,2016,36.0388086573497,109.443066666667,0.329292752432768
Algeria,DZA,2017,37.458251953125,110.973016666667,0.33754378386990674
Algeria,DZA,2018,38.8773498535156,116.593791666667,0.3334427099228667
Algeria,DZA,2019,38.3893852233887,119.353558333333,0.3216442455462791
Algeria,DZA,2020,37.4388656616211,126.7768,0.2953132249877036
Algeria,DZA,2021,38.7630996704102,135.064058333333,0.28699788936257437
Algeria,DZA,2022,44.4838083963006,141.994975,0.3132773423587743
Algeria,DZA,2023,43.326166802351,135.842933333333,0.3189431039157314
Algeria,DZA,2024,43.703532115018,134.053241666667,0.3260162273709872
Algeria,DZA,2025,42.8460510517715,131.605925,0.3255632377628248
Ecuador,ECU,1990,0.300494875902852,767.750833333333,0.00039139635263982404
Ecuador,ECU,1991,0.310689981470041,1046.24933333333,0.0002969559660126031
Ecuador,ECU,1992,0.31683937633078,1533.96166666667,0.00020654973537851076
Ecuador,ECU,1993,0.31767951022978,1919.105,0.00016553524180791567
Ecuador,ECU,1994,0.357721081603256,2196.72833333333,0.00016284265840940272
Ecuador,ECU,1995,0.368673324809589,2564.49416666667,0.00014376064083186847
Ecuador,ECU,1996,0.367440163426433,3189.47416666667,0.0001152039942090034
Ecuador,ECU,1997,0.386518349333816,3998.26666666667,9.667147830738713e-05
Ecuador,ECU,1998,0.36776442231113,5446.5729,6.752217019093419e-05
Ecuador,ECU,1999,0.267260408758327,11786.8016666667,2.2674548729715587e-05
Ecuador,ECU,2000,0.241180552163667,1.0,0.241180552163667
Ecuador,ECU,2001,0.29860658390303,1.0,0.29860658390303
Ecuador,ECU,2002,0.327812034085673,1.0,0.327812034085673
Ecuador,ECU,2003,0.357621399032299,1.0,0.357621399032299
Ecuador,ECU,2004,0.37051222526465,1.0,0.37051222526465
Ecuador,ECU,2005,0.390082400796789,1.0,0.390082400796789
Ecuador,ECU,2006,0.411397442598804,1.0,0.411397442598804
Ecuador,ECU,2007,0.428837853000729,1.0,0.428837853000729
Ecuador,ECU,2008,0.484237289199021,1.0,0.484237289199021
Ecuador,ECU,2009,0.467941972910594,1.0,0.467941972910594
Ecuador,ECU,2010,0.503995944305429,1.0,0.503995944305429
Ecuador,ECU,2011,0.527572333812714,1.0,0.527572333812714
Ecuador,ECU,2012,0.549960871952422,1.0,0.549960871952422
Ecuador,ECU,2013,0.540855147379124,1.0,0.540855147379124
Ecuador,ECU,2014,0.541231103859059,1.0,0.541231103859059
Ecuador,ECU,2015,0.549392960000155,1.0,0.549392960000155
Ecuador,ECU,2016,0.543826095333172,1.0,0.543826095333172
Ecuador,ECU,2017,0.528539717197418,1.0,0.528539717197418
Ecuador,ECU,2018,0.517270743846893,1.0,0.517270743846893
Ecuador,ECU,2019,0.494702249765396,1.0,0.494702249765396
Ecuador,ECU,2020,0.473994910717011,1.0,0.473994910717011
Ecuador,ECU,2021,0.448739469051361,1.0,0.448739469051361
Ecuador,ECU,2022,0.428779242654727,1.0,0.428779242654727
Ecuador,ECU,2023,0.422329283911314,1.0,0.422329283911314
Ecuador,ECU,2024,0.430740974308494,1.0,0.430740974308494
Ecuador,ECU,2025,0.425220703426529,1.0,0.425220703426529
"Egypt, Arab Rep.",EGY,1990,0.460036472457643,1.55,0.2967977241662213
"Egypt, Arab Rep.",EGY,1991,0.516743317149525,3.13800833333333,0.16467238523889374
"Egypt, Arab Rep.",EGY,1992,0.597943488717907,3.32174833333333,0.1800086667366154
"Egypt, Arab Rep.",EGY,1993,0.633332732497365,3.3525175,0.18891258061959856
"Egypt, Arab Rep.",EGY,1994,0.672483347815794,3.38513333333333,0.19865786118197057
"Egypt, Arab Rep.",EGY,1995,0.7337600486674,3.39220833333333,0.2163074836699006
"Egypt, Arab Rep.",EGY,1996,0.771783729831489,3.39148333333334,0.22756524328041933
"Egypt, Arab Rep.",EGY,1997,0.833631687497435,3.38875,0.24599976023531833
"Egypt, Arab Rep.",EGY,1998,0.843967730683599,3.388,0.2491049972501768
"Egypt, Arab Rep.",EGY,1999,0.839842868263719,3.39525,0.24735818224393463
"Egypt, Arab Rep.",EGY,2000,0.853633230356826,3.47205,0.24585856492758631
"Egypt, Arab Rep.",EGY,2001,0.850427545494167,3.973,0.21405173558876592
"Egypt, Arab Rep.",EGY,2002,0.863923181803219,4.49966666666667,0.19199715130081157
"Egypt, Arab Rep.",EGY,2003,0.904615562126923,5.850875,0.1546120130966604
"Egypt, Arab Rep.",EGY,2004,0.983730007399745,6.19624166666666,0.15876236924260476
"Egypt, Arab Rep.",EGY,2005,1.0130817732074,5.77883333333333,0.1753090485174171
"Egypt, Arab Rep.",EGY,2006,1.05510660113741,5.73316666666666,0.18403557099986823
"Egypt, Arab Rep.",EGY,2007,1.156667958715,5.63543333333334,0.20524916014414718
"Egypt, Arab Rep.",EGY,2008,1.27329484145645,5.4325,0.23438469239879428
"Egypt, Arab Rep.",EGY,2009,1.40704141399742,5.54455330862977,0.2537700217991309
"Egypt, Arab Rep.",EGY,2010,1.53064743066604,5.6219429176105,0.2722630686753064
"Egypt, Arab Rep.",EGY,2011,1.67461729049683,5.93282765151515,0.28226292568420713
"Egypt, Arab Rep.",EGY,2012,1.73812182135184,6.05605833333333,0.2870054622467872
"Egypt, Arab Rep.",EGY,2013,1.85652273086132,6.870325,0.27022342187033654
"Egypt, Arab Rep.",EGY,2014,2.12936870268238,7.07760856060606,0.30085991397354717
"Egypt, Arab Rep.",EGY,2015,2.25048568402486,7.69125833333333,0.29260305485663196
"Egypt, Arab Rep.",EGY,2016,2.49919886929529,10.0254007885465,0.24928667910718288
"Egypt, Arab Rep.",EGY,2017,3.16914701461792,17.7825335150636,0.17821684474449787
"Egypt, Arab Rep.",EGY,2018,3.58117437362671,17.7672904218107,0.2015599615139147
"Egypt, Arab Rep.",EGY,2019,3.89337968826294,16.7705818428763,0.23215531367605738
"Egypt, Arab Rep.",EGY,2020,3.69509267807007,15.7591729166667,0.23447250040401468
"Egypt, Arab Rep.",EGY,2021,3.8546199798584,15.6445272777113,0.24638775665341217
"Egypt, Arab Rep.",EGY,2022,3.97385404919073,19.1604397412204,0.20739889599932637
"Egypt, Arab Rep.",EGY,2023,4.78237501847469,30.6264136980311,0.1561519760566069
"Egypt, Arab Rep.",EGY,2024,6.23876003840203,45.29926,0.13772322193347156
"Egypt, Arab Rep.",EGY,2025,7.58370974796763,49.2277558333333,0.15405353381623213
Eritrea,ERI,1992,1.06249161416466,2.80497089456543,0.3787888195999518
Eritrea,ERI,1993,1.0235344509527,5.00440837567428,0.2045265642044634
Eritrea,ERI,1994,1.22411015122166,5.46981835461199,0.22379356531822053
Eritrea,ERI,1995,1.3344552292172,6.16376298270549,0.21650008817040226
Eritrea,ERI,1996,1.42938614307456,6.35727511391219,0.22484258073816993
Eritrea,ERI,1997,1.45991599907571,6.75882178395591,0.21600155259919093
Eritrea,ERI,1998,1.57519915055871,7.36193041666667,0.2139655038021845
Eritrea,ERI,1999,1.5892319204323,8.15263333333333,0.1949347965809371
Eritrea,ERI,2000,1.94218944755412,9.625,0.20178591662899947
Eritrea,ERI,2001,2.1858011226335,11.3094520833333,0.19327206185830234
Eritrea,ERI,2002,2.49993009512358,13.9581941666667,0.17910125516763592
Eritrea,ERI,2003,2.98774829492708,13.8778905833333,0.21528835935017576
Eritrea,ERI,2004,3.63104650843245,13.7875,0.2633578609923808
Eritrea,ERI,2005,3.78906190065453,15.3679166666667,0.24655664022912593
Eritrea,ERI,2006,4.09451946789363,15.375,0.2663102092938946
Eritrea,ERI,2007,4.27705996417702,15.375,0.27818276189769237
Eritrea,ERI,2008,4.87080329805048,15.375,0.3168002145073483
Eritrea,ERI,2009,6.26924232719157,15.375,0.4077555985165249
Eritrea,ERI,2010,5.18879838711628,15.375,0.3374828219262621
Eritrea,ERI,2011,6.0772179935858,15.375,0.3952662109649301
Eritrea,ERI,2012,6.37545049576222,15.375,0.41466344687884354
Eritrea,ERI,2013,6.06140894105022,15.375,0.39423797990570536
Eritrea,ERI,2014,6.02877801055876,15.375,0.39211564296317136
Eritrea,ERI,2015,5.77168411573234,15.375,0.37539408882811964
Eritrea,ERI,2016,5.74096300770369,15.35,0.3740041047363967
Eritrea,ERI,2017,5.39268779754639,15.075,0.35772390033475227
Eritrea,ERI,2018,4.96084139586241,15.075,0.3290773728598614
Eritrea,ERI,2019,4.69091466303122,15.075,0.3111717852757029
Eritrea,ERI,2020,5.01428809751443,15.075,0.3326227593707748
Eritrea,ERI,2021,4.93847894668579,15.075,0.3275939599791569
Spain,ESP,1990,0.617949,101.933916666667,0.006062251115305893
Spain,ESP,1991,0.639188,103.911583333333,0.006151268025139983
Spain,ESP,1992,0.666885,102.379083333333,0.0065138793812864
Spain,ESP,1993,0.681001,127.260416666667,0.005351239747892267
Spain,ESP,1994,0.692634,133.957955,0.00517053279889201
Spain,ESP,1995,0.711877,124.689,0.005709220540705275
Spain,ESP,1996,0.722245,126.661583333333,0.005702163047332836
Spain,ESP,1997,0.723644,146.413628333333,0.004942463404789845
Spain,ESP,1998,0.723781,149.395331666667,0.0048447363911940065
Spain,ESP,1999,0.73921,0.938283072395283,0.7878326080347139
Spain,ESP,2000,0.739619,1.08270508132602,0.6831213898933285
Spain,ESP,2001,0.747598,1.11653308564462,0.6695708435441312
Spain,ESP,2002,0.742312,1.05755899623965,0.7019107233160796
Spain,ESP,2003,0.759318,0.88404792718493,0.8589104466517931
Spain,ESP,2004,0.765976,0.803921647747618,0.9527993208617631
Spain,ESP,2005,0.769508,0.803800192161442,0.9573374173135871
Spain,ESP,2006,0.736159,0.796432730949102,0.9243203743305799
Spain,ESP,2007,0.73227,0.729672399984083,1.0035599537764806
Spain,ESP,2008,0.725862,0.679922680042729,1.0675655060578122
Spain,ESP,2009,0.718327,0.716957702016136,1.0019098727582025
Spain,ESP,2010,0.727131,0.754308990105961,0.9639696855500248
Spain,ESP,2011,0.714129,0.718413898653317,0.9940356128112929
Spain,ESP,2012,0.694976,0.778338120416812,0.8928972920250002
Spain,ESP,2013,0.6748,0.752945122701996,0.8962140528627547
Spain,ESP,2014,0.662359,0.752728196932603,0.8799444509972378
Spain,ESP,2015,0.66474,0.901296423367096,0.7375375989140621
Spain,ESP,2016,0.642644,0.903421436257263,0.7113446440482705
Spain,ESP,2017,0.630839,0.885205508269372,0.7126469436835371
Spain,ESP,2018,0.631798,0.846772667108111,0.7461246973850841
Spain,ESP,2019,0.604131,0.893276257067409,0.6763092550823397
Spain,ESP,2020,0.606275,0.875506396987998,0.6924849459532975
Spain,ESP,2021,0.58847,0.84549413889045,0.6960071902713068
Spain,ESP,2022,0.55926,0.949623753156941,0.58892798136187
Spain,ESP,2023,0.556506,0.924839558470698,0.6017324787882459
Spain,ESP,2024,0.562107,0.923889546117607,0.6084136381476561
Spain,ESP,2025,0.570991,0.88496895841236,0.6452102015243129
Estonia,EST,1993,0.174588,13.22275,0.013203607419031593
Estonia,EST,1994,0.238747,12.99125,0.018377523333012603
Estonia,EST,1995,0.307408,11.46475,0.026813319086765958
Estonia,EST,1996,0.377198,12.038,0.031333942515368
Estonia,EST,1997,0.409474,13.88175,0.029497289606857924
Estonia,EST,1998,0.435394,14.0746666666667,0.030934586964759307
Estonia,EST,1999,0.462332,14.6775833333333,0.03149919094310492
Estonia,EST,2000,0.46876,16.9686366666667,0.02762508321725311
Estonia,EST,2001,0.487921,17.4780715333333,0.02791618051622352
Estonia,EST,2002,0.486245,16.6117916666667,0.029271075014485132
Estonia,EST,2003,0.485808,13.8564114045105,0.035060159937360204
Estonia,EST,2004,0.493701,12.5955635879843,0.03919641995781534
Estonia,EST,2005,0.503328,12.5837865859395,0.03999813542311611
Estonia,EST,2006,0.520905,12.4654837577722,0.0417877885946638
Estonia,EST,2007,0.551077,11.4338529961624,0.04819696389178352
Estonia,EST,2008,0.545055,10.6944430938413,0.05096618825471009
Estonia,EST,2009,0.516865,11.2574308850767,0.0459132288065101
Estonia,EST,2010,0.512242,11.8068482348947,0.04338516001976614
Estonia,EST,2011,0.5116,0.718413898653317,0.7121243073930026
Estonia,EST,2012,0.521063,0.778338120416812,0.6694558397332033
Estonia,EST,2013,0.522424,0.752945122701996,0.6938407385192231
Estonia,EST,2014,0.52689,0.752728196932603,0.6999737782470452
Estonia,EST,2015,0.53758,0.901296423367096,0.5964519397421871
Estonia,EST,2016,0.527849,0.903421436257263,0.5842777012097452
Estonia,EST,2017,0.534908,0.885205508269372,0.6042754987435359
Estonia,EST,2018,0.538757,0.846772667108111,0.6362475088384196
Estonia,EST,2019,0.52869,0.893276257067409,0.5918549785882238
Estonia,EST,2020,0.515202,0.875506396987998,0.5884617197229488
Estonia,EST,2021,0.5341,0.84549413889045,0.631701599612393
Estonia,EST,2022,0.560333,0.949623753156941,0.5900579025505859
Estonia,EST,2023,0.572987,0.924839558470698,0.6195528670372659
Estonia,EST,2024,0.576166,0.923889546117607,0.6236308251578123
Estonia,EST,2025,0.584555,0.88496895841236,0.6605372927980383
Ethiopia,ETH,1990,1.30103354999105,2.07,0.6285186231840821
Ethiopia,ETH,1991,1.49864521536657,2.07,0.7239831958292609
Ethiopia,ETH,1992,1.6928407982536,2.8025,0.6040466719905798
Ethiopia,ETH,1993,1.87484978408862,5.0,0.374969956817724
Ethiopia,ETH,1994,1.88945945481846,5.465,0.34573823509944374
Ethiopia,ETH,1995,2.08580824434276,6.15833333333333,0.338696873235631
Ethiopia,ETH,1996,2.05320682245251,6.351675,0.32325438918907373
Ethiopia,ETH,1997,2.02257169200624,6.70934166666667,0.30145605820832977
Ethiopia,ETH,1998,1.99709025190693,7.11590833333334,0.28065148655047717
Ethiopia,ETH,1999,2.01299419504164,7.94225,0.25345389468244395
Ethiopia,ETH,2000,2.10225756341616,8.21725833333333,0.2558344253202247
Ethiopia,ETH,2001,1.93763603549094,8.45749166666667,0.2291029198559785
Ethiopia,ETH,2002,1.83888957550276,8.56775,0.21462922885270463
Ethiopia,ETH,2003,2.03353031000399,8.59968333333333,0.2364657198622419
Ethiopia,ETH,2004,2.05773476068033,8.63558333333333,0.23828555422972747
Ethiopia,ETH,2005,2.19221082771198,8.66644166666667,0.2529539702717643
Ethiopia,ETH,2006,2.37230468748906,8.69861583333333,0.272722089691365
Ethiopia,ETH,2007,2.70747675798704,8.96595,0.30197321622215606
Ethiopia,ETH,2008,3.46146586303349,9.59974166666667,0.3605790638151015
Ethiopia,ETH,2009,4.27094342989242,11.7775996725,0.36263275613492124
Ethiopia,ETH,2010,4.28061851026844,14.4095898080066,0.2970673396885969
Ethiopia,ETH,2011,5.03550291061401,16.8992257595275,0.29797240313066287
Ethiopia,ETH,2012,6.61676879404236,17.7047613782674,0.3737282108848101
Ethiopia,ETH,2013,7.02923105524662,18.6266289575478,0.3773753732501482
Ethiopia,ETH,2014,7.0664702105877,19.585789907695,0.3607957730523484
Ethiopia,ETH,2015,7.65418596878957,20.57684875,0.3719804748426102
Ethiopia,ETH,2016,7.91032495172366,21.7315472222222,0.36400192176076335
Ethiopia,ETH,2017,8.33639240264893,23.8661044574125,0.3492984126305437
Ethiopia,ETH,2018,9.31989192962646,27.4293865941667,0.3397776285528924
Ethiopia,ETH,2019,10.3675975799561,29.06975,0.3566455707378323
Ethiopia,ETH,2020,11.7911653518677,34.9271654040404,0.33759296568921365
Ethiopia,ETH,2021,13.7311124801636,43.73377831884,0.31397041389969266
Ethiopia,ETH,2022,17.2633656192497,51.7562150334169,0.33355154754078215
Ethiopia,ETH,2023,22.1265402742069,54.6009480676569,0.4052409538162149
Ethiopia,ETH,2024,27.1045539967632,82.6013363504764,0.32813699141329783
Finland,FIN,1990,1.005162,3.823505,0.26289020152974824
Finland,FIN,1991,0.987025,4.04397916666667,0.24407272127803145
Finland,FIN,1992,0.973657,4.47944,0.21736132195095814
Finland,FIN,1993,0.967904,5.71229166666667,0.16944232831248396
Finland,FIN,1994,0.965154,5.2235125,0.1847710711901235
Finland,FIN,1995,0.985051,4.36666666666667,0.2255841984732823
Finland,FIN,1996,0.991636,4.59355,0.215875738807676
Finland,FIN,1997,0.989122,5.191435,0.19052959345537407
Finland,FIN,1998,0.991466,5.34406583333333,0.1855265318431863
Finland,FIN,1999,0.992037,0.938283072395283,1.0572896700219605
Finland,FIN,2000,0.983787,1.08270508132602,0.9086380187623465
Finland,FIN,2001,1.002749,1.11653308564462,0.8980916131303642
Finland,FIN,2002,0.998133,1.05755899623965,0.9438083393447076
Finland,FIN,2003,1.002074,0.88404792718493,1.1335064188102333
Finland,FIN,2004,0.973313,0.803921647747618,1.210706295479134
Finland,FIN,2005,0.979424,0.803800192161442,1.2184918709291428
Finland,FIN,2006,0.953073,0.796432730949102,1.196677337537636
Finland,FIN,2007,0.934638,0.729672399984083,1.2809008536164834
Finland,FIN,2008,0.912125,0.679922680042729,1.3415128319335934
Finland,FIN,2009,0.896061,0.716957702016136,1.2498101317277335
Finland,FIN,2010,0.900732,0.754308990105961,1.1941154246000307
Finland,FIN,2011,0.898068,0.718413898653317,1.2500704700778322
Finland,FIN,2012,0.908495,0.778338120416812,1.1672240844550785
Finland,FIN,2013,0.905357,0.752945122701996,1.202420963630209
Finland,FIN,2014,0.90721,0.752728196932603,1.2052291965372315
Finland,FIN,2015,0.907748,0.901296423367096,1.007158107439062
Finland,FIN,2016,0.880895,0.903421436257263,0.9750654175856325
Finland,FIN,2017,0.863657,0.885205508269372,0.9756570558270693
Finland,FIN,2018,0.853746,0.846772667108111,1.0082351889270402
Finland,FIN,2019,0.826328,0.893276257067409,0.9250531327372368
Finland,FIN,2020,0.802112,0.875506396987998,0.9161692053416212
Finland,FIN,2021,0.790539,0.84549413889045,0.9350023419883571
Finland,FIN,2022,0.770918,0.949623753156941,0.8118141500116763
Finland,FIN,2023,0.770345,0.924839558470698,0.8329498808137401
Finland,FIN,2024,0.753945,0.923889546117607,0.8160553425117185
Finland,FIN,2025,0.754195,0.88496895841236,0.8522276322019595
Fiji,FJI,1990,0.647576255792932,1.48090833333333,0.4372831465775623
Fiji,FJI,1991,0.663933376821585,1.4755575,0.4499542558128606
Fiji,FJI,1992,0.690079570872333,1.50299083333333,0.45913757793311083
Fiji,FJI,1993,0.722888207589353,1.541775,0.4688675115301215
Fiji,FJI,1994,0.713636452136212,1.464125,0.4874149762733455
Fiji,FJI,1995,0.706882377899916,1.40633333333333,0.5026421269731578
Fiji,FJI,1996,0.714085658618594,1.4033,0.5088617249473342
Fiji,FJI,1997,0.725075921296385,1.443675,0.5022431788985644
Fiji,FJI,1998,0.770420750684214,1.98681666666667,0.3877664022100073
Fiji,FJI,1999,0.810810333514459,1.969625,0.4116572106438835
Fiji,FJI,2000,0.7554291583858,2.128625,0.3548906727985437
Fiji,FJI,2001,0.762770598004213,2.27660294602613,0.33504770752214347
Fiji,FJI,2002,0.775632810393564,2.1867833500115,0.35469119992590264
Fiji,FJI,2003,0.819204423873736,1.89576838179997,0.4321226325633347
Fiji,FJI,2004,0.815254911335836,1.73310167837133,0.470402239816631
Fiji,FJI,2005,0.842998294946533,1.69104621571552,0.49850695215319196
Fiji,FJI,2006,0.848419537115228,1.73126493278745,0.49005759953170014
Fiji,FJI,2007,0.851023189825567,1.61041379610359,0.5284500119687405
Fiji,FJI,2008,0.852955313245334,1.59403441077344,0.5350921582875192
Fiji,FJI,2009,0.8595159897885,1.95809503538886,0.43895519586862536
Fiji,FJI,2010,0.885114981409079,1.91850867822547,0.4613557350325715
Fiji,FJI,2011,0.948667109012604,1.79088383126012,0.5297200703102518
Fiji,FJI,2012,0.929814843632577,1.78989281741094,0.519480739063216
Fiji,FJI,2013,0.93485934843799,1.84147661706532,0.5076683243080404
Fiji,FJI,2014,0.932632883062748,1.88734535831922,0.49415062216981137
Fiji,FJI,2015,0.911280753973239,2.09762981633101,0.4344335434586697
Fiji,FJI,2016,0.937498468146302,2.09469593918508,0.44755825922449927
Fiji,FJI,2017,0.939452171325684,2.06687530381454,0.45452774513869787
Fiji,FJI,2018,0.960431039333344,2.08737978924997,0.46011322150361655
Fiji,FJI,2019,0.972497940063477,2.16039311531464,0.45014860173808796
Fiji,FJI,2020,0.935144364833832,2.16880492424242,0.4311795654745136
Fiji,FJI,2021,0.910048425197601,2.07063333333333,0.4395024510363668
Fiji,FJI,2022,0.918217936754945,2.2014069869585,0.4171050342779052
Fiji,FJI,2023,0.909830706289817,2.250125,0.4043467390877471
Fiji,FJI,2024,0.942012332041687,2.2683,0.4152944196277772
Fiji,FJI,2025,0.934666867351328,2.29903333333333,0.40654776675037163
France,FRA,1990,1.025418,5.445275,0.18831335423830753
France,FRA,1991,1.016227,5.64211666666667,0.1801144960372436
France,FRA,1992,1.013658,5.29381583333333,0.1914796494463116
France,FRA,1993,1.005612,5.66323,0.17756863132876466
France,FRA,1994,0.993971,5.552045,0.1790279077348977
France,FRA,1995,0.98476,4.9914825,0.19728808024469682
France,FRA,1996,0.981183,5.1155225,0.1918050404430828
France,FRA,1997,0.969165,5.83669166666667,0.16604697581249642
France,FRA,1998,0.961518,5.89951566666667,0.16298253184286812
France,FRA,1999,0.952721,0.938283072395283,1.015387603197252
France,FRA,2000,0.930052,1.08270508132602,0.8590076984407782
France,FRA,2001,0.911776,1.11653308564462,0.8166135081197299
France,FRA,2002,0.900678,1.05755899623965,0.8516574519270603
France,FRA,2003,0.929961,0.88404792718493,1.051935049450623
France,FRA,2004,0.935225,0.803921647747618,1.1633285440443857
France,FRA,2005,0.916458,0.803800192161442,1.140156482838873
France,FRA,2006,0.894884,0.796432730949102,1.123615297595284
France,FRA,2007,0.888602,0.729672399984083,1.2178095266031495
France,FRA,2008,0.881874,0.679922680042729,1.2970210082484372
France,FRA,2009,0.862542,0.716957702016136,1.2030584197289054
France,FRA,2010,0.854875,0.754308990105961,1.133322035416696
France,FRA,2011,0.841361,0.718413898653317,1.171136863550594
France,FRA,2012,0.844301,0.778338120416812,1.0847483604527346
France,FRA,2013,0.811643,0.752945122701996,1.077957709703149
France,FRA,2014,0.807565,0.752728196932603,1.072850735884293
France,FRA,2015,0.808694,0.901296423367096,0.8972564175710933
France,FRA,2016,0.780044,0.903421436257263,0.8634331317525551
France,FRA,2017,0.770109,0.885205508269372,0.8699776411305976
France,FRA,2018,0.756166,0.846772667108111,0.8929976478603756
France,FRA,2019,0.705954,0.893276257067409,0.7902975080941022
France,FRA,2020,0.693052,0.875506396987998,0.7916012976995995
France,FRA,2021,0.703945,0.84549413889045,0.8325841275775061
France,FRA,2022,0.682729,0.949623753156941,0.718946843663427
France,FRA,2023,0.678524,0.924839558470698,0.733666714172562
France,FRA,2024,0.681239,0.923889546117607,0.7373597881507812
France,FRA,2025,0.677618,0.88496895841236,0.7656969135003912
Faroe Islands,FRO,2008,6.35256798523733,5.09813083333334,1.246058250153575
Faroe Islands,FRO,2009,6.41429591368997,5.36086666666667,1.1965035343209367
Faroe Islands,FRO,2010,6.77763396381815,5.624075,1.2051108784676858
Faroe Islands,FRO,2011,6.57741153207814,5.36871153508772,1.2251378173498142
Faroe Islands,FRO,2012,6.30218838864158,5.79247553703916,1.0879956848057681
Faroe Islands,FRO,2013,6.29068301504234,5.61631168617622,1.1200737007751889
Faroe Islands,FRO,2014,6.34819151314729,5.61246666666667,1.1310876108806502
Faroe Islands,FRO,2015,6.59667124946978,6.72790683129629,0.9804938467316402
Faroe Islands,FRO,2016,7.04860647301933,6.73171825724638,1.0470738975790965
Faroe Islands,FRO,2017,6.95062971115112,6.60289346561404,1.0526642217306685
Faroe Islands,FRO,2018,6.69964343061627,6.31461878666667,1.0609735372723657
Faroe Islands,FRO,2019,6.76000199752143,6.669446615,1.013577645605224
Faroe Islands,FRO,2020,6.60500877907687,6.54215220416667,1.0096079352709293
Faroe Islands,FRO,2021,6.37792730331421,6.2871130825,1.0144445025280344
Faroe Islands,FRO,2022,6.30552160356804,7.0761518625,0.8910947257907356
Faroe Islands,FRO,2023,6.25954159690578,6.88970258583334,0.9085358212380167
Faroe Islands,FRO,2024,6.22980312304618,6.89448141666666,0.903592706477721
"Micronesia, Fed. Sts.",FSM,1990,0.868915823080393,1.0,0.868915823080393
"Micronesia, Fed. Sts.",FSM,1991,0.88336876925372,1.0,0.88336876925372
"Micronesia, Fed. Sts.",FSM,1992,0.889860827098985,1.0,0.889860827098985
"Micronesia, Fed. Sts.",FSM,1993,0.895440631976591,1.0,0.895440631976591
"Micronesia, Fed. Sts.",FSM,1994,0.89964735719576,1.0,0.89964735719576
"Micronesia, Fed. Sts.",FSM,1995,0.894288451661804,1.0,0.894288451661804
"Micronesia, Fed. Sts.",FSM,1996,0.894567810153697,1.0,0.894567810153697
"Micronesia, Fed. Sts.",FSM,1997,0.88503663258565,1.0,0.88503663258565
"Micronesia, Fed. Sts.",FSM,1998,0.90153633208029,1.0,0.90153633208029
"Micronesia, Fed. Sts.",FSM,1999,0.881787822741595,1.0,0.881787822741595
"Micronesia, Fed. Sts.",FSM,2000,0.871261854105906,1.0,0.871261854105906
"Micronesia, Fed. Sts.",FSM,2001,0.861520528497758,1.0,0.861520528497758
"Micronesia, Fed. Sts.",FSM,2002,0.849119460019057,1.0,0.849119460019057
"Micronesia, Fed. Sts.",FSM,2003,0.829602803280067,1.0,0.829602803280067
"Micronesia, Fed. Sts.",FSM,2004,0.815758879542625,1.0,0.815758879542625
"Micronesia, Fed. Sts.",FSM,2005,0.807300850535689,1.0,0.807300850535689
"Micronesia, Fed. Sts.",FSM,2006,0.79595078321184,1.0,0.79595078321184
"Micronesia, Fed. Sts.",FSM,2007,0.797491071827761,1.0,0.797491071827761
"Micronesia, Fed. Sts.",FSM,2008,0.828121722914707,1.0,0.828121722914707
"Micronesia, Fed. Sts.",FSM,2009,0.862301503763916,1.0,0.862301503763916
"Micronesia, Fed. Sts.",FSM,2010,0.882988437562147,1.0,0.882988437562147
"Micronesia, Fed. Sts.",FSM,2011,0.879293960153449,1.0,0.879293960153449
"Micronesia, Fed. Sts.",FSM,2012,0.92300947913154,1.0,0.92300947913154
"Micronesia, Fed. Sts.",FSM,2013,0.913381545379715,1.0,0.913381545379715
"Micronesia, Fed. Sts.",FSM,2014,0.927239741793669,1.0,0.927239741793669
"Micronesia, Fed. Sts.",FSM,2015,0.86897160859895,1.0,0.86897160859895
"Micronesia, Fed. Sts.",FSM,2016,0.890945112539156,1.0,0.890945112539156
"Micronesia, Fed. Sts.",FSM,2017,0.946637692424728,1.0,0.946637692424728
"Micronesia, Fed. Sts.",FSM,2018,1.00594447145015,1.0,1.00594447145015
"Micronesia, Fed. Sts.",FSM,2019,0.957243657272113,1.0,0.957243657272113
"Micronesia, Fed. Sts.",FSM,2020,0.910429814068035,1.0,0.910429814068035
"Micronesia, Fed. Sts.",FSM,2021,0.886870916030328,1.0,0.886870916030328
"Micronesia, Fed. Sts.",FSM,2022,0.906163876973741,1.0,0.906163876973741
"Micronesia, Fed. Sts.",FSM,2023,0.921787754114453,1.0,0.921787754114453
"Micronesia, Fed. Sts.",FSM,2024,0.954938228573462,1.0,0.954938228573462
"Micronesia, Fed. Sts.",FSM,2025,0.95865080658499,1.0,0.95865080658499
Gabon,GAB,1990,146.779135691824,272.264787954393,0.5391043652564096
Gabon,GAB,1991,125.840384272725,282.10690880882,0.44607338687336195
Gabon,GAB,1992,123.299694807913,264.691800750579,0.46582362754824885
Gabon,GAB,1993,119.831119770011,283.162579500018,0.4231884028659351
Gabon,GAB,1994,171.9429127614,555.204695655697,0.30969282880134025
Gabon,GAB,1995,170.667070134005,499.14842590131,0.3419164746955422
Gabon,GAB,1996,190.329606196144,511.552430272516,0.3720627543392785
Gabon,GAB,1997,188.874110289709,583.669372353396,0.3235977751036606
Gabon,GAB,1998,153.55445700063,589.951774567332,0.2602830665493737
Gabon,GAB,1999,180.469784090146,615.473349319164,0.29322111881819335
Gabon,GAB,2000,226.042263388713,710.207977031367,0.3182761538860181
Gabon,GAB,2001,207.242305539473,732.397693260228,0.28296417021324205
Gabon,GAB,2002,205.817508311669,693.713226496374,0.2966896124370562
Gabon,GAB,2003,201.394475769265,579.897426172466,0.34729327408562893
Gabon,GAB,2004,211.349932921739,527.338032291576,0.40078644053664475
Gabon,GAB,2005,246.103135914203,527.258362649626,0.46676004279470024
Gabon,GAB,2006,262.300026630725,522.425624895176,0.5020810889269742
Gabon,GAB,2007,266.187190317151,478.633718476363,0.5561396534379274
Gabon,GAB,2008,314.637406563173,446.000041432788,0.7054649716004313
Gabon,GAB,2009,256.188039632467,470.293423341398,0.5447408509612383
Gabon,GAB,2010,295.038285881166,494.794262222947,0.5962847761323192
Gabon,GAB,2011,325.732543945313,471.248625718937,0.6912116580677035
Gabon,GAB,2012,324.672801964038,510.556338454251,0.6359196380697382
Gabon,GAB,2013,313.33587842154,493.899623852237,0.6344120612557554
Gabon,GAB,2014,305.866491635978,493.757329875312,0.6194672425687698
Gabon,GAB,2015,291.221671949243,591.21169798261,0.49258442101700267
Gabon,GAB,2016,282.679241786938,592.605615063022,0.47701073800469446
Gabon,GAB,2017,271.626159667969,580.656749587858,0.46779127231495266
Gabon,GAB,2018,274.421081542969,555.446458398226,0.4940549667637334
Gabon,GAB,2019,273.352203369141,585.911013180369,0.46654218340318393
Gabon,GAB,2020,262.635467529297,575.586004510945,0.45629230987374164
Gabon,GAB,2021,244.922546386719,554.530675033104,0.44167537958490355
Gabon,GAB,2022,262.405459108734,623.759700911182,0.42068357209581625
Gabon,GAB,2023,227.844268825763,606.569750165917,0.3756274835061261
Gabon,GAB,2024,231.6583571757,606.345297609063,0.3820568215654905
Gabon,GAB,2025,216.420044727798,581.92848104034,0.37190144799390823
United Kingdom,GBR,1990,0.651578,0.563177166666667,1.1569680707344012
United Kingdom,GBR,1991,0.672007,0.567015333333333,1.185165480533743
United Kingdom,GBR,1992,0.672865,0.569774166666667,1.180932796473456
United Kingdom,GBR,1993,0.66872,0.666756553333333,1.0029447729562628
United Kingdom,GBR,1994,0.65686,0.653426604166667,1.0052544475713714
United Kingdom,GBR,1995,0.712913,0.63366812,1.125057388085107
United Kingdom,GBR,1996,0.712844,0.640958255,1.112153552028127
United Kingdom,GBR,1997,0.708637,0.610836114166667,1.1601098618190866
United Kingdom,GBR,1998,0.720671,0.603823594166667,1.1935124876903713
United Kingdom,GBR,1999,0.725819,0.618056845,1.174356381410192
United Kingdom,GBR,2000,0.704372,0.660930833333333,1.0657272508343667
United Kingdom,GBR,2001,0.694551,0.694655,0.9998502853934688
United Kingdom,GBR,2002,0.689877,0.667223333333333,1.0339521499547883
United Kingdom,GBR,2003,0.695928,0.6124725,1.1362599953467298
United Kingdom,GBR,2004,0.687912,0.54618,1.2594968691640118
United Kingdom,GBR,2005,0.707619,0.549998333333333,1.2865838987390879
United Kingdom,GBR,2006,0.69664,0.543486666666667,1.2817977748610814
United Kingdom,GBR,2007,0.709103,0.499771666666667,1.4188539433007732
United Kingdom,GBR,2008,0.701691,0.54396625,1.2899531910297743
United Kingdom,GBR,2009,0.709725,0.641919263495996,1.1056296957575678
United Kingdom,GBR,2010,0.702443,0.647179345560165,1.0853915608076177
United Kingdom,GBR,2011,0.706052,0.624140835740495,1.1312382711865405
United Kingdom,GBR,2012,0.701634,0.633046988857327,1.1083442656705074
United Kingdom,GBR,2013,0.695248,0.639660577613477,1.0869014354361421
United Kingdom,GBR,2014,0.698444,0.607729626878255,1.1492676498062475
United Kingdom,GBR,2015,0.692551,0.654545478931426,1.0580639883581806
United Kingdom,GBR,2016,0.688603,0.740634463697084,0.9297474445931744
United Kingdom,GBR,2017,0.684601,0.776976682344123,0.881108810028343
United Kingdom,GBR,2018,0.687714,0.749531540259847,0.9175250980920481
United Kingdom,GBR,2019,0.669665,0.783445110011929,0.8547695191942719
United Kingdom,GBR,2020,0.653446,0.779999576697153,0.8377517366957631
United Kingdom,GBR,2021,0.668934,0.727064944688323,0.920047108428199
United Kingdom,GBR,2022,0.633175,0.811301715827773,0.7804433143025836
United Kingdom,GBR,2023,0.660709,0.804538906734353,0.8212269095621952
United Kingdom,GBR,2024,0.664153,0.782414580986262,0.8488504894205972
United Kingdom,GBR,2025,0.677133,0.759473957338608,0.8915815920441145
Georgia,GEO,1996,0.38793798574064,1.2628,0.30720461335178967
Georgia,GEO,1997,0.406283489439613,1.2975,0.31312793020394064
Georgia,GEO,1998,0.429652156305944,1.38981666666667,0.30914304498622813
Georgia,GEO,1999,0.464873912701654,2.02451666666667,0.22962217123510298
Georgia,GEO,2000,0.475842923421307,1.97616666666667,0.2407908864407386
Georgia,GEO,2001,0.49037465377975,2.07301666666667,0.23655123553263724
Georgia,GEO,2002,0.511452353477603,2.195675,0.23293627402853473
Georgia,GEO,2003,0.518733334809136,2.14565,0.24176046177574909
Georgia,GEO,2004,0.547752183368209,1.91665,0.2857862329419607
Georgia,GEO,2005,0.573243106047758,1.812675,0.3162415248446401
Georgia,GEO,2006,0.60306903660421,1.78043333333333,0.33872036953787155
Georgia,GEO,2007,0.642750864213563,1.67049166666667,0.3847674771680364
Georgia,GEO,2008,0.691090327023834,1.49079166666667,0.4635727060167131
Georgia,GEO,2009,0.672184335918192,1.67048709677419,0.40238822389961587
Georgia,GEO,2010,0.75846868355388,1.78234166666667,0.4255461776710667
Georgia,GEO,2011,0.811295330524445,1.68649543010753,0.48105397503076386
Georgia,GEO,2012,0.743673981829331,1.65125833333333,0.4503680416425852
Georgia,GEO,2013,0.725892425915326,1.66335,0.4364038993088201
Georgia,GEO,2014,0.724575737652637,1.76566666666667,0.4103694946116494
Georgia,GEO,2015,0.755844016936428,2.26934166666667,0.33306752704481557
Georgia,GEO,2016,0.75056031815742,2.366725,0.3171303460086913
Georgia,GEO,2017,0.80830192565918,2.50954166666667,0.32209145454548965
Georgia,GEO,2018,0.810541391372681,2.53411083333333,0.3198523840042574
Georgia,GEO,2019,0.797049462795258,2.818145,0.282827697934371
Georgia,GEO,2020,0.796508133411407,3.10901666666667,0.25619294420360333
Georgia,GEO,2021,0.865621149539948,3.22155833333333,0.2686964071342126
Georgia,GEO,2022,0.873888015814541,2.9162,0.2996666949504633
Georgia,GEO,2023,0.867549901216465,2.62795833333333,0.33012315690563315
Georgia,GEO,2024,0.887666169870326,2.72061666666667,0.3262738851621844
Georgia,GEO,2025,0.903514180711349,2.74264166666667,0.3294320915825124
Ghana,GHA,1990,0.0172229476531372,0.032615621953405,0.5280582316578869
Ghana,GHA,1991,0.019998353868997,0.0367633074820789,0.543975916169829
Ghana,GHA,1992,0.0217329251852238,0.0436851673835125,0.49748980001450477
Ghana,GHA,1993,0.0279716767885835,0.0648711875896057,0.43118798696180183
Ghana,GHA,1994,0.035638294557521,0.0955682388545159,0.3729093994477955
Ghana,GHA,1995,0.0499319978149189,0.119913872960145,0.4163988417880096
Ghana,GHA,1996,0.068568451773213,0.163547167575201,0.41925795958333784
Ghana,GHA,1997,0.0805220550953174,0.204796277898216,0.3931812429488438
Ghana,GHA,1998,0.0932023603911411,0.231165900582341,0.40318386127171274
Ghana,GHA,1999,0.104741619302452,0.266642972407191,0.3928159754478767
Ghana,GHA,2000,0.130311081157497,0.544919175868766,0.2391383657030269
Ghana,GHA,2001,0.171814001935954,0.716305157808996,0.23986146136583944
Ghana,GHA,2002,0.207790472699698,0.792417084313167,0.2622236153323244
Ghana,GHA,2003,0.26225770370444,0.866764326525345,0.3025709476943631
Ghana,GHA,2004,0.292038898703269,0.899494854007063,0.3246698937768196
Ghana,GHA,2005,0.32553187318178,0.905209485833333,0.3596204837403978
Ghana,GHA,2006,0.35617906063167,0.915106799166667,0.38922130286434425
Ghana,GHA,2007,0.40263068743152,0.932619195,0.43172035230469386
Ghana,GHA,2008,0.471694217106667,1.052275,0.44826135478526713
Ghana,GHA,2009,0.542248034001112,1.40496666666667,0.3859508178137873
Ghana,GHA,2010,0.624646347440148,1.42998333333333,0.4368207187310921
Ghana,GHA,2011,0.697181165218353,1.520625,0.4584832981296198
Ghana,GHA,2012,0.760881671213248,1.82486666666667,0.4169519259196544
Ghana,GHA,2013,0.871647762186301,1.98135,0.43992619284139656
Ghana,GHA,2014,1.02569231218683,2.896575,0.35410521467140676
Ghana,GHA,2015,1.2319478577983,3.71464166666667,0.33164648661893337
Ghana,GHA,2016,1.49273430727059,3.90981666666667,0.3817913816770408
Ghana,GHA,2017,1.69359111785889,4.35053333333333,0.3892835632088536
Ghana,GHA,2018,1.81923377513885,4.585325,0.3967513262721508
Ghana,GHA,2019,1.90021753311157,5.21736666666667,0.3642100803939859
Ghana,GHA,2020,2.03251671791077,5.59570833333333,0.36322778044080295
Ghana,GHA,2021,2.14874577522278,5.8057,0.37010968104152475
Ghana,GHA,2022,2.57145102292101,8.2724,0.31084703627979915
Ghana,GHA,2023,3.47419917524807,11.0204083333333,0.31525140177789057
Ghana,GHA,2024,4.26723310217426,14.1819416666667,0.3008920218734212
Ghana,GHA,2025,4.75008975177416,12.556825,0.3782874852340588
Guinea,GIN,1990,458.161746195402,660.166666666667,0.6940092090816488
Guinea,GIN,1991,557.59616778618,753.858083333333,0.7396566808976273
Guinea,GIN,1992,688.117870084561,902.001333333333,0.7628789943598323
Guinea,GIN,1993,676.713799069377,955.490333333333,0.7082372007978214
Guinea,GIN,1994,672.02814879719,976.636416666667,0.6881047412617198
Guinea,GIN,1995,697.40050141814,991.4115,0.7034420131480621
Guinea,GIN,1996,695.450038847442,1004.01658333333,0.6926678805827603
Guinea,GIN,1997,693.465226351112,1095.3255,0.6331133771204196
Guinea,GIN,1998,708.557220763507,1236.83175,0.5728808471835454
Guinea,GIN,1999,728.207863618759,1387.40133333333,0.5248718205201577
Guinea,GIN,2000,756.939700137642,1746.86991666667,0.4333120016068592
Guinea,GIN,2001,753.243795993838,1950.55833333333,0.38616830018439474
Guinea,GIN,2002,744.927493655598,1975.84375,0.3770174102358033
Guinea,GIN,2003,846.73346344844,1984.93125,0.4265807510705673
Guinea,GIN,2004,960.790733633506,2243.93125,0.42817298151781874
Guinea,GIN,2005,1186.74944817492,3644.33333333333,0.32564239865771183
Guinea,GIN,2006,1583.93198080143,5148.75,0.3076342764363059
Guinea,GIN,2007,1752.17467935732,4197.75200416667,0.41740785963966404
Guinea,GIN,2008,2006.22358081005,4601.69100416667,0.4359752923422031
Guinea,GIN,2009,2029.23845254135,4801.0832375,0.42266262677795324
Guinea,GIN,2010,2327.7103186553,5726.07102083333,0.40651090602724343
Guinea,GIN,2011,2485.90087890625,6658.03125833333,0.37336876059193097
Guinea,GIN,2012,2729.40340394865,6985.82902633333,0.3907057263583273
Guinea,GIN,2013,2806.85647759278,6907.8780695,0.40632687047354665
Guinea,GIN,2014,2865.0392114501,7014.11877725,0.4084674500726641
Guinea,GIN,2015,2899.10785161767,7485.51674166667,0.3872956205521993
Guinea,GIN,2016,2831.13495412508,8967.92707958333,0.3156955814873353
Guinea,GIN,2017,2819.40551757813,9088.31949623166,0.3102229756279096
Guinea,GIN,2018,2956.56860351563,9011.13417725194,0.32810171787024406
Guinea,GIN,2019,3049.65771484375,9183.87586390984,0.3320665218078659
Guinea,GIN,2020,3024.84619140625,9565.08218343833,0.31623839015661426
"Gambia, The",GMB,1990,2.36222850443498,7.87899218084407,0.29981353581974446
"Gambia, The",GMB,1991,2.47360934900172,8.73314083987557,0.2832439547644996
"Gambia, The",GMB,1992,2.59069223184023,8.89571491305405,0.29122923308148163
"Gambia, The",GMB,1993,2.66084335022503,9.11441947156806,0.29193777601803245
"Gambia, The",GMB,1994,2.7036261718519,9.58177096011339,0.2821635147726288
"Gambia, The",GMB,1995,2.7530546694629,9.54426481930989,0.28845120306101935
"Gambia, The",GMB,1996,2.78227872567018,9.7971734695093,0.28398790062553964
"Gambia, The",GMB,1997,2.84027252432298,10.2001666666667,0.27845354072544276
"Gambia, The",GMB,1998,2.87941746381445,10.6431,0.27054311843489676
"Gambia, The",GMB,1999,2.9624837765487,11.3950916666667,0.2599789333169347
"Gambia, The",GMB,2000,2.96108712412271,12.7876250950944,0.23155880017616756
"Gambia, The",GMB,2001,3.33391117070973,15.6871583333333,0.21252486268501383
"Gambia, The",GMB,2002,3.81156857295277,19.917825,0.19136469835199224
"Gambia, The",GMB,2003,4.76159185104773,28.5305083333333,0.16689474282813874
"Gambia, The",GMB,2004,9.00440432979574,30.0300833333333,0.29984613195531423
"Gambia, The",GMB,2005,9.08982079052625,28.5754333333333,0.31809914077218754
"Gambia, The",GMB,2006,8.93280652913098,28.065725,0.3182816951684298
"Gambia, The",GMB,2007,9.08114266832039,24.8734333333333,0.36509405624154834
"Gambia, The",GMB,2008,9.13006786077572,22.19235,0.41140608636650555
"Gambia, The",GMB,2009,9.48364242446811,26.6443612042313,0.35593431389760793
"Gambia, The",GMB,2010,9.89863380257085,28.0119536626841,0.35337177555584903
"Gambia, The",GMB,2011,10.1419715881348,29.4615200601576,0.3442446814497645
"Gambia, The",GMB,2012,10.7593017516153,32.0771338886217,0.3354196727480009
"Gambia, The",GMB,2013,11.7161744085834,35.9575868341651,0.32583316735402496
"Gambia, The",GMB,2014,12.2586085125174,41.7329616505126,0.2937392417814859
"Gambia, The",GMB,2015,13.231134230546,42.5062080923725,0.31127533657654705
"Gambia, The",GMB,2016,14.0085076067416,43.3725276731819,0.32298112095973924
"Gambia, The",GMB,2017,14.6875677108765,46.6089094621101,0.3151236079191362
"Gambia, The",GMB,2018,14.7201194763184,48.1517806379073,0.30570249492975227
"Gambia, The",GMB,2019,15.2599792480469,50.0624613684222,0.30481879697733777
"Gambia, The",GMB,2020,14.6587619781494,51.5016603661723,0.28462697850762253
"Gambia, The",GMB,2021,14.7418222427368,51.4844438783833,0.28633546625384504
"Gambia, The",GMB,2022,14.97642146813,54.9234673586679,0.27267800429148353
"Gambia, The",GMB,2023,16.4233646342791,61.0963330077956,0.2688109715550941
"Gambia, The",GMB,2024,16.9545354395068,67.661238258942,0.25057973923890037
"Gambia, The",GMB,2025,17.7935316169312,71.2893818242692,0.24959581864228916
Guinea-Bissau,GNB,1990,26.5738155494081,272.264787954393,0.09760283637507863
Guinea-Bissau,GNB,1991,43.1564690778736,282.10690880882,0.15297912858674495
Guinea-Bissau,GNB,1992,69.613661984352,264.691800750579,0.2629989360718788
Guinea-Bissau,GNB,1993,101.362722769529,283.162579500018,0.3579665185580164
Guinea-Bissau,GNB,1994,122.317312266934,555.204695655697,0.22031029856921003
Guinea-Bissau,GNB,1995,173.394353333115,499.14842590131,0.34738034687782016
Guinea-Bissau,GNB,1996,237.082966212969,511.552430272516,0.4634578044848098
Guinea-Bissau,GNB,1997,312.627708902039,583.669372353396,0.5356246596279364
Guinea-Bissau,GNB,1998,341.120737035778,589.951774567332,0.578218003134162
Guinea-Bissau,GNB,1999,294.577173239488,615.473349319164,0.4786188931906621
Guinea-Bissau,GNB,2000,221.995171146721,710.207977031367,0.3125776931915767
Guinea-Bissau,GNB,2001,225.274235401606,732.397693260228,0.3075845779890569
Guinea-Bissau,GNB,2002,229.312349758167,693.713226496374,0.3305578458065706
Guinea-Bissau,GNB,2003,223.590177005978,579.897426172466,0.3855684935209224
Guinea-Bissau,GNB,2004,205.801473355008,527.338032291576,0.39026480312957235
Guinea-Bissau,GNB,2005,205.759485281514,527.258362649626,0.3902441380872804
Guinea-Bissau,GNB,2006,191.134053661797,522.425624895176,0.36585887933837047
Guinea-Bissau,GNB,2007,197.239756668216,478.633718476363,0.4120891384252874
Guinea-Bissau,GNB,2008,218.20869155687,446.000041432788,0.4892571105057934
Guinea-Bissau,GNB,2009,208.57530343543,470.293423341398,0.4435003618666805
Guinea-Bissau,GNB,2010,216.81758268515,494.794262222947,0.438197447381585
Guinea-Bissau,GNB,2011,230.39176940918,471.248625718937,0.4888964271411811
Guinea-Bissau,GNB,2012,231.436308045981,510.556338454251,0.4533021933420167
Guinea-Bissau,GNB,2013,228.249067705342,493.899623852237,0.4621365489713931
Guinea-Bissau,GNB,2014,221.127199651877,493.757329875312,0.44784590784245776
Guinea-Bissau,GNB,2015,220.453013565298,591.21169798261,0.3728833754770909
Guinea-Bissau,GNB,2016,220.773659150318,592.605615063022,0.37254736293181984
Guinea-Bissau,GNB,2017,218.427780151367,580.656749587858,0.37617366939487734
Guinea-Bissau,GNB,2018,218.222854614258,555.446458398226,0.39287828973392
Guinea-Bissau,GNB,2019,211.497299194336,585.911013180369,0.3609717080522395
Guinea-Bissau,GNB,2020,208.34016418457,575.586004510945,0.3619618311629888
Guinea-Bissau,GNB,2021,203.716125488281,554.530675033104,0.3673667385057097
Guinea-Bissau,GNB,2022,197.397962018897,623.759700911182,0.31646475674933794
Guinea-Bissau,GNB,2023,197.932848260615,606.569750165917,0.32631506633239427
Guinea-Bissau,GNB,2024,195.690135293345,606.345297609063,0.3227371203586292
Guinea-Bissau,GNB,2025,198.582744438309,581.92848104034,0.3412493990383382
Equatorial Guinea,GNQ,1990,140.016403637528,272.264787954393,0.5142655599701791
Equatorial Guinea,GNQ,1991,140.247053150791,282.10690880882,0.4971415047684441
Equatorial Guinea,GNQ,1992,115.972913932132,264.691800750579,0.43814320505308785
Equatorial Guinea,GNQ,1993,110.236662516025,283.162579500018,0.38930519248225026
Equatorial Guinea,GNQ,1994,134.403898676324,555.204695655697,0.24207990265210727
Equatorial Guinea,GNQ,1995,141.75507677927,499.14842590131,0.28399383715034965
Equatorial Guinea,GNQ,1996,140.349691900506,511.552430272516,0.27436032671321375
Equatorial Guinea,GNQ,1997,119.831246672626,583.669372353396,0.20530672388968768
Equatorial Guinea,GNQ,1998,81.0940293169645,589.951774567332,0.13745874292256938
Equatorial Guinea,GNQ,1999,111.273891016538,615.473349319164,0.18079400373652096
Equatorial Guinea,GNQ,2000,159.472589162812,710.207977031367,0.2245435060155185
Equatorial Guinea,GNQ,2001,137.289940638588,732.397693260228,0.18745272124963883
Equatorial Guinea,GNQ,2002,133.049213856133,693.713226496374,0.1917928169369111
Equatorial Guinea,GNQ,2003,131.302577697322,579.897426172466,0.22642379802229298
Equatorial Guinea,GNQ,2004,149.502353155568,527.338032291576,0.2835038324580865
Equatorial Guinea,GNQ,2005,206.676453013438,527.258362649626,0.3919832621996339
Equatorial Guinea,GNQ,2006,226.510347435106,522.425624895176,0.43357434367916964
Equatorial Guinea,GNQ,2007,227.234575731369,478.633718476363,0.4747567230631513
Equatorial Guinea,GNQ,2008,267.170405898847,446.000041432788,0.5990367288768726
Equatorial Guinea,GNQ,2009,210.221587084232,470.293423341398,0.44700090762618805
Equatorial Guinea,GNQ,2010,259.42770814686,494.794262222947,0.5243143018298901
Equatorial Guinea,GNQ,2011,297.509490966797,471.248625718937,0.6313217158202137
Equatorial Guinea,GNQ,2012,294.449643532044,510.556338454251,0.5767231182037876
Equatorial Guinea,GNQ,2013,288.524323974565,493.899623852237,0.5841760350497546
Equatorial Guinea,GNQ,2014,282.488476354166,493.757329875312,0.5721200664008421
Equatorial Guinea,GNQ,2015,275.256840579949,591.21169798261,0.46558084273231937
Equatorial Guinea,GNQ,2016,265.282044557899,592.605615063022,0.44765361281581334
Equatorial Guinea,GNQ,2017,245.970474243164,580.656749587858,0.42360736255584797
Equatorial Guinea,GNQ,2018,244.417373657227,555.446458398226,0.4400376849319877
Equatorial Guinea,GNQ,2019,242.327987670898,585.911013180369,0.4135917950330435
Equatorial Guinea,GNQ,2020,242.573852539063,575.586004510945,0.4214380659675167
Equatorial Guinea,GNQ,2021,228.967514038086,554.530675033104,0.4129032429530021
Equatorial Guinea,GNQ,2022,261.006197061617,623.759700911182,0.41844030109726826
Equatorial Guinea,GNQ,2023,242.255040389526,606.569750165917,0.3993852979369004
Equatorial Guinea,GNQ,2024,248.739563790205,606.345297609063,0.41022757951786437
Equatorial Guinea,GNQ,2025,238.615174467719,581.92848104034,0.4100420966527292
Greece,GRC,1990,0.335502,158.513916666667,0.002116546023561544
Greece,GRC,1991,0.388744,182.266416666667,0.002132833942255769
Greece,GRC,1992,0.43633,190.62425,0.002288953268012858
Greece,GRC,1993,0.487726,229.249843333333,0.0021274867319793036
Greece,GRC,1994,0.530927,242.6028175,0.002188461805477589
Greece,GRC,1995,0.570943,231.662735833333,0.0024645439757335773
Greece,GRC,1996,0.601375,240.7115425,0.0024983222397820825
Greece,GRC,1997,0.627141,273.057853333333,0.0022967330635036633
Greece,GRC,1998,0.647877,295.529105,0.0021922612326119285
Greece,GRC,1999,0.67328,305.646604166667,0.002202805432226772
Greece,GRC,2000,0.669545,365.398560833333,0.001832369012272589
Greece,GRC,2001,0.668523,1.11653308564462,0.5987489386523951
Greece,GRC,2002,0.662967,1.05755899623965,0.6268841760670599
Greece,GRC,2003,0.685131,0.88404792718493,0.7749930506388492
Greece,GRC,2004,0.694587,0.803921647747618,0.8639983783818416
Greece,GRC,2005,0.708976,0.803800192161442,0.8820301449462745
Greece,GRC,2006,0.692607,0.796432730949102,0.8696365343682274
Greece,GRC,2007,0.71818,0.729672399984083,0.9842499182039315
Greece,GRC,2008,0.707951,0.679922680042729,1.0412228048570311
Greece,GRC,2009,0.704086,0.716957702016136,0.9820467762882805
Greece,GRC,2010,0.722182,0.754308990105961,0.9574087137666913
Greece,GRC,2011,0.713163,0.718413898653317,0.9926909840369739
Greece,GRC,2012,0.684663,0.778338120416812,0.8796472664519533
Greece,GRC,2013,0.631286,0.752945122701996,0.8384223245043227
Greece,GRC,2014,0.611135,0.752728196932603,0.8118933268215528
Greece,GRC,2015,0.60907,0.901296423367096,0.6757710162929684
Greece,GRC,2016,0.58858,0.903421436257263,0.6515010341556616
Greece,GRC,2017,0.575041,0.885205508269372,0.6496129933988305
Greece,GRC,2018,0.564857,0.846772667108111,0.6670704215443014
Greece,GRC,2019,0.540972,0.893276257067409,0.6056043645176352
Greece,GRC,2020,0.530251,0.875506396987998,0.6056506289665283
Greece,GRC,2021,0.520812,0.84549413889045,0.6159853463720832
Greece,GRC,2022,0.502755,0.949623753156941,0.5294254680642043
Greece,GRC,2023,0.506626,0.924839558470698,0.5477987996509901
Greece,GRC,2024,0.515086,0.923889546117607,0.5575190261265625
Greece,GRC,2025,0.526872,0.88496895841236,0.5953564754917638
Grenada,GRD,1990,1.65263602573622,2.7,0.6120874169393408
Grenada,GRD,1991,1.70519875109756,2.7,0.6315550929990962
Grenada,GRD,1992,1.73408685828926,2.7,0.6422543919589851
Grenada,GRD,1993,1.72583908801797,2.7,0.6391996622288777
Grenada,GRD,1994,1.7436755880495,2.7,0.6458057733516667
Grenada,GRD,1995,1.76001068888237,2.7,0.651855810697174
Grenada,GRD,1996,1.77456908027309,2.7,0.6572478075085518
Grenada,GRD,1997,1.77562029483496,2.7,0.6576371462351703
Grenada,GRD,1998,1.7864015687348,2.7,0.6616302106425185
Grenada,GRD,1999,1.78122972339592,2.7,0.6597147123688593
Grenada,GRD,2000,1.78867075944069,2.7,0.6624706516447
Grenada,GRD,2001,1.78679005383045,2.7,0.6617740940112777
Grenada,GRD,2002,1.76599604927713,2.7,0.6540726108433814
Grenada,GRD,2003,1.73047003468951,2.7,0.6409148276627815
Grenada,GRD,2004,1.71938273445786,2.7,0.6368084201695777
Grenada,GRD,2005,1.70861798664849,2.7,0.6328214765364778
Grenada,GRD,2006,1.73428858748961,2.7,0.6423291064776333
Grenada,GRD,2007,1.72770640309205,2.7,0.6398912604044629
Grenada,GRD,2008,1.82807050817953,2.7,0.6770631511776037
Grenada,GRD,2009,1.81668457273947,2.7,0.6728461380516555
Grenada,GRD,2010,1.80348339013611,2.7,0.6679568111615222
Grenada,GRD,2011,1.77099478244781,2.7,0.6559239934991888
Grenada,GRD,2012,1.81088910884056,2.7,0.6706996699409481
Grenada,GRD,2013,1.79000290518369,2.7,0.6629640389569222
Grenada,GRD,2014,1.76332675424059,2.7,0.6530839830520703
Grenada,GRD,2015,1.77640442684524,2.7,0.6579275654982369
Grenada,GRD,2016,1.78124296159634,2.7,0.6597196154060518
Grenada,GRD,2017,1.75041949748993,2.7,0.648303517588863
Grenada,GRD,2018,1.70418763160706,2.7,0.6311806042989111
Grenada,GRD,2019,1.71770310401917,2.7,0.6361863348219148
Grenada,GRD,2020,1.68615663051605,2.7,0.6245024557466852
Grenada,GRD,2021,1.69825077056885,2.7,0.6289817668773519
Grenada,GRD,2022,1.6114828054419,2.7,0.596845483497
Grenada,GRD,2023,1.62322133398798,2.7,0.6011930866622147
Grenada,GRD,2024,1.56397530306305,2.7,0.5792501122455741
Grenada,GRD,2025,1.53137011170231,2.7,0.5671741154452999
Greenland,GRL,1990,5.5399932486698,6.18855833333333,0.8951993259609149
Greenland,GRL,1991,5.5316048333896,6.39645833333333,0.8647918183978794
Greenland,GRL,1992,5.49195205286214,6.03613333333333,0.9098460470602829
Greenland,GRL,1993,5.42069110930475,6.48393916666667,0.8360181935654208
Greenland,GRL,1994,5.33222661595194,6.36055166666667,0.8383276947338063
Greenland,GRL,1995,5.33009489956895,5.60236666666667,0.9514005806300218
Greenland,GRL,1996,5.2855689012718,5.79867166666667,0.9115137405788274
Greenland,GRL,1997,5.22177571147441,6.60445916666667,0.7906439542891273
Greenland,GRL,1998,5.21426562249663,6.70082666666667,0.7781525895058662
Greenland,GRL,1999,5.19603168506132,6.97624,0.7448183670661159
Greenland,GRL,2000,5.18815104983854,8.08314416666667,0.6418481401375316
Greenland,GRL,2001,5.24652969270142,8.3228175,0.6303790384327687
Greenland,GRL,2002,5.32655944965436,7.89471416666667,0.6746994681763577
Greenland,GRL,2003,5.56467815108233,6.58767333333333,0.844710699743612
Greenland,GRL,2004,5.38977957633998,5.99105666666667,0.899637555813467
Greenland,GRL,2005,5.05716881923088,5.99691,0.8432957671919172
Greenland,GRL,2006,5.01569188479526,5.94677833333333,0.843430106799328
Greenland,GRL,2007,4.88106791517809,5.44370083333333,0.8966451435556343
Greenland,GRL,2008,4.69238655154128,5.09813083333333,0.9204131288394652
Greenland,GRL,2009,4.92192326205371,5.36086666666667,0.9181208129382762
Greenland,GRL,2010,4.96142488453074,5.624075,0.8821761595517023
Greenland,GRL,2011,5.00133169533115,5.36871153508772,0.9315702031380296
Greenland,GRL,2012,5.07906362585446,5.79247553703916,0.8768381658890246
Greenland,GRL,2013,5.04737585716883,5.61631168617622,0.8986993847923811
Greenland,GRL,2014,5.01010184738356,5.61246666666667,0.8926737823031271
Greenland,GRL,2015,5.36832327144233,6.7279068312963,0.7979187890162842
Greenland,GRL,2016,5.5059188858133,6.73171825724638,0.8179069110455471
Greenland,GRL,2017,5.5857400894165,6.60289346561404,0.8459533867243838
Greenland,GRL,2018,5.5727136828431,6.31461878666667,0.8825099140758735
Greenland,GRL,2019,5.53253136418962,6.669446615,0.8295337954646212
Greenland,GRL,2020,5.51685943709696,6.54215220416667,0.8432789799025608
Greenland,GRL,2021,5.2741265296936,6.2871130825,0.8388789036376617
Greenland,GRL,2022,5.19997209139189,7.0761518625,0.7348587470188555
Greenland,GRL,2023,5.10788380262313,6.88970258583334,0.7413794338707741
Guatemala,GTM,1990,1.0018998404469,4.48575833333333,0.22335127441036182
Guatemala,GTM,1991,1.28869558132507,5.02888,0.25625896448614205
Guatemala,GTM,1992,1.37163430785762,5.17063,0.2652741170529742
Guatemala,GTM,1993,1.53421508962974,5.6353625,0.27224780830509837
Guatemala,GTM,1994,1.67822658317243,5.75120083333333,0.2918045520938188
Guatemala,GTM,1995,1.78624031802571,5.8103425,0.3074242728420416
Guatemala,GTM,1996,1.91024372190978,6.0495125,0.3157682080844994
Guatemala,GTM,1997,2.03292234372619,6.06526916666667,0.3351742994191693
Guatemala,GTM,1998,2.20135915319014,6.39465333333334,0.34424995983990864
Guatemala,GTM,1999,2.28007662975168,7.38561,0.3087187963826522
Guatemala,GTM,2000,2.3818548176859,7.76315916666667,0.3068151465853065
Guatemala,GTM,2001,2.50626115979948,7.8585925,0.3189198523526293
Guatemala,GTM,2002,2.62756338729531,7.821645,0.33593488163874863
Guatemala,GTM,2003,2.69190130904841,7.94084666666667,0.3389942435670263
Guatemala,GTM,2004,2.77931931226587,7.94649583333333,0.3497540765839708
Guatemala,GTM,2005,2.84757870213258,7.63394416666667,0.3730153954447853
Guatemala,GTM,2006,2.89999496869695,7.60263083333333,0.3814462430534016
Guatemala,GTM,2007,3.02440093756339,7.67330416666667,0.39414584276504816
Guatemala,GTM,2008,3.24637302448729,7.56002833333333,0.42941281187711045
Guatemala,GTM,2009,3.34263143722076,8.16155541666667,0.40955813770433874
Guatemala,GTM,2010,3.47216481062683,8.05777083333333,0.4309088558665881
Guatemala,GTM,2011,3.63653254508972,7.78541833333334,0.4670953299349211
Guatemala,GTM,2012,3.54711441145588,7.83360541666667,0.45280738852496816
Guatemala,GTM,2013,3.5143247804835,7.85681375,0.4472964349553914
Guatemala,GTM,2014,3.46321590831435,7.73223333333333,0.4478933522847239
Guatemala,GTM,2015,3.33602577933495,7.654815,0.4358074988533296
Guatemala,GTM,2016,3.35347846470893,7.59993708333333,0.44125081930784815
Guatemala,GTM,2017,3.32418703342023,7.34793875,0.4523972159430738
Guatemala,GTM,2018,3.29055680271627,7.51916458333333,0.4376226595717804
Guatemala,GTM,2019,3.22869804185546,7.69669833333333,0.4194913067948133
Guatemala,GTM,2020,3.15825575504794,7.72165,0.4090130678090745
Guatemala,GTM,2021,3.21316480636597,7.73438833333333,0.415438773938724
Guatemala,GTM,2022,3.19080092519734,7.74824375,0.4118095697747428
Guatemala,GTM,2023,3.27732812819395,7.83197416666667,0.4184549206179007
Guatemala,GTM,2024,3.31562389582393,7.7585375,0.42735166206568315
Guatemala,GTM,2025,3.33451157924276,7.68012458333333,0.43417415213276583
Guyana,GUY,1990,17.2742806232408,39.5333333333333,0.43695482183577095
Guyana,GUY,1991,39.1893799269404,111.810666666667,0.3504976859119608
Guyana,GUY,1992,42.6462259217913,125.0025,0.3411629841146481
Guyana,GUY,1993,48.7203106331237,126.730441666667,0.3844404705956158
Guyana,GUY,1994,56.0598282324528,138.290240833333,0.4053780505018857
Guyana,GUY,1995,61.1925237963686,141.989166666667,0.4309661450441768
Guyana,GUY,1996,62.4543525970561,140.375,0.4449107932114415
Guyana,GUY,1997,62.2817116491148,142.400833333333,0.43736901105996534
Guyana,GUY,1998,63.418794269139,150.519166666667,0.4213336791159854
Guyana,GUY,1999,69.544243327415,177.995,0.3907089711925335
Guyana,GUY,2000,72.4825855707344,182.43,0.39731724809918545
Guyana,GUY,2001,71.1146768709438,187.320833333333,0.37964104475446625
Guyana,GUY,2002,71.8602885484161,190.665,0.37689291977246003
Guyana,GUY,2003,73.7941357408305,193.878333333333,0.3806208485089307
Guyana,GUY,2004,76.7305132297639,198.3075,0.38692693533912687
Guyana,GUY,2005,80.0761633967145,199.875,0.40063121149075426
Guyana,GUY,2006,82.0519384094089,200.188333333333,0.40987372762020285
Guyana,GUY,2007,90.0273880968541,202.346666666667,0.44491658587665034
Guyana,GUY,2008,96.7648999744447,203.633333333333,0.4751918479674817
Guyana,GUY,2009,97.2807009361905,203.95,0.47698308867953176
Guyana,GUY,2010,99.9304939513635,203.635833333333,0.49073138217175427
Guyana,GUY,2011,100.269470214844,204.0175,0.49147485002435576
Guyana,GUY,2012,104.698057163854,204.358333333333,0.5123258516357093
Guyana,GUY,2013,101.90793237296,205.394166666667,0.49615787062904176
Guyana,GUY,2014,101.375412205949,206.449166666667,0.4910429712202706
Guyana,GUY,2015,102.094796608881,206.5,0.4944057947161307
Guyana,GUY,2016,105.270612299159,206.5,0.5097850474535545
Guyana,GUY,2017,104.212295532227,206.5,0.5046600267904455
Guyana,GUY,2018,100.972465515137,207.716666666667,0.48610671033524916
Guyana,GUY,2019,100.869819641113,208.5,0.4837881037943069
Guyana,GUY,2020,83.9942855834961,208.5,0.4028502905683266
Guyana,GUY,2021,89.9150695800781,208.5,0.4312473361154825
Guyana,GUY,2022,94.0685987686788,208.5,0.45116833941812373
Guyana,GUY,2023,77.9339679099584,208.5,0.3737840187527981
Guyana,GUY,2024,77.0796036657078,208.5,0.36968634851658416
Guyana,GUY,2025,69.0331367456556,208.5,0.3310941810343194
"Hong Kong SAR, China",HKG,1990,5.75560879584341,7.78975,0.7388695138924113
"Hong Kong SAR, China",HKG,1991,6.07621041251752,7.77116666666667,0.7818916609497738
"Hong Kong SAR, China",HKG,1992,6.52892551317074,7.74058333333333,0.8434668592811579
"Hong Kong SAR, China",HKG,1993,6.92706280773142,7.73558333333333,0.8954803418485686
"Hong Kong SAR, China",HKG,1994,7.21097253679181,7.72841666666667,0.9330465537518647
"Hong Kong SAR, China",HKG,1995,7.35525434014001,7.73583333333333,0.9508031033252198
"Hong Kong SAR, China",HKG,1996,7.64799679135092,7.73425416666667,0.9888473570357301
"Hong Kong SAR, China",HKG,1997,7.95142334372178,7.74208333333333,1.0270392349675626
"Hong Kong SAR, China",HKG,1998,7.9589722180181,7.74533333333333,1.0275829167694228
"Hong Kong SAR, China",HKG,1999,7.52648969736795,7.7575,0.9702210373661553
"Hong Kong SAR, China",HKG,2000,7.10996946119049,7.79116666666667,0.9125680100785702
"Hong Kong SAR, China",HKG,2001,6.83004578942292,7.79875,0.8757872466001501
"Hong Kong SAR, China",HKG,2002,6.49673621443817,7.79891666666667,0.8330305979811086
"Hong Kong SAR, China",HKG,2003,5.98820145585682,7.78675,0.7690244910722471
"Hong Kong SAR, China",HKG,2004,5.62199372240795,7.788,0.7218790090405688
"Hong Kong SAR, China",HKG,2005,5.44289777156787,7.77733333333333,0.699841132980611
"Hong Kong SAR, China",HKG,2006,5.25182907768579,7.76783333333333,0.6760996087736768
"Hong Kong SAR, China",HKG,2007,5.27372313562501,7.80141666666666,0.6759955737472914
"Hong Kong SAR, China",HKG,2008,5.24033780971852,7.78683333333333,0.6729741841636766
"Hong Kong SAR, China",HKG,2009,5.18865962108716,7.75175,0.6693533229383248
"Hong Kong SAR, China",HKG,2010,5.1402326879187,7.76916666666667,0.6616195672532916
"Hong Kong SAR, China",HKG,2011,5.23263931274414,7.784,0.672230127536503
"Hong Kong SAR, China",HKG,2012,5.46310859628999,7.75641666666666,0.7043340799067431
"Hong Kong SAR, China",HKG,2013,5.56565885386855,7.756,0.7175939729072396
"Hong Kong SAR, China",HKG,2014,5.73436990761836,7.75408333333333,0.7395290534172355
"Hong Kong SAR, China",HKG,2015,5.86912301261529,7.75175,0.7571352291566794
"Hong Kong SAR, China",HKG,2016,5.98074194926428,7.76225,0.7704907661134697
"Hong Kong SAR, China",HKG,2017,6.07040023803711,7.79325,0.7789305152583468
"Hong Kong SAR, China",HKG,2018,6.24729061126709,7.8385,0.7970007796475206
"Hong Kong SAR, China",HKG,2019,6.18961668014526,7.83591666666667,0.7899033314730577
"Hong Kong SAR, China",HKG,2020,6.14700174331665,7.75725,0.7924202189328242
"Hong Kong SAR, China",HKG,2021,5.87204074859619,7.77325,0.7554164279543549
"Hong Kong SAR, China",HKG,2022,5.57469182190402,7.83141666666666,0.7118369586478426
"Hong Kong SAR, China",HKG,2023,5.53125165022491,7.82958333333333,0.7064554286913836
"Hong Kong SAR, China",HKG,2024,5.62173577880171,7.80383333333334,0.7203813227006008
"Hong Kong SAR, China",HKG,2025,5.52457295433365,7.79708333333333,0.708543530721999
Honduras,HND,2000,6.26659638211708,14.840625,0.42225960039533916
Honduras,HND,2001,6.62405671032399,15.476825,0.4279984241163152
Honduras,HND,2002,6.8574351456075,16.4370583333333,0.4171935760367207
Honduras,HND,2003,7.11199251897768,17.3524916666667,0.4098542535329076
Honduras,HND,2004,7.37260141713191,18.209725,0.4048716505675901
Honduras,HND,2005,7.66881302938687,18.8323416666667,0.4072150540344482
Honduras,HND,2006,7.83730241898352,18.8952083333333,0.4147772430303203
Honduras,HND,2007,8.1361345375803,18.8951,0.4305949445930586
Honduras,HND,2008,8.60420319097106,18.9037583333333,0.4551583362023376
Honduras,HND,2009,9.20596526175553,18.8951,0.4872144239382449
Honduras,HND,2010,9.52073594740516,18.8951,0.5038732765322841
Honduras,HND,2011,10.0565614700317,18.9171416666667,0.5316110460679189
Honduras,HND,2012,10.323428360612,19.5022495121615,0.5293455175093706
Honduras,HND,2013,10.2382117842005,20.3537791666667,0.5030128164585561
Honduras,HND,2014,10.2576082952577,20.9871583333333,0.48875641629699984
Honduras,HND,2015,10.2860294736705,21.945175,0.4687148529765882
Honduras,HND,2016,10.1593988234018,22.835018390426,0.44490434164315423
Honduras,HND,2017,10.0832586288452,23.4870839434552,0.4293107928221525
Honduras,HND,2018,10.4576015472412,23.9027282925432,0.4375066067459588
Honduras,HND,2019,10.6014041900635,24.5085389148926,0.4325596163393307
Honduras,HND,2020,10.5345764160156,24.5818805172846,0.42855046865142304
Honduras,HND,2021,10.5899238586426,24.0166553242681,0.4409408269244637
Honduras,HND,2022,10.8074212481727,24.4858737291131,0.44137372297738114
Honduras,HND,2023,11.0520529000976,24.6016468236818,0.4492403691227198
Honduras,HND,2024,11.2912473033807,24.7992824415521,0.4553054036943345
Honduras,HND,2025,11.8640844280338,25.9526748179551,0.45714303096903725
Croatia,HRV,1992,0.0110059097726278,0.26329825,0.04180016301903943
Croatia,HRV,1993,0.16844670513884,3.57914891666667,0.047063340772006114
Croatia,HRV,1994,0.349243593558366,5.99801141666667,0.05822656365540137
Croatia,HRV,1995,0.422482271811966,5.23075608333333,0.08076887262208883
Croatia,HRV,1996,0.431510223530479,5.43416116666667,0.07940696094502633
Croatia,HRV,1997,0.454404857087362,6.16058258333333,0.07376004638208997
Croatia,HRV,1998,0.484959047474992,6.36328566666667,0.0762120503273008
Croatia,HRV,1999,0.497225742591732,7.11174283333333,0.06991615898443257
Croatia,HRV,2000,0.502447517686668,8.27766641666667,0.060699174428558135
Croatia,HRV,2001,0.514052349840653,8.341541,0.06162558570900185
Croatia,HRV,2002,0.514876699671397,7.8716825,0.0654087229345692
Croatia,HRV,2003,0.528810096781116,6.70496883333333,0.07886838998447986
Croatia,HRV,2004,0.532017700731362,6.03434066666667,0.08816500925613885
Croatia,HRV,2005,0.543301347866968,5.94923691666667,0.09132286299523895
Croatia,HRV,2006,0.519602266099119,5.83779325,0.08900662353863234
Croatia,HRV,2007,0.512946714510898,5.36453566666667,0.09561810124558733
Croatia,HRV,2008,0.513954410250092,4.93503975,0.10414392513253659
Croatia,HRV,2009,0.509746430783773,5.28394641666667,0.09647077971417847
Croatia,HRV,2010,0.514247599938894,5.49801058333333,0.09353339578824825
Croatia,HRV,2011,0.498061358852654,5.34386975,0.09320237620923565
Croatia,HRV,2012,0.486316401227128,5.85029183333333,0.08312686188682637
Croatia,HRV,2013,0.474499984040339,5.70488016666667,0.08317439984328132
Croatia,HRV,2014,0.470301429076063,5.74816541666667,0.0818176574585754
Croatia,HRV,2015,0.466173586897839,6.85830375,0.06797214061827445
Croatia,HRV,2016,0.448868107019075,6.80599016666667,0.06595191824070978
Croatia,HRV,2017,0.441259811543299,6.623831,0.06661700933240884
Croatia,HRV,2018,0.439450664962738,6.27902525,0.06998708357841657
Croatia,HRV,2019,0.42046941270084,6.62254516666667,0.06349060702782268
Croatia,HRV,2020,0.410332855869259,6.6140555,0.06203952414207274
Croatia,HRV,2021,0.407277953564341,6.36008316666667,0.06403657670687285
Croatia,HRV,2022,0.416285914711201,7.1597415,0.05814259002384388
Croatia,HRV,2023,0.429571541796623,0.924839558470698,0.4644822313904442
Croatia,HRV,2024,0.448418364962435,0.923889546117607,0.48535928006414886
Croatia,HRV,2025,0.470813052018898,0.88496895841236,0.532010809580869
Haiti,HTI,1990,1.76739076335849,5.0,0.353478152671698
Haiti,HTI,1991,1.95934962085204,6.03416666666667,0.3247092314628431
Haiti,HTI,1992,2.31623017906933,9.80166666666667,0.23630982952586255
Haiti,HTI,1993,2.67748395803972,12.8225,0.20881138296273893
Haiti,HTI,1994,4.10811231479148,15.04,0.2731457656111357
Haiti,HTI,1995,4.66607277665933,15.1097333333333,0.3088123842904358
Haiti,HTI,1996,5.03932947084939,15.70115,0.3209528901290281
Haiti,HTI,1997,5.58438469628339,16.6545,0.33530785651225736
Haiti,HTI,1998,6.30413930567578,16.7656666666667,0.3760148302488678
Haiti,HTI,1999,6.65325857953573,16.9378916666667,0.39280323138617995
Haiti,HTI,2000,7.22519146614538,21.1706666666667,0.341283133871333
Haiti,HTI,2001,8.00222340712746,24.4290833333333,0.3275695325091665
Haiti,HTI,2002,8.68516130774171,29.2504833333333,0.2969236852863988
Haiti,HTI,2003,10.0488371848514,42.3667583333334,0.23718683185031783
Haiti,HTI,2004,11.6746160076247,38.3520333333333,0.30440670266829944
Haiti,HTI,2005,12.4598265549217,40.44855,0.3080413650160933
Haiti,HTI,2006,13.7210504563579,40.4085166666666,0.3395583799708376
Haiti,HTI,2007,13.9084785855134,36.8614166666667,0.3773180697661752
Haiti,HTI,2008,15.3751355577544,39.1075916666667,0.3931496393028818
Haiti,HTI,2009,17.0536929823265,41.1976083333333,0.413948616733856
Haiti,HTI,2010,18.0947103317847,39.7974,0.454670665213926
Haiti,HTI,2011,18.4949626922607,40.5228219393745,0.4564085571318477
Haiti,HTI,2012,20.0001761591942,41.9497229523156,0.4767653932286627
Haiti,HTI,2013,20.66374718957,43.4627833333333,0.47543543245013875
Haiti,HTI,2014,21.1849011772733,45.2159808923792,0.4685268517716454
Haiti,HTI,2015,22.6450678685725,50.7064266739439,0.44659167198245775
Haiti,HTI,2016,24.4649311750741,63.3358183698924,0.38627323061011964
Haiti,HTI,2017,27.4248027801514,64.7696802849928,0.4234203821831394
Haiti,HTI,2018,30.6184539794922,68.0317539812812,0.45006121682408495
Haiti,HTI,2019,35.1456756591797,88.8149661769193,0.39571794227979057
Haiti,HTI,2020,41.5539588928223,93.5098072136213,0.4443807567466491
Haiti,HTI,2021,47.4995269775391,89.2266365116304,0.5323469407181755
Haiti,HTI,2022,57.6759375340431,115.630715521746,0.49879426304506713
Haiti,HTI,2023,72.6227604240472,141.035912702189,0.5149238873463187
Haiti,HTI,2024,85.9464526212732,131.810991666667,0.6520431379396696
Haiti,HTI,2025,112.359715746475,130.626409210526,0.860160793101101
Hungary,HUN,1990,22.9099595444692,63.2058666666667,0.362465713274546
Hungary,HUN,1991,30.075264,74.7353833333333,0.4024233590380997
Hungary,HUN,1992,35.729972,78.9883916666667,0.4523445945168945
Hungary,HUN,1993,42.329415,91.9331833333333,0.4604367374783608
Hungary,HUN,1994,49.522462,105.160458333333,0.47092284290950764
Hungary,HUN,1995,61.472314,125.681425,0.48911216593860224
Hungary,HUN,1996,73.855397,152.646666666667,0.4838323601345144
Hungary,HUN,1997,87.377995,186.789166666667,0.4677894149821314
Hungary,HUN,1998,97.816595,214.401666666667,0.45623057190164806
Hungary,HUN,1999,104.545883,237.145833333333,0.4408506003689719
Hungary,HUN,2000,110.049076,282.179166666667,0.3899971684656611
Hungary,HUN,2001,114.41857,286.49,0.39938067646340186
Hungary,HUN,2002,118.141282,257.886666666667,0.4581131840860321
Hungary,HUN,2003,122.020996,224.306666666667,0.5439918385543593
Hungary,HUN,2004,128.395563,202.745833333333,0.6332833621734942
Hungary,HUN,2005,130.929945,199.5825,0.656019165006952
Hungary,HUN,2006,131.519432,210.39,0.6251220685393792
Hungary,HUN,2007,134.041265,183.625833333333,0.7299695395074237
Hungary,HUN,2008,131.005355,172.113333333333,0.7611575028082287
Hungary,HUN,2009,127.627536,202.341666666667,0.630752618096453
Hungary,HUN,2010,126.446576,207.944166666667,0.6080794572260974
Hungary,HUN,2011,124.271836,201.055,0.6180987093083982
Hungary,HUN,2012,125.623608,225.104166666667,0.5580687814900501
Hungary,HUN,2013,124.979432,223.695,0.5587046290708331
Hungary,HUN,2014,129.414974,232.601666666667,0.5563802523627653
Hungary,HUN,2015,132.55351,279.3325,0.47453665434562753
Hungary,HUN,2016,132.033797,281.523333333333,0.46899770415714553
Hungary,HUN,2017,136.036522,274.433333333333,0.49569970363172655
Hungary,HUN,2018,139.092451,270.211666666667,0.5147536844572459
Hungary,HUN,2019,138.79714,290.66,0.47752404871671367
Hungary,HUN,2020,141.838435,307.996666666667,0.46051938332665887
Hungary,HUN,2021,148.351175,303.140833333333,0.4893803760078517
Hungary,HUN,2022,155.230128,372.595833333333,0.4166179922391335
Hungary,HUN,2023,169.087073,353.088333333333,0.47888037365531805
Hungary,HUN,2024,175.578089,365.690833333333,0.4801271265116941
Hungary,HUN,2025,183.57556,353.14,0.519837911309962
Indonesia,IDN,1990,350.176983086282,1842.81333333333,0.19002303529727155
Indonesia,IDN,1991,368.417935900236,1950.3175,0.18890151777863654
Indonesia,IDN,1992,386.464428214204,2029.92083333333,0.19038399028576466
Indonesia,IDN,1993,449.820131955825,2087.10386666667,0.21552359666423132
Indonesia,IDN,1994,474.665668148349,2160.753675,0.21967597400862873
Indonesia,IDN,1995,510.861176252744,2248.607975,0.22718996905307337
Indonesia,IDN,1996,545.204681977847,2342.29629166667,0.23276503656584988
Indonesia,IDN,1997,603.340127603814,2909.38,0.20737756071871466
Indonesia,IDN,1998,1045.72870794496,10013.6225,0.10443061019575683
Indonesia,IDN,1999,1177.15845260329,7855.15,0.14985817617783112
Indonesia,IDN,2000,1386.45158487915,8421.775,0.16462700379422984
Indonesia,IDN,2001,1549.75899105326,10260.85,0.15103612186643992
Indonesia,IDN,2002,1616.02070691722,9311.19166666667,0.17355680827647943
Indonesia,IDN,2003,1671.69419374265,8577.13333333334,0.19490127164584695
Indonesia,IDN,2004,1767.11688011046,8938.85,0.19768951040798982
Indonesia,IDN,2005,1958.95419045259,9704.74166666666,0.2018553669677889
Indonesia,IDN,2006,2168.0609222104,9159.31666666667,0.23670553176751533
Indonesia,IDN,2007,2348.52612063667,9141.0,0.25692223177296464
Indonesia,IDN,2008,2722.32644194473,9698.9625,0.2806822319340579
Indonesia,IDN,2009,2929.52347946029,10389.9375,0.28195775763427744
Indonesia,IDN,2010,3336.15075047282,9090.43333333333,0.3669957886649505
Indonesia,IDN,2011,3512.75390625,8770.43333333333,0.4005222744125149
Indonesia,IDN,2012,3577.51892380765,9386.62916666667,0.381129248880094
Indonesia,IDN,2013,3781.77823687054,10461.24,0.36150382142753057
Indonesia,IDN,2014,4056.66266202967,11865.2112962963,0.3418955264029684
Indonesia,IDN,2015,4390.64649743196,13389.4129365079,0.32791926862307125
Indonesia,IDN,2016,4566.57066796941,13308.3268020542,0.34313634883571836
Indonesia,IDN,2017,4756.1689453125,13380.8338788891,0.3554463786308784
Indonesia,IDN,2018,4833.59912109375,14236.9387734818,0.33951112651386645
Indonesia,IDN,2019,4847.4453125,14147.6713605454,0.3426320267813408
Indonesia,IDN,2020,4791.0068359375,14582.2034678177,0.3285516380642368
Indonesia,IDN,2021,4808.42919921875,14308.1439011897,0.3360624014145494
Indonesia,IDN,2022,4918.70420995171,14849.8539362105,0.331229130675672
Indonesia,IDN,2023,4815.77343325049,15236.8846620506,0.31606024066355154
Indonesia,IDN,2024,4740.937043293,15855.4482866711,0.2990099653806997
Indonesia,IDN,2025,4720.99750025346,16477.8651797836,0.2865054088466246
India,IND,1990,5.49548841099049,17.5035,0.3139651161762213
India,IND,1991,6.0467290594668,22.7424333333333,0.2658787197851949
India,IND,1992,6.44202320594129,25.9180833333333,0.24855322529410154
India,IND,1993,6.91345031603857,30.4932916666667,0.22672036825712416
India,IND,1994,7.44446172370012,31.3737425,0.2372831906713112
India,IND,1995,7.95239418872014,32.4270766666667,0.24523931868625012
India,IND,1996,8.4009872069532,35.4331733333333,0.2370938422004128
India,IND,1997,8.79341997557107,36.3132858333333,0.24215434582070414
India,IND,1998,9.39223158546742,41.259365,0.22763878177638988
India,IND,1999,9.54534638142216,43.0554283333334,0.22169902265336836
India,IND,2000,9.67413340555159,44.941605,0.21526007817370094
India,IND,2001,9.76533140562836,47.1864141666667,0.2069521827010699
India,IND,2002,9.97319728795462,48.6103191666667,0.2051662580893624
India,IND,2003,10.1583819921029,46.5832841666667,0.2180692532488267
India,IND,2004,10.458746483246,45.3164666666666,0.23079351177524907
India,IND,2005,10.7108919435023,44.099975,0.2428775060190465
India,IND,2006,11.2633636132263,45.3070083333333,0.24860091247604205
India,IND,2007,11.7278022158895,41.3485333333333,0.2836328466924142
India,IND,2008,12.5639813422269,43.5051833333333,0.28879274558993717
India,IND,2009,13.3660920634206,48.4052666666666,0.2761288798482111
India,IND,2010,14.5956322636061,45.7258121212121,0.3191989728889959
India,IND,2011,15.5495491027832,46.6704666666667,0.3331774934637434
India,IND,2012,16.1356633063104,53.4372333333333,0.30195544005166947
India,IND,2013,17.2883428104744,58.5978454166667,0.29503376254781477
India,IND,2014,18.3007666190468,61.0295144607843,0.29986747855918655
India,IND,2015,19.1154412106207,64.1519444632786,0.2979713455382888
India,IND,2016,19.7442391048838,67.1953128073894,0.2938335767775836
India,IND,2017,20.4555778503418,65.1215686450659,0.31411371494798396
India,IND,2018,20.4745960235596,68.3894670935422,0.29938230101361546
India,IND,2019,20.2395000457764,70.4203405359551,0.2874098576027554
India,IND,2020,20.3193664550781,74.0995668836052,0.274217074534262
India,IND,2021,20.7278957366943,73.9180128154351,0.2804173833575519
India,IND,2022,20.4927049140107,78.6044905829916,0.2607065418530287
India,IND,2023,20.4553387219722,82.5992764460784,0.2476454952402112
India,IND,2024,20.4522424138694,83.669281580941,0.2444414727534628
India,IND,2025,20.0886288014602,87.1584483507393,0.23048401137914248
Ireland,IRL,1990,0.783812,0.604588333333333,1.2964391748655428
Ireland,IRL,1991,0.77183,0.6212975,1.2422873100245857
Ireland,IRL,1992,0.775855,0.587720833333333,1.3201080444939142
Ireland,IRL,1993,0.797117,0.677249306666667,1.1769919764455812
Ireland,IRL,1994,0.793677,0.668628101666667,1.1870230970275222
Ireland,IRL,1995,0.800964,0.623733075,1.284145465590389
Ireland,IRL,1996,0.807329,0.625028368333333,1.2916677720609386
Ireland,IRL,1997,0.834408,0.659643126666667,1.2649385194331688
Ireland,IRL,1998,0.863303,0.702270998333333,1.2293017966694293
Ireland,IRL,1999,0.913882,0.938283072395283,0.9739939117381804
Ireland,IRL,2000,0.943627,1.08270508132602,0.8715457387937193
Ireland,IRL,2001,0.969447,1.11653308564462,0.8682653586035909
Ireland,IRL,2002,0.981997,1.05755899623965,0.9285505617101978
Ireland,IRL,2003,1.004008,0.88404792718493,1.1356940830086648
Ireland,IRL,2004,0.991257,0.803921647747618,1.233026878648246
Ireland,IRL,2005,1.011707,0.803800192161442,1.2586548371921764
Ireland,IRL,2006,0.978447,0.796432730949102,1.2285369020858712
Ireland,IRL,2007,0.95761,0.729672399984083,1.3123834751333465
Ireland,IRL,2008,0.944447,0.679922680042729,1.389050590194531
Ireland,IRL,2009,0.900841,0.716957702016136,1.256477191704296
Ireland,IRL,2010,0.849744,0.754308990105961,1.126519783200029
Ireland,IRL,2011,0.831513,0.718413898653317,1.1574288882198547
Ireland,IRL,2012,0.823072,0.778338120416812,1.0574735817375003
Ireland,IRL,2013,0.811228,0.752945122701996,1.0774065407168743
Ireland,IRL,2014,0.819041,0.752728196932603,1.088096610885077
Ireland,IRL,2015,0.809686,0.901296423367096,0.8983570543585933
Ireland,IRL,2016,0.794289,0.903421436257263,0.8792009665949682
Ireland,IRL,2017,0.794405,0.885205508269372,0.8974243749941273
Ireland,IRL,2018,0.792214,0.846772667108111,0.9355686960297865
Ireland,IRL,2019,0.794143,0.893276257067409,0.8890228456391984
Ireland,IRL,2020,0.775446,0.875506396987998,0.8857114039003764
Ireland,IRL,2021,0.751895,0.84549413889045,0.8892965254457221
Ireland,IRL,2022,0.721422,0.949623753156941,0.75969245461868
Ireland,IRL,2023,0.740333,0.924839558470698,0.8004988467666808
Ireland,IRL,2024,0.740894,0.923889546117607,0.8019291950140625
Ireland,IRL,2025,0.750891,0.88496895841236,0.8484941679164694
"Iran, Islamic Rep.",IRN,1990,96.6739217701494,68.1123727149296,1.4193298209527705
"Iran, Islamic Rep.",IRN,1991,117.466494541528,67.5217300147946,1.7396843137133788
"Iran, Islamic Rep.",IRN,1992,148.547776803131,65.5678412857706,2.265558448930795
"Iran, Islamic Rep.",IRN,1993,217.512630092714,1268.07876133881,0.17152927461940054
"Iran, Islamic Rep.",IRN,1994,285.227721222995,1749.17373625079,0.16306426017712636
"Iran, Islamic Rep.",IRN,1995,385.35625213578,1748.35024562759,0.2204113581357676
"Iran, Islamic Rep.",IRN,1996,487.542748835653,1751.18635583594,0.27840711938560153
"Iran, Islamic Rep.",IRN,1997,553.700531047219,1753.34547748286,0.315796594657502
"Iran, Islamic Rep.",IRN,1998,598.915041155609,1752.28599459359,0.34179069113345056
"Iran, Islamic Rep.",IRN,1999,777.811313643886,1753.35494977139,0.4436131507458318
"Iran, Islamic Rep.",IRN,2000,950.190258479443,1764.85606929191,0.5383953258356503
"Iran, Islamic Rep.",IRN,2001,1066.84780260202,1753.98568465785,0.6082420238282218
"Iran, Islamic Rep.",IRN,2002,1347.60735138273,6907.03445561653,0.1951065048310145
"Iran, Islamic Rep.",IRN,2003,1495.11607436932,8193.88751916667,0.18246724413436607
"Iran, Islamic Rep.",IRN,2004,1815.70702561496,8613.98942075,0.2107858434607725
"Iran, Islamic Rep.",IRN,2005,2115.53436461834,8963.95890666667,0.23600446930261762
"Iran, Islamic Rep.",IRN,2006,2351.51718081877,9170.9428775,0.25640953304681297
"Iran, Islamic Rep.",IRN,2007,2814.6762934561,9281.15182833334,0.30326799361944545
"Iran, Islamic Rep.",IRN,2008,3297.8030925461,9428.52826083333,0.34976859604328403
"Iran, Islamic Rep.",IRN,2009,3428.30798308108,9864.30245626821,0.3475469247095706
"Iran, Islamic Rep.",IRN,2010,3925.1119545006,10254.176470289,0.38278178319569883
"Iran, Islamic Rep.",IRN,2011,4758.86962890625,10616.3066439076,0.4482603779759161
"Iran, Islamic Rep.",IRN,2012,6093.5625,12175.5472222222,0.5004754520501825
"Iran, Islamic Rep.",IRN,2013,8503.8466796875,18414.4480100374,0.4618029644468408
"Iran, Islamic Rep.",IRN,2014,9758.5537109375,25941.6641445972,0.3761730032639362
"Iran, Islamic Rep.",IRN,2015,10701.5615234375,29011.4913770529,0.3688731952574514
"Iran, Islamic Rep.",IRN,2016,11796.810546875,30914.8524362967,0.38159038834759335
"Iran, Islamic Rep.",IRN,2017,13061.294921875,33226.2981524127,0.39310111713201984
"Iran, Islamic Rep.",IRN,2018,16923.19921875,40864.329009777,0.4141313372526204
"Iran, Islamic Rep.",IRN,2019,23549.041015625,42000.0,0.5606914527529762
"Iran, Islamic Rep.",IRN,2020,32954.5859375,42000.0,0.7846329985119047
"Iran, Islamic Rep.",IRN,2021,50488.171875,42000.0,1.2020993303571428
"Iran, Islamic Rep.",IRN,2022,71211.4312451727,42000.0,1.6955102677422071
"Iran, Islamic Rep.",IRN,2023,94280.2670719049,42000.0,2.2447682636167836
Iraq,IRQ,1995,69.9271396272273,2002.38722845093,0.03492188655304387
Iraq,IRQ,1996,60.0559009686002,2002.38721234717,0.02999215166691138
Iraq,IRQ,1997,113.056724013853,2002.38721234717,0.05646096984475321
Iraq,IRQ,1998,93.9676162110795,2002.38724455468,0.04692779404514105
Iraq,IRQ,1999,158.582506302407,2002.3897728437,0.07919662218270102
Iraq,IRQ,2000,193.444033357328,2002.40340735354,0.09660592498341368
Iraq,IRQ,2001,152.95389485158,2002.40491037037,0.07638509776890691
Iraq,IRQ,2002,162.915273797009,2002.37270286683,0.08136111402425758
Iraq,IRQ,2004,207.795278075233,1453.41666666667,0.14297020451251594
Iraq,IRQ,2005,273.714727148813,1472.0,0.18594750485653055
Iraq,IRQ,2006,326.740929380693,1467.41666666667,0.2226640441006478
Iraq,IRQ,2007,364.055977295882,1254.56721858704,0.29018451295571157
Iraq,IRQ,2008,464.953060518186,1193.08333333333,0.38970711225942917
Iraq,IRQ,2009,371.894865460118,1170.0,0.31785885936762226
Iraq,IRQ,2010,428.374128932184,1170.0,0.36613173413007183
Iraq,IRQ,2011,523.340209960938,1170.0,0.44729932475293843
Iraq,IRQ,2012,524.502670462541,1166.16666666667,0.4497664745998624
Iraq,IRQ,2013,528.635410131546,1166.0,0.45337513733408746
Iraq,IRQ,2014,553.360835974816,1166.0,0.4745804768223122
Iraq,IRQ,2015,555.267500826667,1167.33333333333,0.4756717597030284
Iraq,IRQ,2016,563.814832515689,1182.0,0.4770007043279941
Iraq,IRQ,2017,552.902282714844,1184.0,0.4669782793199696
Iraq,IRQ,2018,554.960876464844,1182.75,0.46921232421462183
Iraq,IRQ,2019,547.339233398438,1182.0,0.4630619571898798
Iraq,IRQ,2020,484.264739990234,1192.0,0.4062623657636191
Iraq,IRQ,2021,554.465393066406,1450.0,0.3823899262526938
Iraq,IRQ,2022,657.110311889676,1450.0,0.4531795254411559
Iraq,IRQ,2023,535.22554911293,1312.5,0.4077908945622324
Iraq,IRQ,2024,545.082245539464,1300.0,0.41929403503035695
Iceland,ISL,1990,67.297073,58.283775,1.1546450620262672
Iceland,ISL,1991,70.541136,58.9963416666667,1.1956866139016238
Iceland,ISL,1992,71.348377,57.5459333333333,1.239850895921983
Iceland,ISL,1993,70.973079,67.6031816666666,1.0498482061088408
Iceland,ISL,1994,71.298412,69.9443783333333,1.0193587204423176
Iceland,ISL,1995,71.927537,64.6916666666666,1.1118516604405524
Iceland,ISL,1996,74.118791,66.5,1.1145682857142858
Iceland,ISL,1997,73.660811,70.9042908333333,1.038876634041036
Iceland,ISL,1998,76.658219,70.9583333333334,1.0803272201996468
Iceland,ISL,1999,79.246596,72.3352933333333,1.095545374162212
Iceland,ISL,2000,84.704674,78.6159466666667,1.0774490111929789
Iceland,ISL,2001,88.304268,97.4246033333333,0.9063857072927611
Iceland,ISL,2002,91.105413,91.6616666666667,0.9939314471698452
Iceland,ISL,2003,92.614881,76.7089825,1.2073537932796852
Iceland,ISL,2004,93.296591,70.1916666666667,1.3291690514068615
Iceland,ISL,2005,95.840665,62.9816666666667,1.5217232263357054
Iceland,ISL,2006,101.655098,70.18,1.4484909945853517
Iceland,ISL,2007,107.340386,64.055,1.6757534306455388
Iceland,ISL,2008,114.527003,87.9479166666667,1.302213939121165
Iceland,ISL,2009,121.915984,123.638381413044,0.986069071809587
Iceland,ISL,2010,132.91871,122.241811205165,1.0873424460057728
Iceland,ISL,2011,135.152004,115.954039762284,1.1655652901535256
Iceland,ISL,2012,136.96767,125.082787013769,1.0950161350731873
Iceland,ISL,2013,137.022617,122.179121320458,1.1214896253886921
Iceland,ISL,2014,138.547869,116.767352506899,1.1865291626939485
Iceland,ISL,2015,141.974926,131.918708431432,1.0762304125634687
Iceland,ISL,2016,140.02995,120.811548065239,1.1590775239829139
Iceland,ISL,2017,138.277175,106.839572014,1.2942505514892975
Iceland,ISL,2018,140.970278,108.300176306626,1.3016624977680225
Iceland,ISL,2019,138.667852,122.606773601907,1.1309966645908314
Iceland,ISL,2020,143.25338,135.421711629205,1.0578317042117937
Iceland,ISL,2021,142.588157,126.988860204557,1.1228398835166742
Iceland,ISL,2022,134.899492,135.27990200138,0.9971879784376535
Iceland,ISL,2023,137.850321,137.942952429967,0.9993284801554903
Iceland,ISL,2024,141.758111,137.958025978154,1.027545226128763
Iceland,ISL,2025,151.367985,128.441487054951,1.1784976059584267
Israel,ISR,1990,1.70674,2.016175,0.8465237392587448
Israel,ISR,1991,1.983234,2.27910833333333,0.8701797852230233
Israel,ISR,1992,2.172858,2.45908333333333,0.8836048663119739
Israel,ISR,1993,2.357943,2.83008333333333,0.8331708724713652
Israel,ISR,1994,2.598105,3.01105520833333,0.8628553182318085
Israel,ISR,1995,2.775539,3.01129166666667,0.921710450941594
Israel,ISR,1996,2.978542,3.19165,0.9332295207807874
Israel,ISR,1997,3.169283,3.44935,0.9188058619739952
Israel,ISR,1998,3.346311,3.800075,0.8805907778135957
Israel,ISR,1999,3.504641,4.13971666666667,0.8465895814125758
Israel,ISR,2000,3.434893,4.07733333333333,0.8424361510791374
Israel,ISR,2001,3.416906,4.20565,0.8124561007216482
Israel,ISR,2002,3.462676,4.737825,0.7308577247998819
Israel,ISR,2003,3.621458,4.55413333333333,0.7952024534488822
Israel,ISR,2004,3.535081,4.48198333333333,0.7887314023925425
Israel,ISR,2005,3.716937,4.4877,0.8282498830135704
Israel,ISR,2006,3.804289,4.45580833333334,0.8537820111203155
Israel,ISR,2007,3.732781,4.10808294905577,0.9086430450139688
Israel,ISR,2008,3.867205,3.58802119408369,1.0778099656648232
Israel,ISR,2009,3.991334,3.93233547791667,1.0150034305095932
Israel,ISR,2010,3.990703,3.738975,1.067325403352523
Israel,ISR,2011,3.944763,3.5781293062201,1.1024651884834225
Israel,ISR,2012,3.955358,3.85592182539683,1.0257879124904035
Israel,ISR,2013,3.839566,3.61075833333333,1.0633683136737215
Israel,ISR,2014,3.940387,3.577925,1.1013050860484779
Israel,ISR,2015,3.923925,3.88683333333333,1.0095429012478032
Israel,ISR,2016,3.788511,3.84056666666667,0.9864458369858607
Israel,ISR,2017,3.751633,3.59955554812834,1.04224895263826
Israel,ISR,2018,3.784664,3.59055812689938,1.0540600837642586
Israel,ISR,2019,3.816864,3.56452734661093,1.0707910555459716
Israel,ISR,2020,3.746701,3.44240585198793,1.0883960698115664
Israel,ISR,2021,3.657664,3.23019832251082,1.1323341896719556
Israel,ISR,2022,3.442983,3.35961440158189,1.0248149306595589
Israel,ISR,2023,3.456822,3.6673747160226,0.94258761857557
Israel,ISR,2024,3.50198,3.69971964970892,0.9465528017171578
Israel,ISR,2025,3.487723,3.45189166666667,1.0103802021596844
Italy,ITA,1990,0.691461,1198.10166666667,0.0005771304883697945
Italy,ITA,1991,0.71955,1240.61333333333,0.0005799953786299265
Italy,ITA,1992,0.734248,1232.40583333333,0.000595784262083582
Italy,ITA,1993,0.745119,1573.66586666667,0.00047349250929506836
Italy,ITA,1994,0.755385,1612.44498333333,0.0004684717976785967
Italy,ITA,1995,0.776313,1628.93315833333,0.00047657756613800995
Italy,ITA,1996,0.797664,1542.94696666667,0.0005169743466447496
Italy,ITA,1997,0.804166,1703.09690833333,0.0004721786505895111
Italy,ITA,1998,0.799785,1736.20738333333,0.00046065061563354225
Italy,ITA,1999,0.806447,0.938283072395283,0.8594922190605794
Italy,ITA,2000,0.805086,1.08270508132602,0.7435875326399947
Italy,ITA,2001,0.816362,1.11653308564462,0.7311579123772055
Italy,ITA,2002,0.823489,1.05755899623965,0.7786695616301975
Italy,ITA,2003,0.833524,0.88404792718493,0.942849334712188
Italy,ITA,2004,0.851953,0.803921647747618,1.059746310336279
Italy,ITA,2005,0.855139,0.803800192161442,1.0638701114272022
Italy,ITA,2006,0.823022,0.796432730949102,1.0333854549388142
Italy,ITA,2007,0.809227,0.729672399984083,1.1090278322404032
Italy,ITA,2008,0.783694,0.679922680042729,1.1526222363265621
Italy,ITA,2009,0.770943,0.716957702016136,1.0752977446675775
Italy,ITA,2010,0.773348,0.754308990105961,1.02524033273336
Italy,ITA,2011,0.758687,0.718413898653317,1.0560583549708265
Italy,ITA,2012,0.747731,0.778338120416812,0.9606763184097659
Italy,ITA,2013,0.737299,0.752945122701996,0.9792201021956969
Italy,ITA,2014,0.739644,0.752728196932603,0.982617634112922
Italy,ITA,2015,0.738694,0.901296423367096,0.8195905152273433
Italy,ITA,2016,0.700544,0.903421436257263,0.7754343342817354
Italy,ITA,2017,0.689895,0.885205508269372,0.7793613952411849
Italy,ITA,2018,0.681219,0.846772667108111,0.8044886502141028
Italy,ITA,2019,0.647298,0.893276257067409,0.7246336112470447
Italy,ITA,2020,0.632292,0.875506396987998,0.7222014621198339
Italy,ITA,2021,0.625356,0.84549413889045,0.7396337493488253
Italy,ITA,2022,0.59129,0.949623753156941,0.6226571292412475
Italy,ITA,2023,0.601949,0.924839558470698,0.6508685690255016
Italy,ITA,2024,0.599627,0.923889546117607,0.6490245533351562
Italy,ITA,2025,0.610275,0.88496895841236,0.6896004590882343
Jamaica,JAM,1990,2.74536892773952,7.184025,0.3821491333534502
Jamaica,JAM,1991,4.06649918420079,12.115875,0.33563396652745175
Jamaica,JAM,1992,6.36285169001947,22.96035,0.27712346240451347
Jamaica,JAM,1993,9.49771781950972,24.94855,0.38069217728123356
Jamaica,JAM,1994,12.1918755808752,33.0859333333333,0.3684912091807962
Jamaica,JAM,1995,14.9491873987451,35.1421166666667,0.4253923444777824
Jamaica,JAM,1996,17.4509287461062,37.1195583333333,0.4701275966000731
Jamaica,JAM,1997,18.803479773667,35.4044666666667,0.5311047318040939
Jamaica,JAM,1998,20.143992947319,36.55,0.5511352379567442
Jamaica,JAM,1999,21.2366443944223,39.0435166666667,0.5439224282927626
Jamaica,JAM,2000,22.9647877153406,42.9857,0.5342424972802722
Jamaica,JAM,2001,24.2125421516919,45.99625,0.5264025252426425
Jamaica,JAM,2002,26.0078127625606,48.4159416666667,0.53717457240879
Jamaica,JAM,2003,28.4689093869673,57.74087375,0.49304604412861525
Jamaica,JAM,2004,31.2882441410212,61.1972,0.5112692106995287
Jamaica,JAM,2005,33.8163174557271,62.2807149440837,0.5429661089486169
Jamaica,JAM,2006,35.7072957643627,65.7438575396826,0.5431274814199941
Jamaica,JAM,2007,38.7011371682492,69.1921618494152,0.5593283420234151
Jamaica,JAM,2008,43.1132395361197,72.7562034061521,0.5925713206260312
Jamaica,JAM,2009,47.84364606641,87.8941198106535,0.544332728622546
Jamaica,JAM,2010,51.9064085889204,87.1961463300915,0.5952832868602065
Jamaica,JAM,2011,53.8049468994141,85.8934632022765,0.6264149202216365
Jamaica,JAM,2012,56.6069358389909,88.7498023876452,0.6378260493667433
Jamaica,JAM,2013,59.6113221385822,100.39788320358,0.5937507867342823
Jamaica,JAM,2014,63.1997713041459,110.934527811188,0.5697033426032401
Jamaica,JAM,2015,65.9062696407354,116.969776646049,0.5634469991352384
Jamaica,JAM,2016,66.675524485405,125.095034603174,0.532998969119061
Jamaica,JAM,2017,68.5327301025391,127.964544179198,0.5355603033803471
Jamaica,JAM,2018,71.6331405639648,128.87151906466,0.5558492759600637
Jamaica,JAM,2019,74.1321411132813,133.31211833796,0.55607953753573
Jamaica,JAM,2020,77.2810134887695,142.402832756013,0.542692950646421
Jamaica,JAM,2021,81.3269805908203,150.790105943026,0.5393389710963437
Jamaica,JAM,2022,85.5366556074584,153.426816475659,0.5575078566596519
Jamaica,JAM,2023,91.8329135889699,154.158779031722,0.5957034310065015
Jamaica,JAM,2024,93.9657613558653,156.439540115298,0.6006522474216639
Jamaica,JAM,2025,95.7950373528488,159.096428305753,0.6021193459399918
Jordan,JOR,1990,0.18185298644952,0.663711666666667,0.273993957892639
Jordan,JOR,1991,0.185465084318011,0.680865833333333,0.27239593358654035
Jordan,JOR,1992,0.193552211982693,0.679818333333333,0.28471166853305385
Jordan,JOR,1993,0.194684091563409,0.692850833333333,0.2809899074910195
Jordan,JOR,1994,0.203693531607431,0.698764166666667,0.2915054052916245
Jordan,JOR,1995,0.203270376089569,0.7003775,0.29022973480668496
Jordan,JOR,1996,0.203701151252535,0.709,0.2873076886495557
Jordan,JOR,1997,0.202742186787593,0.709,0.28595512946063895
Jordan,JOR,1998,0.212527124794171,0.709,0.2997561703725966
Jordan,JOR,1999,0.208779520160143,0.709,0.29447040925267
Jordan,JOR,2000,0.203310075228063,0.709,0.28675610046271227
Jordan,JOR,2001,0.20037176027738,0.708983174066667,0.2826184987269369
Jordan,JOR,2002,0.199129751017153,0.708999833333333,0.2808600815615891
Jordan,JOR,2003,0.19946747499517,0.709,0.2813363540129337
Jordan,JOR,2004,0.200256090230118,0.709,0.2824486463048209
Jordan,JOR,2005,0.198063971403027,0.709,0.27935680028635684
Jordan,JOR,2006,0.21260044737186,0.709,0.2998595872663752
Jordan,JOR,2007,0.217443367544626,0.708999766666667,0.306690323139212
Jordan,JOR,2008,0.263732320726398,0.70966655,0.3716285073974503
Jordan,JOR,2009,0.267085475388194,0.71,0.3761767258988648
Jordan,JOR,2010,0.282750902155806,0.71,0.39824070726169863
Jordan,JOR,2011,0.290935188531876,0.71,0.40976787117165636
Jordan,JOR,2012,0.303982846164697,0.71,0.4281448537530944
Jordan,JOR,2013,0.311815298449383,0.71,0.43917647668927184
Jordan,JOR,2014,0.32540655643805,0.71,0.45831909357471834
Jordan,JOR,2015,0.320099444614723,0.71,0.45084428818975075
Jordan,JOR,2016,0.323572037655516,0.71,0.4557352643035437
Jordan,JOR,2017,0.311540961265564,0.71,0.4387900862895268
Jordan,JOR,2018,0.325495779514313,0.71,0.45844475987931416
Jordan,JOR,2019,0.314005553722382,0.71,0.44226134327096056
Jordan,JOR,2020,0.298109263181686,0.71,0.4198722016643465
Jordan,JOR,2021,0.323472499847412,0.71,0.4555950702076226
Jordan,JOR,2022,0.310232058396914,0.71,0.4369465611224141
Jordan,JOR,2023,0.304214246597533,0.71,0.4284707698556803
Jordan,JOR,2024,0.302314065193508,0.71,0.4257944580190254
Jordan,JOR,2025,0.300588436411238,0.71,0.42336399494540566
Japan,JPN,1990,187.619696,144.7925,1.2957832484417358
Japan,JPN,1991,186.75359,134.706666666667,1.386372290408786
Japan,JPN,1992,185.65514,126.651333333333,1.4658759218221191
Japan,JPN,1993,182.314711,111.197785833333,1.6395534284581839
Japan,JPN,1994,178.836771,102.207805833333,1.7497369162940783
Japan,JPN,1995,174.247214,94.0595791666667,1.8525196002764024
Japan,JPN,1996,170.351722,108.779056666667,1.5660341909565447
Japan,JPN,1997,168.308686,120.9908625,1.3910859260136275
Japan,JPN,1998,166.393737,130.905300666667,1.2711000712163643
Japan,JPN,1999,162.03574,113.906805,1.4225290578556742
Japan,JPN,2000,154.687365,107.765498333333,1.4354071330095968
Japan,JPN,2001,149.639771,121.5289475,1.2313096926968778
Japan,JPN,2002,143.774205,125.388019166667,1.146634311280521
Japan,JPN,2003,139.581668,115.933464166667,1.2039808264448661
Japan,JPN,2004,134.397629,108.192569166667,1.2422075752075448
Japan,JPN,2005,129.551955,110.218211666667,1.1754133281694321
Japan,JPN,2006,124.459311,116.299311666667,1.0701637801324302
Japan,JPN,2007,120.321744,117.753529166667,1.021810087999129
Japan,JPN,2008,116.845814,103.359493968254,1.1304797412793857
Japan,JPN,2009,115.232346,93.5700890870456,1.231508349776205
Japan,JPN,2010,111.707557,87.779875,1.2725873328026498
Japan,JPN,2011,107.454281,79.8070198321892,1.3464264324860757
Japan,JPN,2012,104.273972,79.7904554170065,1.306847685666613
Japan,JPN,2013,101.302673,97.5956582776385,1.0379833979070652
Japan,JPN,2014,103.052076,105.944781034025,0.9726961063509492
Japan,JPN,2015,103.469437,121.044025684011,0.8548082932247314
Japan,JPN,2016,105.519502,108.792900046834,0.9699116574204305
Japan,JPN,2017,105.101901,112.166141081871,0.9370198527493715
Japan,JPN,2018,104.158636,110.42317934106,0.9432678593530536
Japan,JPN,2019,103.231509,109.009665900863,0.9469940866884424
Japan,JPN,2020,100.742048,106.774582262437,0.9435021506559504
Japan,JPN,2021,99.211289,109.754323839417,0.9039396857399199
Japan,JPN,2022,94.922107,131.498140443764,0.7218513256512098
Japan,JPN,2023,93.831737,140.49110006234,0.6678838514209379
Japan,JPN,2024,94.462599,151.366291302752,0.6240662844216927
Japan,JPN,2025,97.08005,149.657926890952,0.6486796390727583
Kazakhstan,KAZ,1994,4.23967068240905,35.5383333333333,0.11929852316491267
Kazakhstan,KAZ,1995,10.8336722467394,60.95,0.17774687853551108
Kazakhstan,KAZ,1996,14.777391543836,67.3033333333333,0.21956403660793433
Kazakhstan,KAZ,1997,16.8709016223816,75.4375,0.22364078372668234
Kazakhstan,KAZ,1998,17.6281577805975,78.3033333333333,0.22512653076409062
Kazakhstan,KAZ,1999,19.6905611615486,119.523333333333,0.16474240311416452
Kazakhstan,KAZ,2000,22.6097623924453,142.133333333333,0.15907431326767368
Kazakhstan,KAZ,2001,24.3576489521031,146.735833333333,0.16599659673292588
Kazakhstan,KAZ,2002,25.3768234264825,153.279166666667,0.16555950804240047
Kazakhstan,KAZ,2003,27.8066964025706,149.575833333333,0.18590367028477636
Kazakhstan,KAZ,2004,31.4467385967767,136.035,0.23116652770813909
Kazakhstan,KAZ,2005,35.9408788722456,132.88,0.2704762106580795
Kazakhstan,KAZ,2006,42.3798277688647,126.089430555555,0.33610928039041427
Kazakhstan,KAZ,2007,47.6687161257487,122.554166666667,0.38896038724984383
Kazakhstan,KAZ,2008,56.5591641899303,120.299166666667,0.4701542475904943
Kazakhstan,KAZ,2009,58.8494307579092,147.496666666667,0.39898820826171705
Kazakhstan,KAZ,2010,69.5052662275366,147.355,0.471685835075407
Kazakhstan,KAZ,2011,82.0900955200195,146.620833333333,0.5598801592771812
Kazakhstan,KAZ,2012,83.8739423586594,149.1125,0.5624876677586346
Kazakhstan,KAZ,2013,86.32041979476,152.129166666667,0.567415320060868
Kazakhstan,KAZ,2014,92.951476814048,179.191666666667,0.5187265599072566
Kazakhstan,KAZ,2015,100.548503768533,221.728333333333,0.4534761176298314
Kazakhstan,KAZ,2016,111.098913040409,342.16,0.32469871709261455
Kazakhstan,KAZ,2017,121.613784790039,326.001022727273,0.3730472492774327
Kazakhstan,KAZ,2018,130.108551025391,344.705833333333,0.37744806859585434
Kazakhstan,KAZ,2019,126.168754577637,382.747310606061,0.3296398200103749
Kazakhstan,KAZ,2020,124.875175476074,412.953333333333,0.3023953686681484
Kazakhstan,KAZ,2021,129.063003540039,425.9075,0.30303059593935067
Kazakhstan,KAZ,2022,144.313196719951,460.165,0.31361184948866383
Kazakhstan,KAZ,2023,152.415361023158,456.165,0.33412331288713076
Kazakhstan,KAZ,2024,162.098669079355,468.9625,0.3456537976476904
Kazakhstan,KAZ,2025,172.827127700445,521.035,0.33169965107995625
Kenya,KEN,1990,8.46445381887982,22.9147666666667,0.3693886104977347
Kenya,KEN,1991,9.21362841734919,27.5078666666667,0.3349452187258861
Kenya,KEN,1992,10.7106688041591,32.2168333333333,0.3324556666802276
Kenya,KEN,1993,13.1514169690049,58.0013333333333,0.22674335594017794
Kenya,KEN,1994,15.0675936100461,56.050575,0.2688213922880559
Kenya,KEN,1995,16.4141846444111,51.4298333333333,0.3191568702551589
Kenya,KEN,1996,17.5885370906229,57.1148666666667,0.3079502433801163
Kenya,KEN,1997,19.2675652209895,58.7318416666667,0.32805995307184144
Kenya,KEN,1998,20.3741002437314,60.3667,0.3375056155750008
Kenya,KEN,1999,20.9323640985434,70.3262166666667,0.29764666849290283
Kenya,KEN,2000,21.7131743434279,76.1755416666667,0.2850412858032786
Kenya,KEN,2001,21.5690798972101,78.563195,0.2745443320782728
Kenya,KEN,2002,21.4372303361052,78.7491416666667,0.2722217649920018
Kenya,KEN,2003,22.3249969516831,75.9355694444445,0.29399920373305916
Kenya,KEN,2004,23.2897814850122,79.1738760642135,0.29415992550526593
Kenya,KEN,2005,23.6881674718639,75.5541094514311,0.31352586436203717
Kenya,KEN,2006,24.7688720437731,72.1008350178622,0.34353100123787583
Kenya,KEN,2007,26.0759880122086,67.3176381242857,0.38735744061705807
Kenya,KEN,2008,29.4592130640191,69.175319816226,0.4258630555273421
Kenya,KEN,2009,32.6858710061636,77.352012297579,0.4225600606280106
Kenya,KEN,2010,32.8227669739364,79.2331517045454,0.41425547599482204
Kenya,KEN,2011,35.3961219787598,88.8107699710456,0.3985566389110214
Kenya,KEN,2012,38.1491624407889,84.5296017573529,0.4513112761408514
Kenya,KEN,2013,38.0067807273639,86.1228788982654,0.44130875806253844
Kenya,KEN,2014,38.8071942493241,87.9221638089727,0.4413812464129064
Kenya,KEN,2015,39.7461923763189,98.1784533265271,0.4048362041733221
Kenya,KEN,2016,40.2768851704376,101.504369498594,0.39679952074374003
Kenya,KEN,2017,41.2794494628906,103.410004519014,0.3991823581759978
Kenya,KEN,2018,42.1700057983398,101.301574049018,0.4162818415628418
Kenya,KEN,2019,42.6559524536133,101.99129838935,0.4182312915634719
Kenya,KEN,2020,42.8165397644043,106.450780158517,0.4022191260660159
Kenya,KEN,2021,42.3316535949707,109.637746592367,0.3861047395689346
Kenya,KEN,2022,42.2702192058264,117.865989201682,0.3586294866918504
Kenya,KEN,2023,42.969527633291,139.846383759617,0.30726234370959243
Kenya,KEN,2024,43.2560168752789,134.822483279332,0.3208368205595124
Kenya,KEN,2025,43.5471478663385,129.302572099377,0.33678485400019603
Kyrgyz Republic,KGZ,1994,1.81624383797577,10.8416833333333,0.16752415488761205
Kyrgyz Republic,KGZ,1995,2.52665482548753,10.8218833333333,0.23347644283920432
Kyrgyz Republic,KGZ,1996,3.35816796479143,12.8095583333333,0.2621611048097369
Kyrgyz Republic,KGZ,1997,3.93869430017144,17.3624916666667,0.2268507525180343
Kyrgyz Republic,KGZ,1998,4.24848229109436,20.8375666666667,0.20388572039414488
Kyrgyz Republic,KGZ,1999,5.7632698174968,39.0077333333333,0.14774685235483576
Kyrgyz Republic,KGZ,2000,7.16634242545567,47.7038333333333,0.1502257140507019
Kyrgyz Republic,KGZ,2001,7.52246585750168,48.3779583333333,0.1554936610939731
Kyrgyz Republic,KGZ,2002,7.55737679567287,46.9370666666667,0.16101084563599055
Kyrgyz Republic,KGZ,2003,7.70561633787296,43.648375,0.17653844702976823
Kyrgyz Republic,KGZ,2004,7.88717958902723,42.6499416666667,0.18492826205179783
Kyrgyz Republic,KGZ,2005,8.19255305161117,41.0118205059348,0.19976077507765427
Kyrgyz Republic,KGZ,2006,8.69386181732999,40.1528999454205,0.21651890222493228
Kyrgyz Republic,KGZ,2007,9.7237667356433,37.3162568055556,0.26057722740817985
Kyrgyz Republic,KGZ,2008,11.6593556897776,36.5745916666667,0.3187829353240241
Kyrgyz Republic,KGZ,2009,12.0554901813113,42.9041083333333,0.2809868483374372
Kyrgyz Republic,KGZ,2010,13.1058527549152,45.9642614008139,0.28513136849150217
Kyrgyz Republic,KGZ,2011,15.7278079986572,46.1439013172043,0.3408426151603536
Kyrgyz Republic,KGZ,2012,15.3066004681555,47.0044791422568,0.3256413164760492
Kyrgyz Republic,KGZ,2013,15.3713027671433,48.4380590087726,0.3173393625116029
Kyrgyz Republic,KGZ,2014,16.0463237607682,53.654058312852,0.29907008463746626
Kyrgyz Republic,KGZ,2015,17.1601710682343,64.4621082725294,0.26620555126254103
Kyrgyz Republic,KGZ,2016,16.754661356211,69.9140658252997,0.23964650258042944
Kyrgyz Republic,KGZ,2017,16.9797916412354,68.866667859063,0.24656037774304518
Kyrgyz Republic,KGZ,2018,18.4928894042969,68.840320327701,0.2686345635270883
Kyrgyz Republic,KGZ,2019,18.709680557251,69.7893491807476,0.26808790706436814
Kyrgyz Republic,KGZ,2020,18.3638648986816,77.3461127039303,0.2374245357226395
Kyrgyz Republic,KGZ,2021,19.9189929962158,84.6408220065285,0.23533553342238822
Kyrgyz Republic,KGZ,2022,22.2518617475837,84.1162225704045,0.2645371019717284
Kyrgyz Republic,KGZ,2023,25.7192364470372,87.8561255862776,0.292742666210338
Kyrgyz Republic,KGZ,2024,26.7014758852856,87.1503126405883,0.3063841663472127
Cambodia,KHM,1990,73.2412829325629,426.25,0.17182705673328538
Cambodia,KHM,1991,146.961781267844,718.333333333333,0.20458716649815878
Cambodia,KHM,1992,252.058867004542,1266.58333333333,0.19900693493351615
Cambodia,KHM,1993,510.66565531919,2689.0,0.1899091317661547
Cambodia,KHM,1994,799.810277387504,2545.25,0.31423643154405423
Cambodia,KHM,1995,846.088688846252,2450.83333333333,0.3452248985431839
Cambodia,KHM,1996,856.073652207512,2624.08333333333,0.32623722018768964
Cambodia,KHM,1997,892.097762529544,2946.25,0.3027909249145673
Cambodia,KHM,1998,973.557428382305,3744.41666666667,0.26000242896284803
Cambodia,KHM,1999,972.083429980132,3807.83333333333,0.25528518316981647
Cambodia,KHM,2000,909.837301664654,3840.75,0.23689052962693588
Cambodia,KHM,2001,946.728408984239,3916.33333333333,0.24173846514194564
Cambodia,KHM,2002,950.821724738334,3912.08333333333,0.24304741073298577
Cambodia,KHM,2003,962.9270042953,3973.33333333333,0.24234740040989114
Cambodia,KHM,2004,1008.06569574082,4016.25,0.25099674963979335
Cambodia,KHM,2005,1055.77596874352,4092.5,0.2579782452641466
Cambodia,KHM,2006,1093.80879875829,4103.25,0.26657132730354965
Cambodia,KHM,2007,1156.54528258853,4056.16666666667,0.2851325839475356
Cambodia,KHM,2008,1268.44459210644,4054.16666666667,0.31287430843324293
Cambodia,KHM,2009,1270.13840082538,4139.33333333333,0.3068461267898327
Cambodia,KHM,2010,1333.50662885188,4184.91666666667,0.3186459217870238
Cambodia,KHM,2011,1371.2353515625,4058.5,0.3378675253326352
Cambodia,KHM,2012,1342.42968410045,4033.0,0.3328613151749194
Cambodia,KHM,2013,1351.39792921377,4027.25,0.335563456257687
Cambodia,KHM,2014,1403.65131683703,4037.5,0.3476535769255802
Cambodia,KHM,2015,1419.62490608612,4067.75,0.34899512164860674
Cambodia,KHM,2016,1431.95643542498,4058.69457885305,0.3528120698920976
Cambodia,KHM,2017,1464.89099121094,4050.5799859191,0.36164968876143494
Cambodia,KHM,2018,1468.92175292969,4051.16690028162,0.3625922577585181
Cambodia,KHM,2019,1468.90258789063,4061.14896313364,0.36169630841544015
Cambodia,KHM,2020,1433.76916503906,4092.78321900878,0.3503164199804114
Cambodia,KHM,2021,1426.95983886719,4098.72279505888,0.3481474376816671
Cambodia,KHM,2022,1378.68596342675,4102.03786482335,0.33609781500301233
Cambodia,KHM,2023,1343.02092677806,4110.65274641577,0.32671719301735946
Cambodia,KHM,2024,1340.8205322666,4072.39723921642,0.32924600757380695
Cambodia,KHM,2025,1349.49224235827,4013.43310400666,0.33624386090079716
Kiribati,KIR,1990,0.524738713166559,1.28105666666667,0.4096139747915582
Kiribati,KIR,1991,0.608646336460435,1.28375583333333,0.47411378445701563
Kiribati,KIR,1992,0.759094954265817,1.36164833333333,0.5574823804965444
Kiribati,KIR,1993,0.768577973631398,1.47056,0.5226430568160415
Kiribati,KIR,1994,0.780130031334908,1.36775083333333,0.5703743783753814
Kiribati,KIR,1995,0.750321980844982,1.3490325,0.5561926646281553
Kiribati,KIR,1996,0.829244931383847,1.27786333333333,0.6489308439743289
Kiribati,KIR,1997,0.836486803765479,1.34738,0.6208247144573016
Kiribati,KIR,1998,0.87386479670859,1.59182833333333,0.5489692439879458
Kiribati,KIR,1999,0.901370624569125,1.54995,0.581548194825075
Kiribati,KIR,2000,0.890213187946272,1.72482666666667,0.5161174772805791
Kiribati,KIR,2001,0.873423480047635,1.9334425,0.4517452575122534
Kiribati,KIR,2002,0.928963313513554,1.8405625,0.5047170707398168
Kiribati,KIR,2003,0.996981444343458,1.54191416666667,0.6465868631966366
Kiribati,KIR,2004,0.932949679858932,1.3597525,0.686117274915054
Kiribati,KIR,2005,0.941075660456565,1.30947333333333,0.7186672966153574
Kiribati,KIR,2006,0.86329139889015,1.3279734405,0.6500818258572318
Kiribati,KIR,2007,0.902001288945393,1.1950725,0.7547670027930464
Kiribati,KIR,2008,0.969045847501194,1.19217833333333,0.8128363185327672
Kiribati,KIR,2009,0.982352916133718,1.28218881008452,0.766153087912975
Kiribati,KIR,2010,0.962228715133838,1.09015948638677,0.8826494904181897
Kiribati,KIR,2011,0.961621381691926,0.969463201496735,0.9919111733248852
Kiribati,KIR,2012,0.938924380875571,0.965801030658708,0.9721716493046126
Kiribati,KIR,2013,0.895707674252653,1.03584309652054,0.8647136591066634
Kiribati,KIR,2014,0.924431628871582,1.10936329281692,0.8332992761318474
Kiribati,KIR,2015,0.944684861003046,1.33109026245502,0.7097075890711572
Kiribati,KIR,2016,0.951855795724369,1.34521397601947,0.7075869063901193
Kiribati,KIR,2017,0.944675912536428,1.30475807671592,0.7240238090069389
Kiribati,KIR,2018,0.960446416261646,1.33841214646451,0.7176013896756082
Kiribati,KIR,2019,0.911646299153458,1.43850654421382,0.6337449786519362
Kiribati,KIR,2020,0.937517740517453,1.45308511847016,0.6451912063516914
Kiribati,KIR,2021,0.97877842181364,1.33122425957081,0.7352468337147046
Kiribati,KIR,2022,0.89469854215867,1.44166445896522,0.6206010952096687
Kiribati,KIR,2023,0.939254719016737,1.50519106560508,0.6240102937623808
Kiribati,KIR,2024,1.03691322245715,1.51535803855596,0.6842694571675368
Kiribati,KIR,2025,1.00874671689262,1.5519978866485,0.6499665531574808
St. Kitts and Nevis,KNA,1990,1.48641500427334,2.7,0.5505240756567925
St. Kitts and Nevis,KNA,1991,1.48724040385895,2.7,0.5508297792070185
St. Kitts and Nevis,KNA,1992,1.53113193974424,2.7,0.5670859036089777
St. Kitts and Nevis,KNA,1993,1.52545621698353,2.7,0.564983784067974
St. Kitts and Nevis,KNA,1994,1.5872438201683,2.7,0.5878680815438148
St. Kitts and Nevis,KNA,1995,1.56682846580987,2.7,0.5803068391888406
St. Kitts and Nevis,KNA,1996,1.5485961441289,2.7,0.5735541274551481
St. Kitts and Nevis,KNA,1997,1.59716968071436,2.7,0.5915443261905037
St. Kitts and Nevis,KNA,1998,1.62364573584855,2.7,0.6013502725365
St. Kitts and Nevis,KNA,1999,1.64549801987048,2.7,0.6094437110631408
St. Kitts and Nevis,KNA,2000,1.63813671209555,2.7,0.6067173007761295
St. Kitts and Nevis,KNA,2001,1.66512042425298,2.7,0.6167112682418444
St. Kitts and Nevis,KNA,2002,1.69663474426549,2.7,0.6283832386168482
St. Kitts and Nevis,KNA,2003,1.69156146486723,2.7,0.6265042462471222
St. Kitts and Nevis,KNA,2004,1.71050603500109,2.7,0.6335207537041074
St. Kitts and Nevis,KNA,2005,1.63157415705902,2.7,0.6042867248366741
St. Kitts and Nevis,KNA,2006,1.8070155672281,2.7,0.6692650248992963
St. Kitts and Nevis,KNA,2007,1.87061816524174,2.7,0.6928215426821258
St. Kitts and Nevis,KNA,2008,1.86013526869088,2.7,0.6889389884040296
St. Kitts and Nevis,KNA,2009,1.90548287253445,2.7,0.7057343972349814
St. Kitts and Nevis,KNA,2010,1.8944369304808,2.7,0.7016433075854814
St. Kitts and Nevis,KNA,2011,1.96119391918182,2.7,0.7263681182154889
St. Kitts and Nevis,KNA,2012,2.01793695370612,2.7,0.7473840569281925
St. Kitts and Nevis,KNA,2013,2.03725888609456,2.7,0.7545403281831703
St. Kitts and Nevis,KNA,2014,2.04040925302396,2.7,0.7557071307496147
St. Kitts and Nevis,KNA,2015,2.04214786936031,2.7,0.7563510627260407
St. Kitts and Nevis,KNA,2016,2.04667573482668,2.7,0.7580280499358073
St. Kitts and Nevis,KNA,2017,2.05065178871155,2.7,0.7595006624857592
St. Kitts and Nevis,KNA,2018,2.00792121887207,2.7,0.7436745255081739
St. Kitts and Nevis,KNA,2019,1.96132147312164,2.7,0.7264153604154222
St. Kitts and Nevis,KNA,2020,1.86340057849884,2.7,0.6901483624069777
St. Kitts and Nevis,KNA,2021,1.84317195415497,2.7,0.6826562793166555
St. Kitts and Nevis,KNA,2022,1.78031609721974,2.7,0.6593763323036074
St. Kitts and Nevis,KNA,2023,1.79247081385822,2.7,0.6638780792067481
St. Kitts and Nevis,KNA,2024,1.85383769695909,2.7,0.6866065544292925
St. Kitts and Nevis,KNA,2025,1.85174655680503,2.7,0.685832058075937
"Korea, Rep.",KOR,1990,562.81864,707.765833333333,0.7952045909722969
"Korea, Rep.",KOR,1991,593.748987,733.329166666667,0.8096623098994877
"Korea, Rep.",KOR,1992,625.494825,780.670833333333,0.8012273525440197
"Korea, Rep.",KOR,1993,649.240687,802.538333333333,0.8089840198702869
"Korea, Rep.",KOR,1994,687.121498,803.771666666667,0.8548715095290326
"Korea, Rep.",KOR,1995,720.334889,771.254166666667,0.9339786028168402
"Korea, Rep.",KOR,1996,735.559277,804.4575,0.9143544276733078
"Korea, Rep.",KOR,1997,751.005864,949.89,0.7906240343618735
"Korea, Rep.",KOR,1998,776.066263,1403.18333333333,0.5530754567590374
"Korea, Rep.",KOR,1999,754.89297,1189.43916666667,0.634662949695478
"Korea, Rep.",KOR,2000,747.251482,1130.3625,0.661072427650422
"Korea, Rep.",KOR,2001,756.670946,1290.79,0.5862076294362367
"Korea, Rep.",KOR,2002,769.77179,1251.6025,0.6150289648670405
"Korea, Rep.",KOR,2003,790.859569,1191.64583333333,0.6636699822024879
"Korea, Rep.",KOR,2004,795.262864,1146.24916666667,0.693795805594913
"Korea, Rep.",KOR,2005,788.920135,1024.32833333333,0.7701828694250078
"Korea, Rep.",KOR,2006,771.744441,955.340833333333,0.8078210561850094
"Korea, Rep.",KOR,2007,770.254981,929.375833333333,0.8287874005044608
"Korea, Rep.",KOR,2008,785.717886,1100.12583333333,0.7142072862877071
"Korea, Rep.",KOR,2009,828.190489,1277.24583333333,0.6484190180042361
"Korea, Rep.",KOR,2010,840.493838,1156.46,0.7267815903706137
"Korea, Rep.",KOR,2011,854.585723,1108.23333333333,0.7711243627996535
"Korea, Rep.",KOR,2012,854.887268,1126.80666666667,0.7586814076357352
"Korea, Rep.",KOR,2013,869.081422,1094.9825,0.7936943485398168
"Korea, Rep.",KOR,2014,871.878106,1052.84,0.828120232893887
"Korea, Rep.",KOR,2015,857.483387,1130.9525,0.758195757116236
"Korea, Rep.",KOR,2016,858.809687,1160.7675,0.7398636565892827
"Korea, Rep.",KOR,2017,872.624771,1131.00083333333,0.7715509531749557
"Korea, Rep.",KOR,2018,854.871397,1100.16333333333,0.7770404367230344
"Korea, Rep.",KOR,2019,847.547829,1165.3575,0.7272856861521034
"Korea, Rep.",KOR,2020,829.359157,1180.26583333333,0.7026884398218218
"Korea, Rep.",KOR,2021,829.867766,1143.95166666667,0.7254395357612698
"Korea, Rep.",KOR,2022,810.157015,1291.44666666667,0.627325181837421
"Korea, Rep.",KOR,2023,811.048042,1305.6625,0.6211774038084115
"Korea, Rep.",KOR,2024,809.26722,1363.375,0.5935763968093885
"Korea, Rep.",KOR,2025,816.329274,1422.44083333333,0.5738933071029917
Kuwait,KWT,1992,0.098582963327011,0.293222666666667,0.3362051250938225
Kuwait,KWT,1993,0.0891871848466628,0.3018386,0.29547971944828394
Kuwait,KWT,1994,0.0821964159651482,0.296870315,0.2768765073906032
Kuwait,KWT,1995,0.0844134705029518,0.298447720833333,0.28284173277400293
Kuwait,KWT,1996,0.0957531848040698,0.299408563333333,0.3198077694840923
Kuwait,KWT,1997,0.0896914008308643,0.303348835,0.29567082672614947
Kuwait,KWT,1998,0.0734780487123829,0.30475564,0.24110480354812436
Kuwait,KWT,1999,0.0855590115793141,0.304414666666667,0.2810607403256326
Kuwait,KWT,2000,0.100833117065299,0.306751583333333,0.3287126213647876
Kuwait,KWT,2001,0.0910010391631465,0.306681666666667,0.29672800514044334
Kuwait,KWT,2002,0.0942218341387117,0.303914251666667,0.3100276924231054
Kuwait,KWT,2003,0.0969441778422477,0.298011521083333,0.3253034563557668
Kuwait,KWT,2004,0.105140636234052,0.2947,0.3567717551206379
Kuwait,KWT,2005,0.124138509974638,0.292,0.4251318834747877
Kuwait,KWT,2006,0.139905159087282,0.290176225,0.48213860073230325
Kuwait,KWT,2007,0.142082012073217,0.284213958333333,0.49991215388014043
Kuwait,KWT,2008,0.165411693478658,0.268828366666667,0.6153059497763486
Kuwait,KWT,2009,0.136176323870825,0.287785416666667,0.47318702055203116
Kuwait,KWT,2010,0.149479849816432,0.286606591666667,0.5215506347819174
Kuwait,KWT,2011,0.171689406037331,0.275978944444444,0.6221105250726581
Kuwait,KWT,2012,0.177855683979551,0.279935558333333,0.6353450952728539
Kuwait,KWT,2013,0.183309784165492,0.283589441666667,0.6463914280030059
Kuwait,KWT,2014,0.184760306448633,0.284567141666667,0.6492678858371337
Kuwait,KWT,2015,0.198600794503785,0.300852025,0.6601278302972533
Kuwait,KWT,2016,0.197206610920341,0.302137441178496,0.6527049747662216
Kuwait,KWT,2017,0.189230144023895,0.303349758333333,0.6238018617966435
Kuwait,KWT,2018,0.188494756817818,0.301956493524177,0.6242447533347237
Kuwait,KWT,2019,0.18986764550209,0.303611163035755,0.6253645076934476
Kuwait,KWT,2020,0.186391651630402,0.306233121756716,0.608659346060153
Kuwait,KWT,2021,0.202588081359863,0.301643110769949,0.6716151442768031
Kuwait,KWT,2022,0.222487093571873,0.306250154417753,0.7264881024953882
Kuwait,KWT,2023,0.1972847490244,0.30718535125088,0.6422335837989763
Kuwait,KWT,2024,0.189696382555312,0.306690648597046,0.6185267905072315
Kuwait,KWT,2025,0.175361574871678,0.306454776364578,0.5722266004529711
Lao PDR,LAO,1990,140.383475057126,707.749981094527,0.19835178920107438
Lao PDR,LAO,1991,153.405788741856,702.083314579229,0.21850083253124283
Lao PDR,LAO,1992,158.977815655973,716.08331420526,0.22201022213792734
Lao PDR,LAO,1993,172.662962941507,716.249980867475,0.24106522520585474
Lao PDR,LAO,1994,182.07145253185,717.666647496299,0.2536991974854021
Lao PDR,LAO,1995,213.4377566073,804.690820071722,0.26524194297168235
Lao PDR,LAO,1996,238.368574366002,921.021666666667,0.2588088673621525
Lao PDR,LAO,1997,279.676728065584,1259.97916666667,0.2219693273226739
Lao PDR,LAO,1998,510.281159294278,3298.33333333333,0.15470879008416732
Lao PDR,LAO,1999,1147.07594841785,7102.025,0.16151392714301205
Lao PDR,LAO,2000,1399.81669931957,7887.64333333333,0.17746957363093716
Lao PDR,LAO,2001,1490.39441641512,8954.58333333333,0.16643928153163134
Lao PDR,LAO,2002,1560.31721601945,10056.3333333333,0.15515766674594336
Lao PDR,LAO,2003,1735.90897714426,10569.0375,0.16424475522432955
Lao PDR,LAO,2004,1871.16774604661,10585.375,0.1767691504596304
Lao PDR,LAO,2005,1971.04156100809,10655.1666666667,0.18498458284789074
Lao PDR,LAO,2006,2118.67802561402,10153.6240754273,0.2086622480678022
Lao PDR,LAO,2007,2216.22801132584,9602.72881820274,0.23079148159685633
Lao PDR,LAO,2008,2367.05598978061,8740.18140302543,0.27082458368212464
Lao PDR,LAO,2009,2283.56756321705,8511.35116305693,0.26829671569994135
Lao PDR,LAO,2010,2463.63722305414,8254.16302973342,0.2984720818064224
Lao PDR,LAO,2011,2666.53491210938,8029.2625550619,0.3321020945352338
Lao PDR,LAO,2012,2618.47939086938,8006.58203188054,0.32704084969630504
Lao PDR,LAO,2013,2719.06547284056,7833.22998982965,0.34711932068519435
Lao PDR,LAO,2014,2747.66571723553,8042.42157002354,0.34164656668544763
Lao PDR,LAO,2015,2832.49758055387,8127.61059846586,0.3485031112450839
Lao PDR,LAO,2016,2775.05374890645,8124.36675616228,0.3415716981020816
Lao PDR,LAO,2017,2808.07495117188,8244.84318921019,0.3405856105118814
Lao PDR,LAO,2018,2855.97534179688,8401.33476613966,0.33994304730094405
Lao PDR,LAO,2019,2902.38134765625,8679.40909309671,0.3343984960871011
Lao PDR,LAO,2020,2953.51440429688,9045.78783382479,0.3265071499082528
Lao PDR,LAO,2021,3031.69677734375,9697.91578947368,0.31261322980700834
Lao PDR,LAO,2022,3276.84900579848,14035.2266926511,0.2334731798464111
Lao PDR,LAO,2023,3931.63306336066,17688.8735909054,0.22226588047879312
Lao PDR,LAO,2024,4375.37070071078,20167.3313803145,0.2169533796118219
Lebanon,LBN,1990,183.521536527546,695.089166666667,0.26402589096249657
Lebanon,LBN,1991,262.115678070758,928.2275,0.2823830128613492
Lebanon,LBN,1992,505.974572208867,1712.79083333333,0.2954094349186642
Lebanon,LBN,1993,616.553627001327,1741.36333333333,0.3540637471796972
Lebanon,LBN,1994,651.195009557169,1680.07333333333,0.38759915810649354
Lebanon,LBN,1995,705.934905036234,1621.41333333333,0.43538244722890035
Lebanon,LBN,1996,705.292581757249,1571.44416666667,0.44881809784773186
Lebanon,LBN,1997,773.394292233055,1539.45,0.5023835085472441
Lebanon,LBN,1998,795.527977353934,1516.13166666667,0.5247090307815827
Lebanon,LBN,1999,790.803780771913,1507.5,0.5245796224025957
Lebanon,LBN,2000,757.141205057595,1507.5,0.5022495555937612
Lebanon,LBN,2001,729.174896585442,1507.5,0.4836981071876895
Lebanon,LBN,2002,753.351915036984,1507.5,0.499735930372792
Lebanon,LBN,2003,750.448103666299,1507.5,0.4978096873408285
Lebanon,LBN,2004,721.773487489574,1507.5,0.47878838307766103
Lebanon,LBN,2005,692.396966336946,1507.5,0.45930147020692935
Lebanon,LBN,2006,677.599116197111,1507.5,0.4494853175436889
Lebanon,LBN,2007,680.394143614282,1507.5,0.45133939874910917
Lebanon,LBN,2008,717.819861240868,1507.5,0.4761657454334116
Lebanon,LBN,2009,786.79156055807,1507.5,0.5219181164564312
Lebanon,LBN,2010,781.84236333314,1507.5,0.518635066887655
Lebanon,LBN,2011,788.751806458703,1507.5,0.523218445412075
Lebanon,LBN,2012,786.13391986052,1507.5,0.5214818705542421
Lebanon,LBN,2013,754.172472755552,1507.5,0.5002802472673645
Lebanon,LBN,2014,707.768888257175,1507.5,0.4694984333380929
Lebanon,LBN,2015,682.218128383862,1507.5,0.4525493388947675
Lebanon,LBN,2016,643.812344730719,1507.5,0.42707286549301426
Lebanon,LBN,2017,619.012889525663,1507.5,0.41062214893907995
Lebanon,LBN,2018,629.079223632813,1507.5,0.4172996508343701
Lebanon,LBN,2019,637.468505859375,1507.5,0.4228646805037313
Lebanon,LBN,2020,1261.38049316406,1507.5,0.8367366455482985
Lebanon,LBN,2021,4099.5078125,1507.5,2.719408167495854
Lebanon,LBN,2022,8119.57915962761,1507.5,5.386122162273705
Lebanon,LBN,2023,23717.2420473074,13875.625,1.7092737838697285
Lebanon,LBN,2024,33594.2483818204,89500.0,0.37535473052313295
Liberia,LBR,1990,0.219786316024099,46.4387280920379,0.004732823767018336
Liberia,LBR,1991,0.224384438552714,46.4387280920379,0.004831838591875336
Liberia,LBR,1992,0.21705242250299,46.4387280920379,0.004673952785115243
Liberia,LBR,1993,0.227029938198824,46.4387280920379,0.0048888061220985326
Liberia,LBR,1994,0.234163374202947,46.4387280920379,0.005042415755635117
Liberia,LBR,1995,0.244287065944353,49.8383333333333,0.00490158979254964
Liberia,LBR,1996,0.253006770028582,46.8375,0.005401799199969725
Liberia,LBR,1997,0.223824032861282,50.57,0.004426023983810204
Liberia,LBR,1998,0.206580668578447,41.5075,0.004976947987193808
Liberia,LBR,1999,0.205567584711217,41.9025,0.00490585489436709
Liberia,LBR,2000,0.309184508707449,40.9025,0.0075590613949623854
Liberia,LBR,2001,0.304553124715276,48.591908993784,0.006267568634816039
Liberia,LBR,2002,0.295716114809382,61.7541666666667,0.004788601818652698
Liberia,LBR,2003,0.334972680211,59.3788333333333,0.005641280931381276
Liberia,LBR,2004,0.381192700630704,54.9058333333333,0.0069426630557901416
Liberia,LBR,2005,0.371415035241303,57.0958333333333,0.006505116285332611
Liberia,LBR,2006,0.39321718311993,58.0133333333333,0.0067780484334623685
Liberia,LBR,2007,0.428853876652703,61.2722222222222,0.006999156568817352
Liberia,LBR,2008,0.493647428347712,63.2075,0.007809950217105755
Liberia,LBR,2009,0.477262520007966,68.2866666666666,0.006989102606774867
Liberia,LBR,2010,0.502238238507926,71.4033333333333,0.007033820622397549
Liberia,LBR,2011,0.545838707946248,72.2266666666667,0.007557301660692003
Liberia,LBR,2012,0.551767136741416,73.5147720797721,0.0075055274080518715
Liberia,LBR,2013,0.522556696267726,77.52,0.006740927454434031
Liberia,LBR,2014,0.498116480600281,83.8925,0.005937556761334816
Liberia,LBR,2015,0.516691387802859,86.1883665716999,0.005994908690757291
Liberia,LBR,2016,0.479498014061403,94.4272435897436,0.005077962628504436
Liberia,LBR,2017,0.419995359707115,112.706666666667,0.0037264464661106744
Liberia,LBR,2018,0.384615516378917,144.055575801282,0.002669910652465659
Liberia,LBR,2019,0.346489368061895,186.429744551072,0.0018585519649573679
Liberia,LBR,2020,0.371666181394607,191.517957643463,0.0019406335884518708
Liberia,LBR,2021,0.433967147111521,166.153700752442,0.0026118415969446462
Liberia,LBR,2022,0.44026199757583,152.933756840022,0.002878775795957009
Liberia,LBR,2023,0.444982686863957,174.955982783514,0.0025433979437820484
Liberia,LBR,2024,0.45443232675685,191.306666666667,0.002375412915163346
Libya,LBY,1990,0.107222870585997,0.283177189703,0.37864232884878113
Libya,LBY,1991,0.0983975756408235,0.2807283172785,0.3505081945232015
Libya,LBY,1992,0.105053297984113,0.281553354124583,0.3731203924412442
Libya,LBY,1993,0.104297821420638,0.304370218790316,0.34266762968846803
Libya,LBY,1994,0.106995893421254,0.348368210137774,0.3071344924926957
Libya,LBY,1995,0.114845510498355,0.418144934349807,0.27465479326428677
Libya,LBY,1996,0.125933185413212,0.436799769214902,0.28830872699306276
Libya,LBY,1997,0.136686385477153,0.460866115311545,0.29658588673795894
Libya,LBY,1998,0.126209290792931,0.467574437452601,0.2699234189972695
Libya,LBY,1999,0.161755763396412,0.463810768619975,0.34875378999435686
Libya,LBY,2000,0.17922068185666,0.512189613308333,0.3499108088097268
Libya,LBY,2001,0.187867274709778,0.605064253623333,0.31049144547007046
Libya,LBY,2002,0.235397968030587,1.27067917397333,0.18525366028823234
Libya,LBY,2003,0.263995061515406,1.29294412808415,0.20418133760086513
Libya,LBY,2004,0.315196148780513,1.30496614426767,0.24153588211087035
Libya,LBY,2005,0.39292304948116,1.30838482391592,0.3003115309035488
Libya,LBY,2006,0.456180529503578,1.31357162479067,0.3472825698227721
Libya,LBY,2007,0.454981898569302,1.26264486767833,0.36034035397925734
Libya,LBY,2008,0.552215654561617,1.22356239341867,0.45131793648766044
Libya,LBY,2009,0.412461171357242,1.25353448862568,0.32903855067397964
Libya,LBY,2010,0.486070534838911,1.26678941001316,0.3837027141187275
Libya,LBY,2011,0.592176242072255,1.22415249460346,0.48374385109926915
Libya,LBY,2012,0.704332749231924,1.26165963821484,0.5582589217393888
Libya,LBY,2013,0.718589882406511,1.27169182111774,0.5650660564718535
Libya,LBY,2014,0.648675125903312,1.27240206718888,0.5098035775251694
Libya,LBY,2015,0.575411507630909,1.38120985962103,0.4165996236001296
Libya,LBY,2016,0.616923073831624,1.39036867889833,0.4437118608860263
Libya,LBY,2017,0.77058482170105,1.3938200108235,0.552858199564642
Libya,LBY,2018,0.809508691865281,1.36496666666667,0.5930611432747654
Libya,LBY,2019,0.860261435847223,1.39826289736928,0.6152358311628924
Libya,LBY,2020,0.8430191214172,1.38866668346465,0.6070708914207633
Libya,LBY,2021,1.76263952255249,4.514425,0.3904460750931713
Libya,LBY,2022,2.34945239292898,4.813175,0.4881294349216432
Libya,LBY,2023,2.09293419877127,4.81288333333334,0.4348607796652597
Libya,LBY,2024,2.21602051230224,4.83220833333333,0.45859374419264654
Libya,LBY,2025,2.07074496071786,5.30256666666666,0.390517477834859
St. Lucia,LCA,1990,1.601670198154,2.7,0.5932111845014815
St. Lucia,LCA,1991,1.63421289261859,2.7,0.6052640343031814
St. Lucia,LCA,1992,1.6256858970036,2.7,0.602105887779111
St. Lucia,LCA,1993,1.60399360592373,2.7,0.5940717058976778
St. Lucia,LCA,1994,1.61095884619527,2.7,0.5966514245167666
St. Lucia,LCA,1995,1.65779738564858,2.7,0.6139990317216962
St. Lucia,LCA,1996,1.62143075571955,2.7,0.6005299095257592
St. Lucia,LCA,1997,1.63974921833919,2.7,0.6073145253108111
St. Lucia,LCA,1998,1.66093237700031,2.7,0.6151601396297444
St. Lucia,LCA,1999,1.67595771423071,2.7,0.6207250793447073
St. Lucia,LCA,2000,1.70445271677217,2.7,0.6312787839896925
St. Lucia,LCA,2001,1.65171422657016,2.7,0.6117460098408
St. Lucia,LCA,2002,1.63313566581995,2.7,0.6048650614147962
St. Lucia,LCA,2003,1.68518820275192,2.7,0.6241437787970073
St. Lucia,LCA,2004,1.65267960497173,2.7,0.612103557396937
St. Lucia,LCA,2005,1.71295494427194,2.7,0.6344277571377556
St. Lucia,LCA,2006,1.74771421863335,2.7,0.6473015624567963
St. Lucia,LCA,2007,1.76271634782867,2.7,0.6528579066032111
St. Lucia,LCA,2008,1.77319759081684,2.7,0.6567398484506815
St. Lucia,LCA,2009,1.76793978802361,2.7,0.6547925140828185
St. Lucia,LCA,2010,1.84143327708096,2.7,0.6820123248448
St. Lucia,LCA,2011,1.82969319820404,2.7,0.6776641474829778
St. Lucia,LCA,2012,1.8598540066806,2.7,0.688834817289111
St. Lucia,LCA,2013,1.84571845119126,2.7,0.6835994263671333
St. Lucia,LCA,2014,1.88300091358507,2.7,0.6974077457722481
St. Lucia,LCA,2015,1.94412526193526,2.7,0.7200463933093555
St. Lucia,LCA,2016,1.87649162213908,2.7,0.6949968970885481
St. Lucia,LCA,2017,1.89693486690521,2.7,0.7025684692241518
St. Lucia,LCA,2018,1.80317461490631,2.7,0.6678424499653
St. Lucia,LCA,2019,1.70198357105255,2.7,0.6303642855750184
St. Lucia,LCA,2020,1.52291166782379,2.7,0.5640413584532555
St. Lucia,LCA,2021,1.47842586040497,2.7,0.5475651334833223
St. Lucia,LCA,2022,1.4339047001878,2.7,0.5310758148843704
St. Lucia,LCA,2023,1.40035911208423,2.7,0.5186515229941593
St. Lucia,LCA,2024,1.39179859388796,2.7,0.5154809606992444
St. Lucia,LCA,2025,1.38850270829587,2.7,0.5142602623318037
Sri Lanka,LKA,1990,9.9564797929583,40.0629166666667,0.2485210918565579
Sri Lanka,LKA,1991,10.6539616319827,41.3715,0.2575193462161802
Sri Lanka,LKA,1992,11.3961277204209,43.829625,0.2600097016668726
Sri Lanka,LKA,1993,12.2326132505899,48.3221675,0.2531470313410486
Sri Lanka,LKA,1994,13.1470945487713,49.4151416666667,0.26605396858833164
Sri Lanka,LKA,1995,14.0751152329721,51.2515891666667,0.2746278790927005
Sri Lanka,LKA,1996,15.3172616054484,55.2714441666667,0.27712794258207546
Sri Lanka,LKA,1997,16.4014120262144,58.994605,0.2780154562644228
Sri Lanka,LKA,1998,17.7135874742424,64.4501183333333,0.27484181460503254
Sri Lanka,LKA,1999,18.1934953739805,70.63545,0.2575689030646863
Sri Lanka,LKA,2000,19.0851973333627,77.0051166666667,0.247843236391383
Sri Lanka,LKA,2001,19.626003812318,89.3830133333334,0.21957196429625092
Sri Lanka,LKA,2002,20.8933001334571,95.662065,0.21840737112937192
Sri Lanka,LKA,2003,22.2812822121219,96.5209508333333,0.23084399832110966
Sri Lanka,LKA,2004,23.6075401508297,101.1944575,0.23328886516170808
Sri Lanka,LKA,2005,25.2746694759337,100.498051666667,0.25149412408277316
Sri Lanka,LKA,2006,27.2835221174518,103.914445833333,0.26255754817007326
Sri Lanka,LKA,2007,30.2903320288937,110.623233333333,0.27381528378963604
Sri Lanka,LKA,2008,34.5697800870986,108.333762719298,0.31910439755214487
Sri Lanka,LKA,2009,36.3780696645711,114.944783333333,0.31648299826775844
Sri Lanka,LKA,2010,38.5646153341546,113.064480448821,0.34108515053594574
Sri Lanka,LKA,2011,39.2888870239258,110.565207851396,0.3553458433030001
Sri Lanka,LKA,2012,41.431210180091,127.60335350681,0.3246874713044268
Sri Lanka,LKA,2013,42.9053136384704,129.069030932888,0.33242144400061285
Sri Lanka,LKA,2014,44.2462388515779,130.564685218829,0.3388836635068688
Sri Lanka,LKA,2015,45.112389125597,135.856912797089,0.3320581058173701
Sri Lanka,LKA,2016,46.1923261027497,145.581667492026,0.31729493760112215
Sri Lanka,LKA,2017,49.2740936279297,152.446413948767,0.3232223858311902
Sri Lanka,LKA,2018,49.967601776123,162.464858736778,0.3075594449448259
Sri Lanka,LKA,2019,51.7085876464844,178.744925045848,0.28928702525803834
Sri Lanka,LKA,2020,55.1600952148438,185.592557772213,0.29721070649042153
Sri Lanka,LKA,2021,55.5265464782715,198.764316844656,0.27935872675611184
Sri Lanka,LKA,2022,76.4444863013164,322.632674256475,0.2369396914850208
Sri Lanka,LKA,2023,86.1123421783246,327.506533333333,0.262933204116207
Lesotho,LSO,1990,1.11599913383109,2.58732083333333,0.4313338799940446
Lesotho,LSO,1991,1.27193629186336,2.761315,0.4606270171506547
Lesotho,LSO,1992,1.41694133765055,2.85201416666667,0.4968212830817104
Lesotho,LSO,1993,1.54051186426084,3.26774158333333,0.4714301375965622
Lesotho,LSO,1994,1.62545120777037,3.55079833333334,0.4577706349896996
Lesotho,LSO,1995,1.79611846003662,3.627085,0.4951961313386976
Lesotho,LSO,1996,1.86969261179692,4.29934916666667,0.43487805696100557
Lesotho,LSO,1997,2.00376519566946,4.60796166666667,0.43484849497868194
Lesotho,LSO,1998,2.17810449366541,5.52828416666667,0.39399286071408995
Lesotho,LSO,1999,2.32234816628963,6.10948416666667,0.3801218078214124
Lesotho,LSO,2000,2.41397981504496,6.93982833333333,0.34784431243783803
Lesotho,LSO,2001,2.63167977661042,8.60918083333334,0.30568294795493045
Lesotho,LSO,2002,2.95956919752126,10.5407466666667,0.28077415112160786
Lesotho,LSO,2003,2.97305018370765,7.56474916666667,0.39301371641086347
Lesotho,LSO,2004,3.1731459967404,6.4596925,0.4912224531957829
Lesotho,LSO,2005,3.25890497412678,6.35932833333333,0.5124605623906479
Lesotho,LSO,2006,3.45577090808653,6.77154916666667,0.5103368258917407
Lesotho,LSO,2007,3.13977594998151,7.045365,0.44565128279109884
Lesotho,LSO,2008,3.59546664559001,8.26122333333333,0.4352220610091255
Lesotho,LSO,2009,3.6572243934168,8.47367415824888,0.4315984217845569
Lesotho,LSO,2010,3.80615874702408,7.32122196115288,0.5198802559490656
Lesotho,LSO,2011,4.0807523727417,7.26113213232735,0.5619994648732182
Lesotho,LSO,2012,4.36468076897065,8.20996862659332,0.5316318450758502
Lesotho,LSO,2013,4.37566525905606,9.65505606913526,0.4531993628751614
Lesotho,LSO,2014,4.59576909047178,10.8526555687831,0.42346954267038445
Lesotho,LSO,2015,4.71398973377014,12.7589308811644,0.3694658884569437
Lesotho,LSO,2016,4.96202179071875,14.7096108855267,0.3373319545523163
Lesotho,LSO,2017,5.44063329696655,13.3238014244992,0.40833941632922877
Lesotho,LSO,2018,5.88551568984985,13.2339264715833,0.44472936301161947
Lesotho,LSO,2019,6.08720636367798,14.4484270548333,0.42130581692916413
Lesotho,LSO,2020,5.90795993804932,16.4591053903333,0.3589478162962102
Lesotho,LSO,2021,6.19413948059082,14.7786782139167,0.41912675754438977
Lesotho,LSO,2022,6.10262912306225,16.3558534845,0.3731159079436329
Lesotho,LSO,2023,5.90385253090393,18.4502441785,0.3199877721826396
Lesotho,LSO,2024,6.10623212210523,18.3286575505,0.3331521746904292
Lesotho,LSO,2025,6.11792216885233,17.8887489855833,0.3419983238505285
Lithuania,LTU,1992,0.0421095481809926,1.77275,0.023753799566206515
Lithuania,LTU,1993,0.167086160656833,4.34406333333333,0.038463104203552846
Lithuania,LTU,1994,0.26442416318235,3.97775,0.0664758125026334
Lithuania,LTU,1995,0.35753,4.0,0.0893825
Lithuania,LTU,1996,0.41852,4.0,0.10463
Lithuania,LTU,1997,0.459753,4.0,0.11493825
Lithuania,LTU,1998,0.46962,4.0,0.117405
Lithuania,LTU,1999,0.45757,4.0,0.1143925
Lithuania,LTU,2000,0.451206,4.0,0.1128015
Lithuania,LTU,2001,0.435396,4.0,0.108849
Lithuania,LTU,2002,0.428975,3.67695833333333,0.116665722347502
Lithuania,LTU,2003,0.418733,3.06086666666667,0.13680210397926498
Lithuania,LTU,2004,0.4302,2.78059166666667,0.15471527342801725
Lithuania,LTU,2005,0.452736,2.774025,0.16320545056371158
Lithuania,LTU,2006,0.472836,2.752225,0.17180136071723787
Lithuania,LTU,2007,0.500053,2.523725,0.1981408433961703
Lithuania,LTU,2008,0.526487,2.357075,0.22336455140375255
Lithuania,LTU,2009,0.500042,2.48403333333333,0.20130245165792218
Lithuania,LTU,2010,0.477139,2.60633333333333,0.18306906253996696
Lithuania,LTU,2011,0.475902,2.4811,0.1918108903309016
Lithuania,LTU,2012,0.477778,2.68629166666667,0.17785782755037124
Lithuania,LTU,2013,0.473156,2.60100833333333,0.18191252751336845
Lithuania,LTU,2014,0.471783,2.60029166666667,0.18143464675437027
Lithuania,LTU,2015,0.477254,0.901296423367096,0.5295194651023435
Lithuania,LTU,2016,0.470119,0.903421436257263,0.5203761845054632
Lithuania,LTU,2017,0.475054,0.885205508269372,0.5366595616070645
Lithuania,LTU,2018,0.44662,0.846772667108111,0.5274379031686177
Lithuania,LTU,2019,0.431815,0.893276257067409,0.48340588545097096
Lithuania,LTU,2020,0.433452,0.875506396987998,0.4950871878163353
Lithuania,LTU,2021,0.439956,0.84549413889045,0.5203536958604568
Lithuania,LTU,2022,0.467686,0.949623753156941,0.49249610537354277
Lithuania,LTU,2023,0.490897,0.924839558470698,0.5307915254098132
Lithuania,LTU,2024,0.49104,0.923889546117607,0.5314921053749999
Lithuania,LTU,2025,0.513169,0.88496895841236,0.5798723165619599
Luxembourg,LUX,1990,0.925669,33.4179166666667,0.027699781803673152
Luxembourg,LUX,1991,0.91171,34.14825,0.026698586311157967
Luxembourg,LUX,1992,0.924637,32.1495,0.028760540599387235
Luxembourg,LUX,1993,0.957176,34.5965208333333,0.0276668282516366
Luxembourg,LUX,1994,0.970363,33.4564975,0.02900372341725251
Luxembourg,LUX,1995,0.9726,29.4800166666667,0.032991840235277986
Luxembourg,LUX,1996,0.974669,30.9615133333333,0.03148001809558408
Luxembourg,LUX,1997,0.973501,35.7738908333333,0.027212611693132185
Luxembourg,LUX,1998,0.964339,36.2986408333333,0.02656680740272899
Luxembourg,LUX,1999,0.95763,0.938283072395283,1.0206194997798772
Luxembourg,LUX,2000,0.955527,1.08270508132602,0.8825367281270525
Luxembourg,LUX,2001,0.963467,1.11653308564462,0.8629094940287875
Luxembourg,LUX,2002,0.956996,1.05755899623965,0.9049102729992172
Luxembourg,LUX,2003,0.964785,0.88404792718493,1.0913265789470947
Luxembourg,LUX,2004,0.951309,0.803921647747618,1.1833354689046172
Luxembourg,LUX,2005,0.946363,0.803800192161442,1.1773610024342025
Luxembourg,LUX,2006,0.916892,0.796432730949102,1.1512485165035191
Luxembourg,LUX,2007,0.921242,0.729672399984083,1.26254192980315
Luxembourg,LUX,2008,0.900045,0.679922680042729,1.3237461058710935
Luxembourg,LUX,2009,0.902561,0.716957702016136,1.2588762174699208
Luxembourg,LUX,2010,0.925902,0.754308990105961,1.2274837131000316
Luxembourg,LUX,2011,0.905099,0.718413898653317,1.2598573074611008
Luxembourg,LUX,2012,0.90679,0.778338120416812,1.1650335197695314
Luxembourg,LUX,2013,0.895254,0.752945122701996,1.1890029870800127
Luxembourg,LUX,2014,0.884138,0.752728196932603,1.1745780264415457
Luxembourg,LUX,2015,0.881261,0.901296423367096,0.9777704395050776
Luxembourg,LUX,2016,0.851894,0.903421436257263,0.9429641204101452
Luxembourg,LUX,2017,0.84831,0.885205508269372,0.9583198388117751
Luxembourg,LUX,2018,0.848866,0.846772667108111,1.002472130919197
Luxembourg,LUX,2019,0.829429,0.893276257067409,0.9285246231921387
Luxembourg,LUX,2020,0.838162,0.875506396987998,0.9573453750692469
Luxembourg,LUX,2021,0.834326,0.84549413889045,0.9867909919457206
Luxembourg,LUX,2022,0.799672,0.949623753156941,0.8420935105525326
Luxembourg,LUX,2023,0.807471,0.924839558470698,0.8730930598764861
Luxembourg,LUX,2024,0.815579,0.923889546117607,0.8827667803226561
Luxembourg,LUX,2025,0.832451,0.88496895841236,0.9406555925909791
Latvia,LVA,1992,0.121327090026546,0.736466666666666,0.16474213364698032
Latvia,LVA,1993,0.182154328471009,0.675333333333333,0.26972506683762454
Latvia,LVA,1994,0.243,0.55975,0.4341223760607414
Latvia,LVA,1995,0.293533,0.527583333333333,0.5563727689148638
Latvia,LVA,1996,0.325126,0.55075,0.5903331820245121
Latvia,LVA,1997,0.3389,0.580916666666667,0.5833883230526463
Latvia,LVA,1998,0.350859,0.589833333333333,0.5948443063012153
Latvia,LVA,1999,0.351555,0.585166666666667,0.6007775562517799
Latvia,LVA,2000,0.360441,0.6065,0.5942967848309975
Latvia,LVA,2001,0.355485,0.627916666666667,0.5661340411413401
Latvia,LVA,2002,0.368027,0.618191666666667,0.5953283097205556
Latvia,LVA,2003,0.392029,0.571475,0.6859950129052015
Latvia,LVA,2004,0.414921,0.540233333333333,0.7680403529339179
Latvia,LVA,2005,0.456306,0.564716666666667,0.8080264439394382
Latvia,LVA,2006,0.518014,0.560408333333333,0.9243509940668269
Latvia,LVA,2007,0.601736,0.513791666666667,1.1711673019219846
Latvia,LVA,2008,0.614849,0.480816666666667,1.278759749038094
Latvia,LVA,2009,0.555156,0.50555,1.098122836514687
Latvia,LVA,2010,0.515944,0.530475,0.9726075686884394
Latvia,LVA,2011,0.524959,0.501233333333333,1.047334574715702
Latvia,LVA,2012,0.534295,0.546875,0.9769965714285713
Latvia,LVA,2013,0.53284,0.529391666666667,1.0065137658003676
Latvia,LVA,2014,0.530341,0.752728196932603,0.7045584344537117
Latvia,LVA,2015,0.532607,0.901296423367096,0.5909343321371091
Latvia,LVA,2016,0.519544,0.903421436257263,0.5750848708576048
Latvia,LVA,2017,0.519926,0.885205508269372,0.5873506153576534
Latvia,LVA,2018,0.489931,0.846772667108111,0.5785862239427344
Latvia,LVA,2019,0.479802,0.893276257067409,0.5371261087529307
Latvia,LVA,2020,0.469668,0.875506396987998,0.5364529620980467
Latvia,LVA,2021,0.464112,0.84549413889045,0.5489239707906889
Latvia,LVA,2022,0.473591,0.949623753156941,0.498714357581714
Latvia,LVA,2023,0.490918,0.924839558470698,0.5308142320509898
Latvia,LVA,2024,0.496528,0.923889546117607,0.5374322093874999
Latvia,LVA,2025,0.504702,0.88496895841236,0.5703047493388227
"Macao SAR, China",MAC,1990,2.78285743414543,8.02099166666667,0.3469468053071695
"Macao SAR, China",MAC,1991,3.00546463635167,8.00425,0.3754836038793978
"Macao SAR, China",MAC,1992,3.37162125804951,7.97234166666667,0.4229147970597733
"Macao SAR, China",MAC,1993,3.60764341623685,7.96755,0.45279206484262413
"Macao SAR, China",MAC,1994,3.77074377053494,7.96028333333333,0.4736946679705632
"Macao SAR, China",MAC,1995,3.99556530324229,7.96775833333333,0.5014666780902146
"Macao SAR, China",MAC,1996,4.01270469163696,7.9664,0.50370364174997
"Macao SAR, China",MAC,1997,4.01016706029993,7.97529166666667,0.5028238750265053
"Macao SAR, China",MAC,1998,3.88812880143651,7.97876666666667,0.48730950081297136
"Macao SAR, China",MAC,1999,3.78841301181827,7.99185,0.474034549174255
"Macao SAR, China",MAC,2000,3.63994855241031,8.0259,0.45352528095419953
"Macao SAR, China",MAC,2001,3.50727496223481,8.0335,0.4365811865606286
"Macao SAR, China",MAC,2002,3.40759503798258,8.03343333333333,0.42417667472802184
"Macao SAR, China",MAC,2003,3.34322843009753,8.02124116666667,0.4167968972171986
"Macao SAR, China",MAC,2004,3.31846884900333,8.02217108333333,0.4136621887680383
"Macao SAR, China",MAC,2005,3.39666075798911,8.01106458333333,0.42399617711929505
"Macao SAR, China",MAC,2006,3.55018304273516,8.00142616666667,0.44369378268151133
"Macao SAR, China",MAC,2007,3.75923326305551,8.03585391666667,0.467807566195139
"Macao SAR, China",MAC,2008,4.05964132454629,8.02010991666667,0.5061827539432981
"Macao SAR, China",MAC,2009,4.07132759717714,7.98428333333333,0.5099177255120549
"Macao SAR, China",MAC,2010,4.2158165888046,8.00221666666667,0.5268310974839803
"Macao SAR, China",MAC,2011,4.43978691101074,8.01820833333333,0.5537130898125506
"Macao SAR, China",MAC,2012,4.56529092788696,7.9898635,0.571385346932017
"Macao SAR, China",MAC,2013,4.64387083053589,7.98925533333333,0.5812645405336349
"Macao SAR, China",MAC,2014,4.86066198348999,7.987129,0.6085618478792555
"Macao SAR, China",MAC,2015,5.13702344894409,7.98496041666667,0.6433373718699718
"Macao SAR, China",MAC,2016,5.11785411834717,7.99506425,0.6401267029651663
"Macao SAR, China",MAC,2017,5.15491628646851,8.026001,0.6422770550948735
"Macao SAR, China",MAC,2018,5.21224677706722,8.07250741666667,0.6456787845503745
"Macao SAR, China",MAC,2019,5.24346445546162,8.07047033333333,0.6497098977992182
"Macao SAR, China",MAC,2020,5.16255477876926,7.98906191666666,0.6462028749582246
"Macao SAR, China",MAC,2021,4.89717441121879,8.00553175,0.6117238135016816
"Macao SAR, China",MAC,2022,4.62511122407843,8.06520608333333,0.5734647293931122
"Macao SAR, China",MAC,2023,4.65530980538132,8.06339008333333,0.5773390295235299
"Macao SAR, China",MAC,2024,4.5514424540232,8.03683075,0.5663230439465458
"Macao SAR, China",MAC,2025,4.44773830276597,8.02981025,0.5539032884078388
Morocco,MAR,1990,4.05760644529843,8.24234166666666,0.4922880668376119
Morocco,MAR,1991,4.13667323495434,8.70655,0.4751219754040739
Morocco,MAR,1992,4.23006182136716,8.537875,0.49544667980816776
Morocco,MAR,1993,4.25752625368148,9.29870916666667,0.45786207282872626
Morocco,MAR,1994,4.19583806786735,9.202715,0.45593480487740307
Morocco,MAR,1995,4.41947463251377,8.54023583333334,0.5174885938470396
Morocco,MAR,1996,4.35891938813972,8.71587583333333,0.5001126073261968
Morocco,MAR,1997,4.31559535860022,9.52710666666667,0.45298069073788944
Morocco,MAR,1998,4.28433305548647,9.60441583333333,0.44607950445222855
Morocco,MAR,1999,4.2194754477458,9.80441916666667,0.4303646525121332
Morocco,MAR,2000,4.05308184094761,10.6256361666667,0.38144368745302865
Morocco,MAR,2001,3.98818734486134,11.302975,0.3528440383935504
Morocco,MAR,2002,3.96484292201608,11.0205833333333,0.3597670651447148
Morocco,MAR,2003,3.92153334820017,9.57438333333333,0.40958599751769964
Morocco,MAR,2004,3.8537281997919,8.86801666666667,0.4345648350298431
Morocco,MAR,2005,3.76968403306463,8.86500833333334,0.4252318657039759
Morocco,MAR,2006,3.70976664726719,8.79558333333333,0.4217760785925351
Morocco,MAR,2007,3.72646399163187,8.19233333333333,0.4548721151847505
Morocco,MAR,2008,3.83262308057706,7.750325,0.4945112728275343
Morocco,MAR,2009,3.79189055850309,8.0571,0.4706272180440965
Morocco,MAR,2010,3.77061925605333,8.41715833333333,0.44796819861651627
Morocco,MAR,2011,3.67227602005005,8.089875,0.45393482841824506
Morocco,MAR,2012,3.73609431938819,8.62844458333333,0.43299742883031495
Morocco,MAR,2013,3.76664991847204,8.4055039167443,0.4481170856358336
Morocco,MAR,2014,3.99033881576507,8.40633668826152,0.47468225027640376
Morocco,MAR,2015,3.93905564348165,9.76434827950111,0.40341203844102413
Morocco,MAR,2016,3.92247208626026,9.8074760315025,0.3999471498743331
Morocco,MAR,2017,3.93708610534668,9.6919978888289,0.40622028094791557
Morocco,MAR,2018,4.21316242218018,9.38610242091972,0.4488724108518031
Morocco,MAR,2019,4.19297552108765,9.61707609950743,0.4359927568112315
Morocco,MAR,2020,4.02811050415039,9.49684732221969,0.4241523915758712
Morocco,MAR,2021,3.94628071784973,8.98848402414138,0.4390374068920589
Morocco,MAR,2022,3.78015279034762,10.1606602430359,0.3720381057853529
Morocco,MAR,2023,3.90232278078571,10.1314260970897,0.3851701372925842
Morocco,MAR,2024,3.95879057156767,9.94235921679198,0.39817416422467794
Morocco,MAR,2025,3.93179684727296,9.35027697089947,0.4205005754920148
Moldova,MDA,1995,0.827546376336372,4.4958,0.18407099433612972
Moldova,MDA,1996,1.0390125324256,4.60448333333334,0.22565236036448505
Moldova,MDA,1997,1.14910394450783,4.62358333333333,0.24853103354349926
Moldova,MDA,1998,1.24384985825765,5.3707,0.23159920648288862
Moldova,MDA,1999,1.71441342243977,10.5158083333333,0.1630320150477995
Moldova,MDA,2000,2.13458861633365,12.4342166666667,0.1716705341041704
Moldova,MDA,2001,2.33995584148102,12.8651416666667,0.18188341038978176
Moldova,MDA,2002,2.53058751547013,13.5704975,0.18647713655819398
Moldova,MDA,2003,2.85050599947218,13.9448833333333,0.2044123232396246
Moldova,MDA,2004,2.99757107729658,12.3297166666667,0.24311759615697348
Moldova,MDA,2005,3.17802297143856,12.599625,0.25223155224370253
Moldova,MDA,2006,3.49662439478488,13.1310583333333,0.26628656320173905
Moldova,MDA,2007,3.94598545737977,12.1399449731183,0.32504146156489483
Moldova,MDA,2008,4.22927629508138,10.3920436827957,0.40697252861658556
Moldova,MDA,2009,4.29453798200479,11.1095754339478,0.38656184545827615
Moldova,MDA,2010,4.71271123378651,12.3692609613415,0.3810018438866695
Moldova,MDA,2011,4.99565410614014,11.7386124865591,0.42557449714438095
Moldova,MDA,2012,5.02543016268202,12.1114368159066,0.4149326160940585
Moldova,MDA,2013,5.01984434962592,12.5867562314388,0.39881954153426064
Moldova,MDA,2014,5.34262221232369,14.0356300499232,0.38064712402083606
Moldova,MDA,2015,5.62562628482252,18.8184751452893,0.29894166458172056
Moldova,MDA,2016,5.49348894436303,19.923827563342,0.27572457786527627
Moldova,MDA,2017,5.67734336853027,18.4990348873528,0.30689943573281697
Moldova,MDA,2018,5.88437271118164,16.8020517223502,0.35021750964819426
Moldova,MDA,2019,5.77169275283813,17.5734688664875,0.32843218357672765
Moldova,MDA,2020,5.60316753387451,17.3218352091831,0.32347424312777284
Moldova,MDA,2021,5.94675874710083,17.6804661418331,0.3363462648210628
Moldova,MDA,2022,6.60201760913882,18.8971896198157,0.349365050674832
Moldova,MDA,2023,6.95793675236067,18.1639377592166,0.38306323466838177
Moldova,MDA,2024,7.22563302713785,17.791907688172,0.40611907130911135
Moldova,MDA,2025,7.48976511532315,17.3778474404762,0.4309949860578308
Madagascar,MDG,1990,83.5874706879376,298.829333333333,0.27971641791503404
Madagascar,MDG,1991,87.7581775794364,367.072,0.23907619643948982
Madagascar,MDG,1992,98.3020020826235,372.793333333334,0.26369034339658254
Madagascar,MDG,1993,105.618781815953,382.7565,0.2759424903716932
Madagascar,MDG,1994,143.732814346192,613.467166666666,0.23429585502868608
Madagascar,MDG,1995,209.814648837007,853.126333333333,0.24593620034821778
Madagascar,MDG,1996,246.758175139773,812.250333333334,0.3037957203749248
Madagascar,MDG,1997,253.471502630645,1018.17716666667,0.24894636309755933
Madagascar,MDG,1998,266.220050135119,1088.27966666667,0.2446246661490366
Madagascar,MDG,1999,281.377226249226,1256.755,0.22389186933748104
Madagascar,MDG,2000,306.979871263394,1353.49616666667,0.22680512795201357
Madagascar,MDG,2001,323.988091132004,1317.69883333333,0.24587415799134033
Madagascar,MDG,2002,371.665684219599,1366.39116666667,0.27200533294304186
Madagascar,MDG,2003,358.25931674612,1238.32766666667,0.28930898209718786
Madagascar,MDG,2004,397.566368992667,1868.85783333333,0.2127322698931893
Madagascar,MDG,2005,456.26866325773,2003.02583333333,0.22778970478799654
Madagascar,MDG,2006,490.269772665033,2142.30166666667,0.22885188407096366
Madagascar,MDG,2007,526.445784666138,1873.87666666667,0.28093939907080534
Madagascar,MDG,2008,555.160760673552,1708.37083333333,0.3249650192109264
Madagascar,MDG,2009,589.989789701144,1956.20583333333,0.3015990340320246
Madagascar,MDG,2010,642.470282668792,2089.95,0.3074094034157717
Madagascar,MDG,2011,694.862670898438,2025.1175,0.343122150146072
Madagascar,MDG,2012,740.111744430289,2194.96666666667,0.33718586968532005
Madagascar,MDG,2013,771.836097011191,2206.91416666667,0.3497354399500614
Madagascar,MDG,2014,814.719408889882,2414.81166666667,0.33738424413631185
Madagascar,MDG,2015,872.87177670225,2933.50833333333,0.2975521721836769
Madagascar,MDG,2016,923.495121945439,3176.53916666667,0.29072366921718673
Madagascar,MDG,2017,990.840393066406,3116.11,0.3179734967849036
Madagascar,MDG,2018,1079.08020019531,3334.75225490196,0.32358631697725154
Madagascar,MDG,2019,1121.69445800781,3618.32185816072,0.31000405767606154
Madagascar,MDG,2020,1145.66564941406,3787.75405817574,0.30246569122965605
Madagascar,MDG,2021,1173.85522460938,3829.97784932976,0.3064913873626718
Madagascar,MDG,2022,1202.91523559392,4096.11618374535,0.29367214737888975
Madagascar,MDG,2023,1257.99067013858,4429.57921419022,0.28399778157450917
Madagascar,MDG,2024,1318.76161308914,4525.42472099152,0.2914116783275536
Madagascar,MDG,2025,1390.29172218468,4529.75125196405,0.3069245185553765
Maldives,MDV,1990,2.01883642487833,9.55174166666667,0.21135793819922852
Maldives,MDV,1991,2.34834031659389,10.2526666666667,0.22904678294367797
Maldives,MDV,1992,2.58630327891021,10.5691666666667,0.2447026677199592
Maldives,MDV,1993,2.80821081125961,10.9569916666667,0.2562939624936225
Maldives,MDV,1994,2.97937157724529,11.58575,0.2571582829981045
Maldives,MDV,1995,2.94058799160083,11.77,0.2498375523874962
Maldives,MDV,1996,3.0221824180407,11.77,0.25676995905188615
Maldives,MDV,1997,3.09277117390965,11.77,0.2627673044952974
Maldives,MDV,1998,3.02359482562443,11.77,0.25688995969621325
Maldives,MDV,1999,3.06349223779425,11.77,0.2602797143410578
Maldives,MDV,2000,3.056518915996,11.77,0.259687248597791
Maldives,MDV,2001,4.51050523289823,12.2420833333333,0.3684426179829067
Maldives,MDV,2002,4.46358273734099,12.8,0.3487174013547648
Maldives,MDV,2003,4.3975608115876,12.8,0.34355943840528125
Maldives,MDV,2004,4.70936055695595,12.8,0.3679187935121836
Maldives,MDV,2005,4.98436919734616,12.8,0.3894038435426687
Maldives,MDV,2006,5.29560493167686,12.8,0.4137191352872547
Maldives,MDV,2007,5.70836033378994,12.8,0.445965651077339
Maldives,MDV,2008,6.248350398144,12.8,0.48815237485499996
Maldives,MDV,2009,6.99479804332148,12.8,0.5464685971344906
Maldives,MDV,2010,7.14189196038868,12.8,0.5579603094053656
Maldives,MDV,2011,7.86162567138672,14.6020084036964,0.538393449314589
Maldives,MDV,2012,8.15743739228754,15.3648353163596,0.5309160315959889
Maldives,MDV,2013,8.25308459829475,15.3667100302841,0.5370755732378564
Maldives,MDV,2014,8.18359007226739,15.3803935180893,0.5320793686222949
Maldives,MDV,2015,8.29124510008011,15.3663312211982,0.5395721972101024
Maldives,MDV,2016,8.14523104981474,15.3684076818158,0.5299983718841826
Maldives,MDV,2017,8.18050575256348,15.3869685099846,0.5316515561369448
Maldives,MDV,2018,8.02824115753174,15.3908372695852,0.5216247184548466
Maldives,MDV,2019,7.82544136047363,15.3820419226831,0.5087387877245255
Maldives,MDV,2020,8.47108268737793,15.3812695278705,0.5507401500265323
Maldives,MDV,2021,8.21066951751709,15.3726984126984,0.5341072398021406
Maldives,MDV,2022,7.9270865484415,15.386625,0.5151933285201595
Maldives,MDV,2023,7.8077103546363,15.3867943548387,0.5074293042839688
Maldives,MDV,2024,7.85244534917178,15.3891963292547,0.5102570128528651
Maldives,MDV,2025,7.88991987219358,15.415677547363,0.5118114236596255
Mexico,MEX,1990,1.34958,2.81259916666667,0.4798337480841411
Mexico,MEX,1991,1.608955,3.01843,0.5330436683971469
Mexico,MEX,1992,1.799806,3.09489833333333,0.5815396197721094
Mexico,MEX,1993,2.084434,3.11561666666667,0.66902774731594
Mexico,MEX,1994,2.211486,3.37511666666667,0.6552324611001094
Mexico,MEX,1995,3.006706,6.419425,0.46837621749611524
Mexico,MEX,1996,3.740912,7.59944841666667,0.49226098986284955
Mexico,MEX,1997,4.329651,7.91846,0.5467794242819942
Mexico,MEX,1998,4.95442,9.13604175,0.542293931614312
Mexico,MEX,1999,5.63367,9.5603975,0.5892715234905244
Mexico,MEX,2000,6.078239,9.45555833333333,0.6428217970558765
Mexico,MEX,2001,6.32917,9.34234166666667,0.677471476191283
Mexico,MEX,2002,6.553697,9.65595833333333,0.6787205136724735
Mexico,MEX,2003,6.647339,10.7890191666667,0.6161207888607093
Mexico,MEX,2004,6.998731,11.2859666666667,0.6201268537032698
Mexico,MEX,2005,7.126862,10.8978916666667,0.653967044084213
Mexico,MEX,2006,7.130489,10.8992416666667,0.6542188179758663
Mexico,MEX,2007,7.367817,10.9281916666667,0.6742027615120809
Mexico,MEX,2008,7.469532,11.1297166666667,0.6711340660064701
Mexico,MEX,2009,7.493426,13.513475,0.5545151043680475
Mexico,MEX,2010,7.727203,12.6360083333333,0.6115224678679531
Mexico,MEX,2011,7.673013,12.423325,0.6176295798427555
Mexico,MEX,2012,7.858708,13.1694583333333,0.5967373753033391
Mexico,MEX,2013,7.884359,12.7719916666667,0.6173163282416783
Mexico,MEX,2014,8.045318,13.29245,0.6052547122614718
Mexico,MEX,2015,8.327595,15.8482666666667,0.5254577787686551
Mexico,MEX,2016,8.446043,18.6640583333333,0.45252982224748445
Mexico,MEX,2017,8.913552,18.9265166666667,0.47095575783886895
Mexico,MEX,2018,9.276363,19.2443416666667,0.4820306748174022
Mexico,MEX,2019,9.528366,19.2636333333333,0.4946297427449659
Mexico,MEX,2020,9.814966,21.4856083333333,0.45681582982097
Mexico,MEX,2021,10.060857,20.2724083333333,0.49628326514404514
Mexico,MEX,2022,9.92278,20.12735,0.49299982362308004
Mexico,MEX,2023,9.751268,17.7587166666667,0.5490975605406911
Mexico,MEX,2024,9.916562,18.3048583333333,0.5417448100071803
Mexico,MEX,2025,10.328951,19.2375083333333,0.5369172982814399
Marshall Islands,MHL,1990,0.836403169044484,1.0,0.836403169044484
Marshall Islands,MHL,1991,0.849854014081464,1.0,0.849854014081464
Marshall Islands,MHL,1992,0.855961869820456,1.0,0.855961869820456
Marshall Islands,MHL,1993,0.861508832842115,1.0,0.861508832842115
Marshall Islands,MHL,1994,0.86563769157173,1.0,0.86563769157173
Marshall Islands,MHL,1995,0.871660891157022,1.0,0.871660891157022
Marshall Islands,MHL,1996,0.87992290513621,1.0,0.87992290513621
Marshall Islands,MHL,1997,0.916485507478223,1.0,0.916485507478223
Marshall Islands,MHL,1998,0.930597636291573,1.0,0.930597636291573
Marshall Islands,MHL,1999,0.940664588283349,1.0,0.940664588283349
Marshall Islands,MHL,2000,0.909565842321716,1.0,0.909565842321716
Marshall Islands,MHL,2001,0.886705598715042,1.0,0.886705598715042
Marshall Islands,MHL,2002,0.908263626822416,1.0,0.908263626822416
Marshall Islands,MHL,2003,0.899107661800157,1.0,0.899107661800157
Marshall Islands,MHL,2004,0.89103012465365,1.0,0.89103012465365
Marshall Islands,MHL,2005,0.881310478413904,1.0,0.881310478413904
Marshall Islands,MHL,2006,0.885602446954632,1.0,0.885602446954632
Marshall Islands,MHL,2007,0.873960895832514,1.0,0.873960895832514
Marshall Islands,MHL,2008,0.90358985936327,1.0,0.90358985936327
Marshall Islands,MHL,2009,0.893481549211871,1.0,0.893481549211871
Marshall Islands,MHL,2010,0.891188317524241,1.0,0.891188317524241
Marshall Islands,MHL,2011,0.938595164408269,1.0,0.938595164408269
Marshall Islands,MHL,2012,0.978994260216101,1.0,0.978994260216101
Marshall Islands,MHL,2013,0.956541869535584,1.0,0.956541869535584
Marshall Islands,MHL,2014,0.95011774020954,1.0,0.95011774020954
Marshall Islands,MHL,2015,0.91253253634229,1.0,0.91253253634229
Marshall Islands,MHL,2016,0.968749495773015,1.0,0.968749495773015
Marshall Islands,MHL,2017,0.973199812870247,1.0,0.973199812870247
Marshall Islands,MHL,2018,0.928503481734597,1.0,0.928503481734597
Marshall Islands,MHL,2019,0.875481425661518,1.0,0.875481425661518
Marshall Islands,MHL,2020,0.922454940074902,1.0,0.922454940074902
Marshall Islands,MHL,2021,0.932999594999854,1.0,0.932999594999854
Marshall Islands,MHL,2022,0.868723631908151,1.0,0.868723631908151
Marshall Islands,MHL,2023,0.903555645265736,1.0,0.903555645265736
Marshall Islands,MHL,2024,0.92137924629206,1.0,0.92137924629206
Marshall Islands,MHL,2025,0.946982695755452,1.0,0.946982695755452
North Macedonia,MKD,1994,15.83779403204,43.2631833333333,0.3660801820802987
North Macedonia,MKD,1995,18.1638888545551,37.8817583333333,0.4794890642278383
North Macedonia,MKD,1996,18.3483368961688,39.981075,0.45892555155579984
North Macedonia,MKD,1997,18.7460305071651,50.00355,0.37489399266982243
North Macedonia,MKD,1998,18.7503664603164,54.4617333333333,0.3442851579026083
North Macedonia,MKD,1999,19.0392100262278,56.9018283333333,0.33459750914672387
North Macedonia,MKD,2000,19.9395102197773,65.9038666666666,0.3025544816759966
North Macedonia,MKD,2001,20.4978854655565,68.0371333333333,0.3012749723762099
North Macedonia,MKD,2002,20.0150575572325,64.3497916666667,0.3110353124515294
North Macedonia,MKD,2003,20.1020155579399,54.3222583333333,0.3700511756081553
North Macedonia,MKD,2004,19.2637031626822,49.4099333333333,0.3898751093777813
North Macedonia,MKD,2005,19.293512049373,49.2836833333333,0.3914786952687792
North Macedonia,MKD,2006,18.8895745119123,48.8017666666667,0.38706743222913964
North Macedonia,MKD,2007,19.5099551632709,44.7298166666667,0.4361733764451129
North Macedonia,MKD,2008,19.2637451176543,41.8676833333333,0.4601101275244745
North Macedonia,MKD,2009,18.3550719228043,44.100575,0.416209356064049
North Macedonia,MKD,2010,18.7355706856242,46.4853916666667,0.40304211740263607
North Macedonia,MKD,2011,19.2895855072451,44.230825,0.4361118181097707
North Macedonia,MKD,2012,19.003566371532,47.89025,0.3968149335518607
North Macedonia,MKD,2013,19.1053627860484,46.3953416666667,0.4117948505113581
North Macedonia,MKD,2014,18.9958754996894,46.4371308333333,0.40906651980431713
North Macedonia,MKD,2015,19.4406528729439,55.537075,0.35004819524513847
North Macedonia,MKD,2016,18.9585827114539,55.731725,0.3401757744167061
North Macedonia,MKD,2017,18.9702456915544,54.6654583333333,0.34702435998761094
North Macedonia,MKD,2018,18.9510429115661,52.1071083333333,0.36369400486272957
North Macedonia,MKD,2019,18.2560495268278,54.9472,0.33224713046029275
North Macedonia,MKD,2020,18.0631496616247,54.144325,0.33361113397617753
North Macedonia,MKD,2021,17.9306733247551,52.1021583333333,0.3441445402326765
North Macedonia,MKD,2022,18.4009528003725,58.5743916666667,0.3141467162832533
North Macedonia,MKD,2023,19.4832195643769,56.9471916666667,0.34212783798750784
North Macedonia,MKD,2024,19.5755543274224,56.8726333333333,0.3441998933421829
North Macedonia,MKD,2025,20.453219828119,54.6549666666667,0.37422435828861517
Mali,MLI,1990,100.79631895004,272.264787954393,0.3702143039037584
Mali,MLI,1991,98.7319596141071,282.10690880882,0.3499806510623829
Mali,MLI,1992,98.1791188246911,264.691800750579,0.3709186251568329
Mali,MLI,1993,97.0415623482322,283.162579500018,0.34270616731765585
Mali,MLI,1994,128.978821971263,555.204695655697,0.23230859353402789
Mali,MLI,1995,143.218057511501,499.14842590131,0.2869247904626621
Mali,MLI,1996,150.36666532152,511.552430272516,0.2939418452990559
Mali,MLI,1997,147.77698013959,583.669372353396,0.25318611381601674
Mali,MLI,1998,157.941951324747,589.951774567332,0.26772010549604824
Mali,MLI,1999,163.023082391071,615.473349319164,0.2648743159576397
Mali,MLI,2000,159.501753764431,710.207977031367,0.2245845708902625
Mali,MLI,2001,162.681094716822,732.397693260228,0.2221212549054545
Mali,MLI,2002,165.9317754365,693.713226496374,0.23919361646677112
Mali,MLI,2003,149.433230597456,579.897426172466,0.2576890737104486
Mali,MLI,2004,150.879610619495,527.338032291576,0.2861155490034342
Mali,MLI,2005,163.396558183233,527.258362649626,0.3098984667822393
Mali,MLI,2006,167.429963092011,522.425624895176,0.3204857401962348
Mali,MLI,2007,173.342419885731,478.633718476363,0.3621609034096736
Mali,MLI,2008,180.707582215751,446.000041432788,0.4051739135162918
Mali,MLI,2009,190.439758228449,470.293423341398,0.40493817003731286
Mali,MLI,2010,196.068070045057,494.794262222947,0.3962618102404583
Mali,MLI,2011,216.09016418457,471.248625718937,0.45854810473962193
Mali,MLI,2012,223.834359917224,510.556338454251,0.4384126550948323
Mali,MLI,2013,216.317130287908,493.899623852237,0.4379779206971514
Mali,MLI,2014,214.218045678152,493.757329875312,0.43385289233528596
Mali,MLI,2015,212.641464424885,591.21169798261,0.35967059709826593
Mali,MLI,2016,204.213906627892,592.605615063022,0.3446033946306337
Mali,MLI,2017,205.839202880859,580.656749587858,0.35449377455262643
Mali,MLI,2018,206.166381835938,555.446458398226,0.37117237623671645
Mali,MLI,2019,201.951385498047,585.911013180369,0.3446792788581319
Mali,MLI,2020,201.444030761719,575.586004510945,0.34998076600712147
Mali,MLI,2021,203.722534179688,554.530675033104,0.36737829547035666
Mali,MLI,2022,202.180196191091,623.759700911182,0.3241315460036103
Mali,MLI,2023,198.940004319109,606.569750165917,0.32797547893658113
Mali,MLI,2024,199.570439584459,606.345297609063,0.32913661633297714
Mali,MLI,2025,198.243965775836,581.92848104034,0.34066723357727097
Malta,MLT,1990,0.569260919550498,0.31779,1.7913116194672518
Malta,MLT,1991,0.569090556317672,0.3232425,1.7605684782096167
Malta,MLT,1992,0.57618793475525,0.318923333333333,1.8066659743363105
Malta,MLT,1993,0.578913137193364,0.382289333333333,1.5143324354503689
Malta,MLT,1994,0.58699894675635,0.377921083333333,1.5532315413019884
Malta,MLT,1995,0.579437922344297,0.35305875,1.641194057205202
Malta,MLT,1996,0.576241981510842,0.360455868333333,1.598647801671965
Malta,MLT,1997,0.57513132491799,0.385966125,1.4901082962086116
Malta,MLT,1998,0.580674035881416,0.388459510833333,1.4948122511809263
Malta,MLT,1999,0.583357651210077,0.398898395,1.4624216555448335
Malta,MLT,2000,0.57985536599123,0.438149991666667,1.3234174986185294
Malta,MLT,2001,0.588994033743429,0.450041566666667,1.3087547403808593
Malta,MLT,2002,0.581834593824812,0.43362033825,1.3418065125196232
Malta,MLT,2003,0.573941595708155,0.377233333333333,1.5214498428244823
Malta,MLT,2004,0.566313533453042,0.344663179985486,1.6430926375045047
Malta,MLT,2005,0.572730754500684,0.34577739225,1.6563568565714522
Malta,MLT,2006,0.571740147831264,0.340893885583333,1.6771792396713423
Malta,MLT,2007,0.568002407764144,0.311675,1.8224188907167531
Malta,MLT,2008,0.57155039445608,0.679922680042729,0.8406108683124992
Malta,MLT,2009,0.56917580483655,0.716957702016136,0.7938764075425749
Malta,MLT,2010,0.572637321110708,0.754308990105961,0.759154840551837
Malta,MLT,2011,0.574150785503614,0.718413898653317,0.7991922018489238
Malta,MLT,2012,0.57973065786394,0.778338120416812,0.7448313819622316
Malta,MLT,2013,0.577478010720701,0.752945122701996,0.7669589632885608
Malta,MLT,2014,0.586360138133487,0.752728196932603,0.7789799034006267
Malta,MLT,2015,0.599701930424113,0.901296423367096,0.6653770223382499
Malta,MLT,2016,0.583015057972821,0.903421436257263,0.6453411825030003
Malta,MLT,2017,0.586425670573597,0.885205508269372,0.6624740414461417
Malta,MLT,2018,0.586718141942658,0.846772667108111,0.6928874357109466
Malta,MLT,2019,0.563539825632002,0.893276257067409,0.6308684700543605
Malta,MLT,2020,0.557545637891399,0.875506396987998,0.636826458161267
Malta,MLT,2021,0.566569294757016,0.84549413889045,0.6701043433613039
Malta,MLT,2022,0.55857462393667,0.949623753156941,0.5882062470317718
Malta,MLT,2023,0.564163853769816,0.924839558470698,0.6100126758231553
Malta,MLT,2024,0.580520850861783,0.923889546117607,0.6283444306749254
Malta,MLT,2025,0.58711979275282,0.88496895841236,0.6634354653592784
Myanmar,MMR,1990,8.65096502583072,6.33855833333334,1.3648158730884983
Myanmar,MMR,1991,10.355273467482,6.2837,1.6479579654474277
Myanmar,MMR,1992,12.3261801817519,6.10453333333333,2.0191846794325374
Myanmar,MMR,1993,16.4054867197848,6.15696666666667,2.6645404479128993
Myanmar,MMR,1994,19.6091486447024,5.9749125,3.281913943459825
Myanmar,MMR,1995,22.9710753167983,5.66704166666667,4.053450930476357
Myanmar,MMR,1996,27.7549081839325,5.91756666666667,4.6902569497483455
Myanmar,MMR,1997,36.5049551983236,6.24183333333333,5.8484347865194986
Myanmar,MMR,1998,49.0318903658313,6.34315833333334,7.729885932086605
Myanmar,MMR,1999,59.2938839849027,6.28579166666667,9.433001780720168
Myanmar,MMR,2000,59.407861387737,6.516725,9.116214262184917
Myanmar,MMR,2001,72.5341817237292,6.74890833333333,10.747542882673011
Myanmar,MMR,2002,101.071694268292,6.64208333333333,15.21686633485358
Myanmar,MMR,2003,119.429970443514,6.138925,19.45454138037425
Myanmar,MMR,2004,120.490696268386,5.80583333333333,20.75338531965886
Myanmar,MMR,2005,139.21591512355,5.81816666666667,23.92779772383338
Myanmar,MMR,2006,163.817728181107,5.84294166666666,28.03685840570155
Myanmar,MMR,2007,197.207772998728,5.61688333333333,35.10982181673611
Myanmar,MMR,2008,219.82935160854,5.44145,40.399039154736336
Myanmar,MMR,2009,229.140649357781,5.57636666666667,41.091388542918786
Myanmar,MMR,2010,242.334452506613,5.63488333333333,43.006117105047394
Myanmar,MMR,2011,261.783935546875,5.44410833333334,48.08573222983402
Myanmar,MMR,2012,267.487164371942,640.653416666667,0.4175224191633649
Myanmar,MMR,2013,278.540663035744,933.570456356879,0.29836062306717354
Myanmar,MMR,2014,293.976979060097,984.345747560046,0.29865215529075484
Myanmar,MMR,2015,318.935665460928,1162.61532862554,0.27432604543239436
Myanmar,MMR,2016,347.012266726298,1234.86951666667,0.28101128260336466
Myanmar,MMR,2017,366.639312744141,1360.35870704085,0.2695166435488778
Myanmar,MMR,2018,343.601440429688,1429.80797520107,0.2403129975417631
Myanmar,MMR,2019,350.685333251953,1518.25511666667,0.23097918749115293
Myanmar,MMR,2020,354.559967041016,1381.61916666667,0.2566264102259355
Montenegro,MNE,1999,0.225785996111399,0.938283072395239,0.2406373969158528
Montenegro,MNE,2000,0.293415263791672,1.08270508132601,0.27100201971188737
Montenegro,MNE,2001,0.314885045817482,1.11653308564468,0.2820203448209232
Montenegro,MNE,2002,0.314171086272404,1.05755899623965,0.2970719244878994
Montenegro,MNE,2003,0.336014706223176,0.884047927184961,0.38008652686188
Montenegro,MNE,2004,0.347177479531474,0.803921647747605,0.43185487106135495
Montenegro,MNE,2005,0.35541119830001,0.803800192161416,0.4421636144976658
Montenegro,MNE,2006,0.337372166613644,0.796432730949096,0.4236040954916595
Montenegro,MNE,2007,0.350381256877816,0.729672399984088,0.4801898179038385
Montenegro,MNE,2008,0.364051816631761,0.679922680042729,0.5354312002195346
Montenegro,MNE,2009,0.37165893358015,0.716957702016136,0.518383347490401
Montenegro,MNE,2010,0.370087991945554,0.754308990105979,0.4906318190554209
Montenegro,MNE,2011,0.363803083500142,0.718413898653322,0.5063976131058942
Montenegro,MNE,2012,0.369769750488052,0.778338120416812,0.47507598662909456
Montenegro,MNE,2013,0.364005781987799,0.752945122702002,0.48344264543680954
Montenegro,MNE,2014,0.36178582293867,0.752728196932591,0.48063274952760804
Montenegro,MNE,2015,0.359639818673424,0.901296423367096,0.3990250148002013
Montenegro,MNE,2016,0.349140092211516,0.903421436257288,0.3864642548863357
Montenegro,MNE,2017,0.350955040331975,0.88520550826938,0.39646730285050896
Montenegro,MNE,2018,0.34835296188042,0.846772667108096,0.41138900133623524
Montenegro,MNE,2019,0.329693213517099,0.893215581479226,0.369108220180289
Montenegro,MNE,2020,0.3207246033349,0.877475207233012,0.3655084504851795
Montenegro,MNE,2021,0.332482720892195,0.845376564367945,0.39329540811292696
Montenegro,MNE,2022,0.339842811164057,0.950915533962108,0.3573848559903734
Montenegro,MNE,2023,0.355800655522619,0.924709622987356,0.38477014478682897
Montenegro,MNE,2024,0.359928547448717,0.924367447270267,0.3893782158941399
Montenegro,MNE,2025,0.370171163809184,0.887144250370588,0.4172615261323645
Mongolia,MNG,1991,3.27893678314612,8.01166666666667,0.40927024545198065
Mongolia,MNG,1992,8.77419337307225,35.8333333333333,0.24486121041131886
Mongolia,MNG,1993,35.9038155294789,295.010525833333,0.12170350677508657
Mongolia,MNG,1994,57.7635633701061,412.721416666667,0.13995775609764066
Mongolia,MNG,1995,90.6778323595933,448.612633333334,0.2021294667647415
Mongolia,MNG,1996,98.6714628512067,548.403333333333,0.1799249874202201
Mongolia,MNG,1997,118.020473089246,789.9925,0.14939442221191468
Mongolia,MNG,1998,114.454245234658,840.828333333333,0.13612082359418357
Mongolia,MNG,1999,125.138051833761,1021.8675,0.12246015440726024
Mongolia,MNG,2000,137.049786707381,1076.66666666667,0.12729082356722654
Mongolia,MNG,2001,148.036179144431,1097.6975,0.1348606325006944
Mongolia,MNG,2002,155.056058071037,1110.31,0.13965114073640425
Mongolia,MNG,2003,167.619157350493,1146.5425,0.1461953284335234
Mongolia,MNG,2004,190.475218283199,1185.2975,0.16069823675760644
Mongolia,MNG,2005,221.803224114867,1205.24666666667,0.1840313939455268
Mongolia,MNG,2006,262.476253211395,1179.69916666667,0.2224942261789009
Mongolia,MNG,2007,285.269786014334,1170.40083333333,0.24373682749514003
Mongolia,MNG,2008,339.907567890292,1165.80416666667,0.29156489366663874
Mongolia,MNG,2009,343.994977265875,1437.795,0.2392517551291213
Mongolia,MNG,2010,473.017457912379,1357.06416666667,0.3485593898439176
Mongolia,MNG,2011,533.526977539063,1265.51583333333,0.4215885439645344
Mongolia,MNG,2012,578.89830197839,1357.58,0.4264192916648669
Mongolia,MNG,2013,633.386281042917,1523.9275,0.41562756826877717
Mongolia,MNG,2014,688.173608892972,1817.93870833333,0.3785461004479537
Mongolia,MNG,2015,723.239895521409,1970.30916666667,0.3670692436278779
Mongolia,MNG,2016,737.07136205792,2140.29086406116,0.3443790628808935
Mongolia,MNG,2017,801.668823242188,2439.77720111244,0.3285827996411555
Mongolia,MNG,2018,824.525756835938,2472.48405114235,0.3334807180879433
Mongolia,MNG,2019,851.149353027344,2663.54139820163,0.3195555186797634
Mongolia,MNG,2020,822.064819335938,2813.28983532639,0.2922076527676944
Mongolia,MNG,2021,870.184753417969,2849.2886145414,0.3054042152756882
Mongolia,MNG,2022,956.317378376053,3140.67788364809,0.3044939385077058
Mongolia,MNG,2023,1122.94693630791,3465.73653626198,0.3240139360157713
Mongolia,MNG,2024,1193.60938977542,3389.98152022101,0.3520990845099363
Mongolia,MNG,2025,1211.65358016366,3545.14356555046,0.34177842385221563
Mozambique,MOZ,1990,0.84409782077712,0.929088833333333,0.9085221891524764
Mozambique,MOZ,1991,1.31503022596966,1.4344675,0.9167375531126777
Mozambique,MOZ,1992,1.77186711909316,2.51655416666667,0.7040846338865444
Mozambique,MOZ,1993,2.47434558965003,3.87423666666667,0.6386666077833899
Mozambique,MOZ,1994,3.63976664669273,6.03858833333334,0.6027512467774989
Mozambique,MOZ,1995,5.39957320197057,9.02433333333333,0.5983348578255723
Mozambique,MOZ,1996,7.89106789107676,11.29375,0.6987110473559943
Mozambique,MOZ,1997,8.5753081137019,11.5435833333333,0.7428636209468686
Mozambique,MOZ,1998,9.00224216826463,11.8745833333333,0.7581101513679488
Mozambique,MOZ,1999,9.67000354119589,12.7751116666667,0.7569408231810001
Mozambique,MOZ,2000,10.5541556896353,15.22725,0.6931097663488351
Mozambique,MOZ,2001,11.847509313221,20.7036408333333,0.5722427957765892
Mozambique,MOZ,2002,12.8132250755322,23.6779566666667,0.5411457270538202
Mozambique,MOZ,2003,13.0225394331714,23.7822675,0.5475734991699761
Mozambique,MOZ,2004,13.4163231438897,22.5813425,0.5941331054116777
Mozambique,MOZ,2005,13.9621047804082,23.060965,0.6054432145579425
Mozambique,MOZ,2006,14.5550126946304,25.4007791666667,0.5730144181455213
Mozambique,MOZ,2007,15.2248825390104,25.8403414502164,0.5891904551006968
Mozambique,MOZ,2008,15.7067671016416,24.3006424728653,0.646351927492459
Mozambique,MOZ,2009,15.8401731348521,27.518299963925,0.5756232454627542
Mozambique,MOZ,2010,16.8464577279357,33.9600988006908,0.4960662166151595
Mozambique,MOZ,2011,16.8935413360596,29.0675999319775,0.5811811561874043
Mozambique,MOZ,2012,18.0828618847655,28.3729844798921,0.6373267464189677
Mozambique,MOZ,2013,18.5558662769167,30.1041110929498,0.6163897754570262
Mozambique,MOZ,2014,18.748299031241,31.3526877009443,0.5979806009000092
Mozambique,MOZ,2015,18.5234654605181,39.9824741465406,0.46328962516495
Mozambique,MOZ,2016,20.1860127645374,63.0562327310371,0.32012716095234756
Mozambique,MOZ,2017,23.3438453674316,63.584322913399,0.36713209007864417
Mozambique,MOZ,2018,23.5512657165527,60.3262076432022,0.39039857860527305
Mozambique,MOZ,2019,23.3787746429443,62.5483333333333,0.373771344447403
Mozambique,MOZ,2020,22.7560958862305,69.465,0.32759081388081046
Mozambique,MOZ,2021,22.907154083252,65.465,0.3499145204804399
Mozambique,MOZ,2022,23.3430236971618,63.8508333333333,0.3655868291538113
Mozambique,MOZ,2023,23.6572980592353,63.8858333333333,0.37030585381582215
Mozambique,MOZ,2024,24.5764633742049,63.905,0.38457809833667
Mauritania,MRT,1990,3.72670122330232,8.0609,0.46231825519511716
Mauritania,MRT,1991,3.99089096821786,8.19458333333334,0.4870157280583138
Mauritania,MRT,1992,4.12601965991746,8.702675,0.47410935831999473
Mauritania,MRT,1993,4.51063102038251,12.0805833333333,0.3733785775010193
Mauritania,MRT,1994,4.90621980825623,12.3575,0.39702365431974346
Mauritania,MRT,1995,4.94203164783438,12.9768333333333,0.38083494800999673
Mauritania,MRT,1996,4.94330798308597,13.7221666666667,0.3602425260650741
Mauritania,MRT,1997,5.4463941892735,15.1853333333333,0.35866148405963066
Mauritania,MRT,1998,6.37964315057094,18.8475833333333,0.3384860030987678
Mauritania,MRT,1999,6.59097172703902,20.9514166666667,0.31458358314858625
Mauritania,MRT,2000,6.854338861327,23.8923333333333,0.28688444806536306
Mauritania,MRT,2001,7.09398062095076,25.5629166666667,0.2775106109155809
Mauritania,MRT,2002,7.45448431026537,27.1739166666667,0.27432498604110045
Mauritania,MRT,2003,7.63805445227425,26.303,0.2903871973643406
Mauritania,MRT,2005,9.16764425793521,26.5528333333333,0.3452604903909271
Mauritania,MRT,2006,10.1465594452579,26.86,0.3777572392128779
Mauritania,MRT,2007,10.7577013950869,25.8586666666667,0.41601918357817697
Mauritania,MRT,2008,11.685387300156,23.8203333333333,0.4905635507545102
Mauritania,MRT,2009,11.5720708526818,26.2365833333333,0.44106622823786695
Mauritania,MRT,2010,13.9876481442755,27.5894166666667,0.5069932544523589
Mauritania,MRT,2011,15.884492572772,28.1118333333333,0.5650464836079238
Mauritania,MRT,2012,15.311570204131,29.662,0.5162015442023802
Mauritania,MRT,2013,14.3991643302618,30.0681666666667,0.47888401344484316
Mauritania,MRT,2014,13.4165954484148,30.2725,0.44319416792186966
Mauritania,MRT,2015,12.6922364006963,32.4671666666667,0.3909252855663297
Mauritania,MRT,2016,11.7823023786489,35.2370833333334,0.3343722369752191
Mauritania,MRT,2017,10.7990684509277,35.7944166666667,0.30169700910321745
Mauritania,MRT,2018,11.3220472335815,35.6775,0.31734418705294654
Mauritania,MRT,2019,11.5568342208862,36.6908333333334,0.31497878818650016
Mauritania,MRT,2020,11.63316822052,37.1891666666667,0.31281067211831376
Mauritania,MRT,2021,12.035120010376,36.0633333333333,0.3337217860350128
Mauritania,MRT,2022,11.1671571692448,36.935,0.3023462073709165
Mauritania,MRT,2023,11.1785431496469,36.4891666666666,0.3063523826609794
Mauritius,MUS,1990,7.5534853201034,14.8634666666667,0.5081913586850566
Mauritius,MUS,1991,7.93213697137309,15.6523083333333,0.506771065484363
Mauritius,MUS,1992,8.17073541829905,15.5632083333333,0.5250032797414244
Mauritius,MUS,1993,8.71746284567177,17.648025,0.4939625168069385
Mauritius,MUS,1994,9.09473933422633,17.9603666666667,0.5063782662692288
Mauritius,MUS,1995,9.38928242000081,17.3863166666667,0.5400386177252874
Mauritius,MUS,1996,9.86609894933042,17.9480666666667,0.5497026020999699
Mauritius,MUS,1997,10.1955029666403,21.0572583333333,0.4841799822772266
Mauritius,MUS,1998,10.7842741734574,23.99265,0.4494824112158265
Mauritius,MUS,1999,11.3326392537955,25.1858083333333,0.44996130772570064
Mauritius,MUS,2000,11.4594943326331,26.2495583333333,0.43655951033968937
Mauritius,MUS,2001,11.9055748248187,29.1292583333333,0.4087153434728844
Mauritius,MUS,2002,12.4525050942382,29.962,0.4156099424016488
Mauritius,MUS,2003,12.8980846557749,27.901475,0.4622725019295539
Mauritius,MUS,2004,13.4201373122174,27.4985166666667,0.4880313172850191
Mauritius,MUS,2005,13.5258798954946,29.4962333333333,0.4585629542131802
Mauritius,MUS,2006,14.5994099957879,31.7080666666667,0.4604320455505923
Mauritius,MUS,2007,15.3918779481394,31.31365625,0.4915388297442717
Mauritius,MUS,2008,15.9187815427007,28.4528375,0.5594795788891248
Mauritius,MUS,2009,15.7274785154713,31.9598,0.4921019066286804
Mauritius,MUS,2010,15.6989821845663,30.7844,0.5099655080029593
Mauritius,MUS,2011,15.8533592224121,28.70595,0.5522673599867658
Mauritius,MUS,2012,16.4036140965895,30.0499716666667,0.5458778556781606
Mauritius,MUS,2013,16.4490495139302,30.7013583333333,0.5357759528206613
Mauritius,MUS,2014,16.6488607206872,30.6216166666667,0.5436963339303503
Mauritius,MUS,2015,16.6562911113604,35.0567,0.4751243303380067
Mauritius,MUS,2016,16.344862941131,35.5418833333333,0.4598761069535618
Mauritius,MUS,2017,16.5445671081543,34.4814083333333,0.4798112347447424
Mauritius,MUS,2018,17.128044128418,33.93445,0.5047391110926507
Mauritius,MUS,2019,16.8357048034668,35.4735166666667,0.4745992612366724
Mauritius,MUS,2020,16.625394821167,39.3469333333333,0.4225334330460404
Mauritius,MUS,2021,16.6290760040283,41.6921333333333,0.3988540445046782
Mauritius,MUS,2022,16.9028689373293,44.182775,0.38256693784691653
Mauritius,MUS,2023,17.3506531049783,45.267225,0.3832939418084121
Mauritius,MUS,2024,17.5587586975471,46.414675,0.378301877532205
Mauritius,MUS,2025,17.7493221711606,45.9969666666667,0.38588027553615317
Malawi,MWI,1990,1.46468544115518,2.72888166666667,0.5367346847781398
Malawi,MWI,1991,1.63637264904572,2.8033125,0.5837282318848577
Malawi,MWI,1992,1.8123242069169,3.60327541666667,0.5029657734554888
Malawi,MWI,1993,2.26915406984661,4.40277833333333,0.5153913956255527
Malawi,MWI,1994,2.80318090537425,8.736405,0.3208620600091514
Malawi,MWI,1995,4.86576616849439,15.2837416666667,0.3183622358068544
Malawi,MWI,1996,7.27950940748415,15.3084666666667,0.47552178581901094
Malawi,MWI,1997,8.64707002624355,16.444175,0.5258439554579996
Malawi,MWI,1998,10.2225530104843,31.0726833333333,0.32898842049852933
Malawi,MWI,1999,14.0807071633529,44.0881416666667,0.3193762910174725
Malawi,MWI,2000,17.972980674646,59.5438083333334,0.30184466156465994
Malawi,MWI,2001,22.0809086562352,72.1973333333333,0.3058410558501959
Malawi,MWI,2002,35.2594986987358,76.6866083333334,0.45978691019263057
Malawi,MWI,2003,38.1541966061337,97.432475,0.39159629893558284
Malawi,MWI,2004,42.6713378666304,108.897508333333,0.3918486154523787
Malawi,MWI,2005,45.8181597405504,118.42,0.3869123436965918
Malawi,MWI,2006,53.3224144111376,136.0125,0.39204054341430095
Malawi,MWI,2007,54.0442872585646,139.9575,0.3861478467289327
Malawi,MWI,2008,59.3666829083203,140.521666666667,0.42247351825924945
Malawi,MWI,2009,63.6638792185833,141.168333333333,0.45097847169632077
Malawi,MWI,2010,70.5274287772039,150.485833333333,0.468664904961402
Malawi,MWI,2011,78.769287109375,156.515833333333,0.5032672122162838
Malawi,MWI,2012,95.0219591977817,249.106666666667,0.3814508879641181
Malawi,MWI,2013,116.224777135623,364.405833333333,0.31894323993795315
Malawi,MWI,2014,149.438883717352,424.896666666666,0.35170641579682643
Malawi,MWI,2015,192.140947084581,499.605833333333,0.3845850754036054
Malawi,MWI,2016,229.41508192791,718.005,0.31951738766152044
Malawi,MWI,2017,262.308654785156,730.2725,0.359192842103675
Malawi,MWI,2018,286.320281982422,732.333333333333,0.3909698889154603
Malawi,MWI,2019,298.671356201172,745.540667877372,0.40061041479000586
Malawi,MWI,2020,298.386444091797,749.527493882201,0.39809939799045274
Malawi,MWI,2021,294.85791015625,805.899650132837,0.3658742252929982
Malawi,MWI,2022,322.535332500177,949.039016666667,0.3398546601730093
Malawi,MWI,2023,401.327950703585,1161.09436666667,0.3456462818398974
Malaysia,MYS,1990,0.96963202696165,2.704875,0.3584757251117519
Malaysia,MYS,1991,0.971534935159519,2.75006666666667,0.3532768666794203
Malaysia,MYS,1992,0.9728209711101,2.54738333333333,0.38189029439755884
Malaysia,MYS,1993,0.988183895828785,2.574095,0.38389565879611476
Malaysia,MYS,1994,1.00562001864522,2.62425666666667,0.3832018534690657
Malaysia,MYS,1995,1.02075633257507,2.50440416666667,0.40758450499373017
Malaysia,MYS,1996,1.03929218643733,2.5159425,0.4130826465379594
Malaysia,MYS,1997,1.05725220938896,2.81319166666667,0.37581947291977097
Malaysia,MYS,1998,1.13435647198933,3.924375,0.2890540460555706
Malaysia,MYS,1999,1.11903660304923,3.8,0.29448331659190263
Malaysia,MYS,2000,1.1911478962263,3.8,0.31345997269113157
Malaysia,MYS,2001,1.14649003773488,3.8,0.30170790466707365
Malaysia,MYS,2002,1.16426968328104,3.8,0.30638675875816845
Malaysia,MYS,2003,1.1793932247506,3.8,0.31036663809226317
Malaysia,MYS,2004,1.21752595719252,3.8,0.32040156768224215
Malaysia,MYS,2005,1.28513541113218,3.78709166666667,0.33934626469269835
Malaysia,MYS,2006,1.2963193998895,3.66817695833333,0.3533960914684156
Malaysia,MYS,2007,1.3237335773334,3.43756938226247,0.385078359192905
Malaysia,MYS,2008,1.43363299427469,3.33583333333333,0.42976757260295523
Malaysia,MYS,2009,1.33946525229476,3.52450291070644,0.38004373559342075
Malaysia,MYS,2010,1.41955052014405,3.22108691472175,0.4407054381724674
Malaysia,MYS,2011,1.46613442897797,3.06000301052058,0.4791284269777713
Malaysia,MYS,2012,1.44634167561568,3.08880086662188,0.4682534543567052
Malaysia,MYS,2013,1.45753049788712,3.15090855009724,0.46257467480042835
Malaysia,MYS,2014,1.4829363618214,3.27285974643047,0.4531011032289905
Malaysia,MYS,2015,1.53642074840383,3.90550026302768,0.39339921775161857
Malaysia,MYS,2016,1.55468238740456,4.14830066287879,0.37477572474837434
Malaysia,MYS,2017,1.60561609268188,4.30044087761124,0.37336081075802385
Malaysia,MYS,2018,1.58274710178375,4.03513013706806,0.39224189753983496
Malaysia,MYS,2019,1.56344366073608,4.14246973569731,0.37741824575403987
Malaysia,MYS,2020,1.52344620227814,4.20348194851884,0.3624248232622836
Malaysia,MYS,2021,1.5147716999054,4.14329759817721,0.3655956792898014
Malaysia,MYS,2022,1.5032290524362,4.40107634540072,0.3415594128484336
Malaysia,MYS,2023,1.42278837661538,4.56062343240897,0.3119723427513611
Malaysia,MYS,2024,1.39929497814426,4.5764279106858,0.30576139413819997
Malaysia,MYS,2025,1.35504364404393,4.28442415048243,0.31627205814609904
Namibia,NAM,1990,1.42377805127589,2.58732083333333,0.550290490816939
Namibia,NAM,1991,1.45965541495493,2.761315,0.5286088023115544
Namibia,NAM,1992,1.5656782356895,2.85201416666667,0.5489728115619452
Namibia,NAM,1993,1.68790416761757,3.26774158333333,0.5165353883019681
Namibia,NAM,1994,1.91161236591427,3.55079833333334,0.5383612884936017
Namibia,NAM,1995,1.99745645660436,3.627085,0.5507057200491193
Namibia,NAM,1996,2.25923281696575,4.29934916666667,0.5254825159309767
Namibia,NAM,1997,2.37891279348238,4.60796166666667,0.5162614113505093
Namibia,NAM,1998,2.54701328487155,5.52828416666667,0.46072401636461013
Namibia,NAM,1999,2.68188337870734,6.10948416666667,0.43897050971008145
Namibia,NAM,2000,2.91832429814138,6.93982833333333,0.42051822580741766
Namibia,NAM,2001,3.17382184884958,8.60918083333334,0.3686554981585543
Namibia,NAM,2002,3.43789366124143,10.5407466666667,0.3261527641218414
Namibia,NAM,2003,3.41418621758756,7.56474916666667,0.45132841054820944
Namibia,NAM,2004,3.39261388812767,6.4596925,0.5251974282255185
Namibia,NAM,2005,3.47362136212107,6.37711666666667,0.5447009273450752
Namibia,NAM,2006,3.68667936379995,6.76715,0.5447905490198902
Namibia,NAM,2007,3.92276264102232,7.05439166666666,0.5560738368920056
Namibia,NAM,2008,4.27047321030542,8.25174166666667,0.5175238613632579
Namibia,NAM,2009,4.53907867777532,8.52281983333333,0.5325794474761363
Namibia,NAM,2010,4.65166902804581,7.33025,0.634585318105905
Namibia,NAM,2011,4.73150825500488,7.300025,0.6481495960636957
Namibia,NAM,2012,5.20011771040599,8.19377083333334,0.634642805636109
Namibia,NAM,2013,5.37466118401067,9.750075,0.5512430605929359
Namibia,NAM,2014,5.62612760005985,10.8428875,0.5188772455731787
Namibia,NAM,2015,5.87619885260804,12.8819208333333,0.45615859068181575
Namibia,NAM,2016,6.33865336896453,14.7087666666667,0.43094390662470106
Namibia,NAM,2017,6.92160367965698,13.3129,0.5199170488516386
Namibia,NAM,2018,7.12966299057007,13.2339416666667,0.5387406994945486
Namibia,NAM,2019,7.1147084236145,14.4486904166667,0.4924119915675968
Namibia,NAM,2020,6.82631635665894,16.4632666666667,0.41463923866824276
Namibia,NAM,2021,6.71698379516602,14.778675,0.45450514306363865
Namibia,NAM,2022,6.67335305299814,16.3558583333333,0.4080099568604004
Namibia,NAM,2023,6.93058928484689,18.4463083333333,0.3757168729703497
Namibia,NAM,2024,7.05363349341884,18.3286583333333,0.38484177974940986
Namibia,NAM,2025,7.27733758379859,17.8887333333333,0.4068112285087413
Niger,NER,1990,156.146999783254,272.264787954393,0.5735115471832888
Niger,NER,1991,147.050585050061,282.10690880882,0.5212583614877548
Niger,NER,1992,136.295138353285,264.691800750579,0.5149201371814193
Niger,NER,1993,127.988392971313,283.162579500018,0.451996140158431
Niger,NER,1994,153.150145510093,555.204695655697,0.2758444708923483
Niger,NER,1995,156.379412575198,499.14842590131,0.3132924085512729
Niger,NER,1996,164.269534552749,511.552430272516,0.3211196445010314
Niger,NER,1997,172.775316498224,583.669372353396,0.29601573199152414
Niger,NER,1998,181.239987414699,589.951774567332,0.3072115302095999
Niger,NER,1999,179.389699898155,615.473349319164,0.29146623504753816
Niger,NER,2000,180.991597877591,710.207977031367,0.25484309347541634
Niger,NER,2001,185.878433644491,732.397693260228,0.25379440071290144
Niger,NER,2002,187.742283131488,693.713226496374,0.2706338526651536
Niger,NER,2003,183.760414985259,579.897426172466,0.31688434314693303
Niger,NER,2004,179.640763754821,527.338032291576,0.34065580852225336
Niger,NER,2005,189.132550556604,527.258362649626,0.3587094372598628
Niger,NER,2006,186.219637608699,522.425624895176,0.35645195935031654
Niger,NER,2007,194.065545121904,478.633718476363,0.4054573207664386
Niger,NER,2008,209.682691995745,446.000041432788,0.4701405213374718
Niger,NER,2009,217.12931087396,470.293423341398,0.46168902242194504
Niger,NER,2010,221.976991021328,494.794262222947,0.4486248284773125
Niger,NER,2011,226.127777099609,471.248625718937,0.47984814121129465
Niger,NER,2012,232.257461794201,510.556338454251,0.45491054424547644
Niger,NER,2013,239.665186302269,493.899623852237,0.4852507973846344
Niger,NER,2014,240.351208944006,493.757329875312,0.48678003221684146
Niger,NER,2015,244.950867403413,591.21169798261,0.41432006206788224
Niger,NER,2016,250.645662672075,592.605615063022,0.42295526114010834
Niger,NER,2017,250.788452148438,580.656749587858,0.4319048255728434
Niger,NER,2018,251.85302734375,555.446458398226,0.45342449040008925
Niger,NER,2019,231.897216796875,585.911013180369,0.39578914132048737
Niger,NER,2020,222.843276977539,575.586004510945,0.38715895666518335
Niger,NER,2021,212.888137817383,554.530675033104,0.38390687369039445
Niger,NER,2022,207.161840538285,623.759700911182,0.3321180259572156
Niger,NER,2023,206.556683343202,606.569750165917,0.34053245036815943
Niger,NER,2024,216.50417668186,606.345297609063,0.35706416382806616
Niger,NER,2025,207.234045559658,581.92848104034,0.3561160044773479
Nigeria,NGA,1990,2.55985133234829,8.038285,0.31845739885414487
Nigeria,NGA,1991,2.94320564041141,9.90949166666666,0.2970087406513195
Nigeria,NGA,1992,4.22298785753568,17.298425,0.2441255696709775
Nigeria,NGA,1993,5.84290443632172,22.0654,0.26479938892210064
Nigeria,NGA,1994,8.19763959806389,21.996,0.37268774313802017
Nigeria,NGA,1995,14.0835080856227,21.8952583333333,0.6432218278138329
Nigeria,NGA,1996,17.4941069581432,21.884425,0.7993861825541771
Nigeria,NGA,1997,18.0669396107331,21.88605,0.8255002437960756
Nigeria,NGA,1998,18.9397864691937,21.886,0.8653836456727451
Nigeria,NGA,1999,21.1837373885665,92.3381,0.2294149152794621
Nigeria,NGA,2000,25.4112675689029,101.697333333333,0.2498715230379982
Nigeria,NGA,2001,27.3558590411988,111.23125,0.24593681219260596
Nigeria,NGA,2002,32.6234542701253,120.578158333333,0.2705585714780881
Nigeria,NGA,2003,35.1284178343356,129.22235,0.2718447531277337
Nigeria,NGA,2004,41.2991518951378,132.888025,0.310781591457453
Nigeria,NGA,2005,47.9956597146448,131.274333333333,0.3656134333036282
Nigeria,NGA,2006,57.6710459713477,128.651666666667,0.44827282432937166
Nigeria,NGA,2007,60.136287623899,125.808108333333,0.47800009411607874
Nigeria,NGA,2008,63.6731196433777,118.566666666667,0.5370237810799341
Nigeria,NGA,2009,63.7169861164602,148.88,0.42797545752592825
Nigeria,NGA,2010,73.2400279635011,150.2975,0.4873003740148778
Nigeria,NGA,2011,78.7765274047852,153.8625,0.5119930288717861
Nigeria,NGA,2012,86.6815436772594,157.5,0.5503590074746628
Nigeria,NGA,2013,89.9609881455205,157.311666666667,0.571864694156104
Nigeria,NGA,2014,92.3195424739233,158.552641666667,0.5822642972295045
Nigeria,NGA,2015,96.1893655294467,192.440333333333,0.49983994448208297
Nigeria,NGA,2016,104.499952232403,253.492,0.4122416180092587
Nigeria,NGA,2017,114.824493408203,305.790109160005,0.37550100532558744
Nigeria,NGA,2018,123.914825439453,306.083688245234,0.40483968992222985
Nigeria,NGA,2019,129.647445678711,306.920951495222,0.42241314920701745
Nigeria,NGA,2020,134.639099121094,358.810797258297,0.3752370334167269
Nigeria,NGA,2021,146.717681884766,401.152029220779,0.36574084436207127
Nigeria,NGA,2022,147.997232013642,425.979158066857,0.34742834059128774
Nigeria,NGA,2023,158.178769064314,645.194067883201,0.24516463640665243
Nigeria,NGA,2024,176.079684596458,1478.96519740023,0.1190560027416306
Nigeria,NGA,2025,195.022548515709,1518.38094813368,0.12844111930897265
Nicaragua,NIC,1990,0.0628258825950986,0.140922416666667,0.44581894123846005
Nicaragua,NIC,1991,1.84238083405344,4.27082828333333,0.43138724196503725
Nicaragua,NIC,1992,2.22762174985528,5.0,0.44552434997105606
Nicaragua,NIC,1993,2.61977290102433,5.62040833333333,0.466117894937823
Nicaragua,NIC,1994,2.76454327494372,6.722875,0.411214439498536
Nicaragua,NIC,1995,3.07041282157456,7.54559166666667,0.406914786435951
Nicaragua,NIC,1996,3.30487711737313,8.4355,0.39178200668284396
Nicaragua,NIC,1997,3.5665249107779,9.44808333333333,0.37748660600769834
Nicaragua,NIC,1998,4.02165640761462,10.5819166666667,0.38004990346247364
Nicaragua,NIC,1999,4.33141008037977,11.80925,0.3667811317721083
Nicaragua,NIC,2000,4.59828835316429,12.6843916666667,0.36251548154635804
Nicaragua,NIC,2001,4.82268198926846,13.3719416666667,0.36065682228410717
Nicaragua,NIC,2002,4.90314633407485,14.25132525,0.3440484479908175
Nicaragua,NIC,2003,5.06454675875827,15.1046433333333,0.33529734181685067
Nicaragua,NIC,2004,5.37830656799757,15.9372473164627,0.3374677233277255
Nicaragua,NIC,2005,5.72934803655576,16.7333295340502,0.34239139466519586
Nicaragua,NIC,2006,5.99524454720807,17.5699984318996,0.34122055106864846
Nicaragua,NIC,2007,6.40177859043574,18.4485061597542,0.3470079655772538
Nicaragua,NIC,2008,7.29819736864547,19.3718964065011,0.3767415030258078
Nicaragua,NIC,2009,7.69130022631539,20.3394818701997,0.3781463203142978
Nicaragua,NIC,2010,8.06538140365918,21.3564486834358,0.3776555514079802
Nicaragua,NIC,2011,8.70955848693848,22.4242706163594,0.38839874152180937
Nicaragua,NIC,2012,9.32214368308719,23.5466635310839,0.39590083201303866
Nicaragua,NIC,2013,9.63304348170275,24.7227641666667,0.38964265552032507
Nicaragua,NIC,2014,10.0315089647279,25.9589003667435,0.3864381319317932
Nicaragua,NIC,2015,10.3769956491351,27.2568449404762,0.3807115486695727
Nicaragua,NIC,2016,10.3718349580235,28.6209624101588,0.36238596066015216
Nicaragua,NIC,2017,10.5358943939209,30.0509413442878,0.3506011433456677
Nicaragua,NIC,2018,10.8195791244507,31.5532123338754,0.34289944903121145
Nicaragua,NIC,2019,10.8463048934937,33.121745265284,0.3274677951485266
Nicaragua,NIC,2020,10.6103572845459,34.3421221197024,0.30896044360807384
Nicaragua,NIC,2021,10.564323425293,35.1710166666667,0.3003701464025442
Nicaragua,NIC,2022,10.6898638091211,35.874421141967,0.297980105848057
Nicaragua,NIC,2023,11.4198551277581,36.4411942796586,0.3133776308240435
Nicaragua,NIC,2024,11.9599866316397,36.6243,0.3265587774138946
Nicaragua,NIC,2025,12.5185500987327,36.6243,0.34180994855144536
Netherlands,NLD,1990,0.917489,1.82094166666667,0.5038541414011972
Netherlands,NLD,1991,0.91514,1.86966666666667,0.4894669281511847
Netherlands,NLD,1992,0.917081,1.75846633333333,0.5215232061119937
Netherlands,NLD,1993,0.910157,1.85730516666667,0.49004171007259445
Netherlands,NLD,1994,0.909511,1.81999508333333,0.49973266869173405
Netherlands,NLD,1995,0.909226,1.60567525,0.5662577161851376
Netherlands,NLD,1996,0.905128,1.68589675,0.5368822260319323
Netherlands,NLD,1997,0.908615,1.95126991666667,0.4656531586117904
Netherlands,NLD,1998,0.905892,1.983733,0.45666024611174993
Netherlands,NLD,1999,0.906357,0.938283072395283,0.9659739439679105
Netherlands,NLD,2000,0.890247,1.08270508132602,0.822243300927053
Netherlands,NLD,2001,0.904914,1.11653308564462,0.8104676983016194
Netherlands,NLD,2002,0.900863,1.05755899623965,0.851832383066276
Netherlands,NLD,2003,0.92557,0.88404792718493,1.046968124168662
Netherlands,NLD,2004,0.907889,0.803921647747618,1.1293252303177452
Netherlands,NLD,2005,0.897139,0.803800192161442,1.1161219028668894
Netherlands,NLD,2006,0.872108,0.796432730949102,1.0950177787905784
Netherlands,NLD,2007,0.860036,0.729672399984083,1.178660450934914
Netherlands,NLD,2008,0.847775,0.679922680042729,1.246869717519531
Netherlands,NLD,2009,0.847927,0.716957702016136,1.1826736746332023
Netherlands,NLD,2010,0.854289,0.754308990105961,1.1325451654500291
Netherlands,NLD,2011,0.836065,0.718413898653317,1.1637650685311387
Netherlands,NLD,2012,0.824408,0.778338120416812,1.0591900594031254
Netherlands,NLD,2013,0.798166,0.752945122701996,1.060058662888639
Netherlands,NLD,2014,0.808798,0.752728196932603,1.0744887773513516
Netherlands,NLD,2015,0.809978,0.901296423367096,0.8986810321226557
Netherlands,NLD,2016,0.795448,0.903421436257263,0.8804838673027503
Netherlands,NLD,2017,0.78215,0.885205508269372,0.8835801321764801
Netherlands,NLD,2018,0.776747,0.846772667108111,0.9173028726266496
Netherlands,NLD,2019,0.767329,0.893276257067409,0.8590052561333166
Netherlands,NLD,2020,0.747828,0.875506396987998,0.8541662317634119
Netherlands,NLD,2021,0.741535,0.84549413889045,0.8770433358333193
Netherlands,NLD,2022,0.714036,0.949623753156941,0.7519146373774348
Netherlands,NLD,2023,0.730695,0.924839558470698,0.790077579735308
Netherlands,NLD,2024,0.731421,0.923889546117607,0.7916758048335936
Netherlands,NLD,2025,0.746769,0.88496895841236,0.8438363774247047
Norway,NOR,1990,9.576641,6.25974166666667,1.52987799017265
Norway,NOR,1991,9.468258,6.4829425,1.4604877337721258
Norway,NOR,1992,9.198073,6.21450083333333,1.480098441802983
Norway,NOR,1993,9.191119,7.09412916666667,1.2955951018183456
Norway,NOR,1994,8.984934,7.05758416666667,1.2730891743999742
Norway,NOR,1995,9.069835,6.33515666666667,1.431667041120266
Norway,NOR,1996,8.973256,6.44980833333333,1.3912438224908499
Norway,NOR,1997,9.055966,7.07340083333334,1.2802845778686596
Norway,NOR,1998,9.311803,7.5450975,1.234152772711022
Norway,NOR,1999,9.283739,7.79917166666667,1.1903493597503834
Norway,NOR,2000,9.08346,8.80184166666667,1.0319953873289773
Norway,NOR,2001,9.175302,8.99165416666667,1.0204242545286204
Norway,NOR,2002,9.05673,7.98377883333333,1.13439139398338
Norway,NOR,2003,9.198149,7.08021666666667,1.2991338306501914
Norway,NOR,2004,9.126614,6.74083333333333,1.3539296328347143
Norway,NOR,2005,9.005204,6.4425,1.3977809856422199
Norway,NOR,2006,8.782047,6.41333333333333,1.3693420478170486
Norway,NOR,2007,8.92124,5.86166666666666,1.5219630366789894
Norway,NOR,2008,8.859281,5.64,1.5707945035460993
Norway,NOR,2009,9.079448,6.28833333333333,1.4438560296846017
Norway,NOR,2010,9.15383,6.04416666666666,1.514490004136221
Norway,NOR,2011,9.082736,5.60460730676328,1.6205838344890886
Norway,NOR,2012,9.037085,5.8175,1.553431027073485
Norway,NOR,2013,9.029349,5.875,1.5369104680851065
Norway,NOR,2014,9.278458,6.30166666666667,1.4723815921713825
Norway,NOR,2015,9.932516,8.06416666666667,1.2316853570321373
Norway,NOR,2016,10.0419,8.4,1.1954642857142856
Norway,NOR,2017,9.74983,8.27166666666666,1.178701994761234
Norway,NOR,2018,9.583999,8.1325,1.1784812788195511
Norway,NOR,2019,9.481152,8.8,1.0774036363636363
Norway,NOR,2020,9.588324,9.41583333333334,1.0183192140897417
Norway,NOR,2021,8.984704,8.59,1.0459492433061701
Norway,NOR,2022,8.371497,9.61416666666667,0.8707459824911152
Norway,NOR,2023,8.918221,10.5633333333333,0.8442620069422557
Norway,NOR,2024,9.142143,10.7458333333333,0.8507616595579709
Norway,NOR,2025,9.451661,10.3958333333333,0.9091778116232494
Nepal,NPL,1990,6.85454384273099,29.3691666666667,0.23339252082050843
Nepal,NPL,1991,7.46206849172301,37.255,0.2002971008380891
Nepal,NPL,1992,8.64473644342613,42.7175,0.20236990562242943
Nepal,NPL,1993,9.35446768133163,48.607165,0.1924503863027525
Nepal,NPL,1994,9.59999853689751,49.3975183333333,0.19434171717123408
Nepal,NPL,1995,9.99531062685215,51.8903333333334,0.19262375060580592
Nepal,NPL,1996,10.583488574169,56.6919525,0.1866841431183553
Nepal,NPL,1997,11.1613980467457,58.0095491666667,0.1924062194429057
Nepal,NPL,1998,11.4907510122412,65.9757875,0.17416618198367395
Nepal,NPL,1999,12.3373538417782,68.2393708333334,0.1807952460744506
Nepal,NPL,2000,12.603636841415,71.0937958333333,0.17728181051075081
Nepal,NPL,2001,12.7467176998949,74.94925,0.170071317590168
Nepal,NPL,2002,13.0455556902547,77.8766191666667,0.1675156912286525
Nepal,NPL,2003,13.1857655266256,76.1414475,0.17317461066951217
Nepal,NPL,2004,13.3754629262205,73.6735966666667,0.18155029116790997
Nepal,NPL,2005,13.7624445273762,71.3675,0.19283910081446315
Nepal,NPL,2006,14.3333487752887,72.7556058333333,0.19700679571170326
Nepal,NPL,2007,15.0163236748654,66.4150275,0.22609828287529357
Nepal,NPL,2008,15.5604151914022,69.761695,0.22305099082529745
Nepal,NPL,2009,17.9252578879031,77.5734307390156,0.23107470840383473
Nepal,NPL,2010,20.392556568015,73.2623590158046,0.27834971248490364
Nepal,NPL,2011,25.2546119689941,74.02,0.34118632760056883
Nepal,NPL,2012,25.8979169211162,85.2257559923835,0.3038742997296575
Nepal,NPL,2013,26.5807557502062,93.0843938075485,0.2855554477280238
Nepal,NPL,2014,27.8081906621043,97.5548421567946,0.2850518748972983
Nepal,NPL,2015,29.4549209427301,102.405134331356,0.28763129051148695
Nepal,NPL,2016,31.3487650786609,107.383815174654,0.2919319361830628
Nepal,NPL,2017,30.4751052856445,104.511885242862,0.2915946374407776
Nepal,NPL,2018,31.1103649139404,108.930134109273,0.2855992528452422
Nepal,NPL,2019,31.8753757476807,112.609482758621,0.2830612037887229
Nepal,NPL,2020,31.6953372955322,118.345187275986,0.267821092053514
Nepal,NPL,2021,32.4816780090332,118.134081604947,0.2749560293502379
Nepal,NPL,2022,32.8239509677297,125.199457792609,0.2621732677317347
Nepal,NPL,2023,33.4724567538748,132.115460088756,0.2533576065313461
Nepal,NPL,2024,33.8112518665645,133.726644315443,0.25283855763858354
Nepal,NPL,2025,33.8982001034302,139.115437592696,0.243669578948368
Naoero,NRU,1990,0.46285882328909,1.28105666666667,0.3613101866082599
Naoero,NRU,1991,0.512263205850883,1.28375583333333,0.39903476389335535
Naoero,NRU,1992,0.594127108614367,1.36164833333333,0.4363293326698659
Naoero,NRU,1993,0.644855676076862,1.47056,0.4385102791296254
Naoero,NRU,1994,0.608847918127504,1.36775083333333,0.4451453461327366
Naoero,NRU,1995,0.606888331636805,1.3490325,0.4498693186686051
Naoero,NRU,1996,0.620140150378749,1.27786333333333,0.48529458057232305
Naoero,NRU,1997,0.646950082722679,1.34738,0.48015413819611313
Naoero,NRU,1998,0.664925809062975,1.59182833333333,0.4177120077204576
Naoero,NRU,1999,0.699760983940856,1.54995,0.4514732629703255
Naoero,NRU,2000,0.722351788141579,1.72482666666667,0.4187967417836638
Naoero,NRU,2001,0.744516005414791,1.9334425,0.38507274222780924
Naoero,NRU,2002,0.776268621182419,1.8405625,0.4217561865910117
Naoero,NRU,2003,0.80397178286405,1.54191416666667,0.5214115028219026
Naoero,NRU,2004,0.826990841756106,1.3597525,0.6081921833246169
Naoero,NRU,2005,0.745906254628694,1.30947333333333,0.5696230962794425
Naoero,NRU,2006,0.650527879376357,1.3279734405,0.4898651279738128
Naoero,NRU,2007,0.604406582485251,1.1950725,0.5057488834236007
Naoero,NRU,2008,0.715667387272181,1.19217833333333,0.6003022930899737
Naoero,NRU,2009,1.07588623952619,1.28218881008452,0.8391012548731174
Naoero,NRU,2010,0.956671316502283,1.09015948638677,0.8775517054601608
Naoero,NRU,2011,0.998753796315207,0.969463201496735,1.0302132095093974
Naoero,NRU,2012,1.17071329256384,0.965801030658708,1.2121681955188792
Naoero,NRU,2013,1.0378478236208,1.03584309652054,1.0019353578809318
Naoero,NRU,2014,1.03372847376045,1.10936329281692,0.9318214154495627
Naoero,NRU,2015,0.935344367200649,1.33109026245502,0.7026904137030722
Naoero,NRU,2016,1.16891592774687,1.34521397601947,0.8689442338428036
Naoero,NRU,2017,1.32686419959344,1.30475807671592,1.016942698628976
Naoero,NRU,2018,1.52477009597531,1.33841214646451,1.1392380889571834
Naoero,NRU,2019,1.4309632431572,1.43850654421382,0.9947561579841524
Naoero,NRU,2020,1.47746155811285,1.45308511847016,1.016775644683743
Naoero,NRU,2021,1.41003609186483,1.33122425957081,1.0592025210834344
Naoero,NRU,2022,1.63892625627759,1.44166445896522,1.1368292018892925
Naoero,NRU,2023,1.53436035491782,1.50519106560508,1.0193791273276087
Naoero,NRU,2024,1.57419303217835,1.51535803855596,1.0388258036222622
Naoero,NRU,2025,1.59287093272538,1.5519978866485,1.0263357614262894
New Zealand,NZL,1990,1.543486,1.67620333333333,0.9208226527807901
New Zealand,NZL,1991,1.498887,1.73351416666667,0.8646522934866875
New Zealand,NZL,1992,1.490943,1.86179166666667,0.8008108676677916
New Zealand,NZL,1993,1.48904,1.85051333333333,0.8046632105686005
New Zealand,NZL,1994,1.462929,1.68652166666667,0.8674237805028675
New Zealand,NZL,1995,1.466538,1.52387666666667,0.9623731579327264
New Zealand,NZL,1996,1.472926,1.4548475,1.0124263883327977
New Zealand,NZL,1997,1.451281,1.51242083333333,0.9595748537802276
New Zealand,NZL,1998,1.449162,1.86824916666667,0.7756791898296921
New Zealand,NZL,1999,1.43466,1.88961389919167,0.7592344661593101
New Zealand,NZL,2000,1.444868,2.20114916666667,0.6564153042785597
New Zealand,NZL,2001,1.473448,2.37875083333333,0.6194209075421597
New Zealand,NZL,2002,1.468962,2.16219083333333,0.6793859160596766
New Zealand,NZL,2003,1.495284,1.72209914639778,0.8682914703998181
New Zealand,NZL,2004,1.505044,1.50868127077323,0.9975891059008337
New Zealand,NZL,2005,1.535,1.42027345661433,1.0807777846240658
New Zealand,NZL,2006,1.48217,1.54205575669681,0.9611649861318312
New Zealand,NZL,2007,1.506774,1.36067522852426,1.107372257841567
New Zealand,NZL,2008,1.490709,1.4227268095265,1.047783024835334
New Zealand,NZL,2009,1.472321,1.60087729521946,0.9196963467447786
New Zealand,NZL,2010,1.496739,1.38783382768108,1.0784713343533994
New Zealand,NZL,2011,1.485915,1.26581069673447,1.173884060099471
New Zealand,NZL,2012,1.495622,1.23428365501329,1.2117328086823738
New Zealand,NZL,2013,1.445979,1.21940797394829,1.1858041204356746
New Zealand,NZL,2014,1.44073,1.20543333333333,1.1951967480574102
New Zealand,NZL,2015,1.478014,1.433975,1.0307111351313656
New Zealand,NZL,2016,1.441008,1.436525,1.0031207253615495
New Zealand,NZL,2017,1.430959,1.40740833333333,1.0167333574122672
New Zealand,NZL,2018,1.47006,1.44525833333333,1.0171607152123923
New Zealand,NZL,2019,1.436661,1.517875,0.9464949353537017
New Zealand,NZL,2020,1.422947,1.54205833333333,0.9227582181824097
New Zealand,NZL,2021,1.463664,1.4138,1.0352694864903098
New Zealand,NZL,2022,1.43316,1.57718333333333,0.908683201065192
New Zealand,NZL,2023,1.461074,1.62843333333333,0.897226782387982
New Zealand,NZL,2024,1.463912,1.65230833333333,0.8859799169848261
New Zealand,NZL,2025,1.472957,1.72010833333333,0.8563164141793411
Oman,OMN,1990,0.10783982252085,0.3845,0.2804676788578674
Oman,OMN,1991,0.0954432799804072,0.3845,0.2482269960478731
Oman,OMN,1992,0.0945050407818661,0.3845,0.2457868420854775
Oman,OMN,1993,0.0873434028595813,0.3845,0.22716099573363147
Oman,OMN,1994,0.0851312479081453,0.3845,0.22140766686123614
Oman,OMN,1995,0.0848494302148906,0.3845,0.22067472097500804
Oman,OMN,1996,0.089500587832005,0.3845,0.23277135977114433
Oman,OMN,1997,0.0860176841034772,0.3845,0.22371309259681976
Oman,OMN,1998,0.075703482473835,0.3845,0.19688812086823146
Oman,OMN,1999,0.0827223947898546,0.3845,0.2151427692844073
Oman,OMN,2000,0.095082260276509,0.3845,0.24728806313786475
Oman,OMN,2001,0.0886729208183253,0.3845,0.23061877976157424
Oman,OMN,2002,0.0914137956330084,0.3845,0.23774719280366294
Oman,OMN,2003,0.0982841585340039,0.3845,0.2556154968374614
Oman,OMN,2004,0.107670879540499,0.3845,0.28002829529388557
Oman,OMN,2005,0.127086845018234,0.3845,0.3305249545337685
Oman,OMN,2006,0.141239907749769,0.3845,0.36733396033750065
Oman,OMN,2007,0.148596190595468,0.3845,0.38646603535882446
Oman,OMN,2008,0.193386481669489,0.3845,0.5029557390623901
Oman,OMN,2009,0.144069749645044,0.3845,0.37469375720427567
Oman,OMN,2010,0.162801261455317,0.3845,0.4234103028746866
Oman,OMN,2011,0.184847801923752,0.3845,0.48074850955462156
Oman,OMN,2012,0.189539291858895,0.3845,0.4929500438462809
Oman,OMN,2013,0.19185159907722,0.3845,0.49896384675479843
Oman,OMN,2014,0.201313489093613,0.3845,0.5235721432863797
Oman,OMN,2015,0.200559125055299,0.3845,0.5216102082062393
Oman,OMN,2016,0.197362899134665,0.3845,0.5132975270082315
Oman,OMN,2017,0.203804805874825,0.3845,0.5300515107277634
Oman,OMN,2018,0.202545270323753,0.3845,0.5267757355624265
Oman,OMN,2019,0.197977468371391,0.3845,0.514895886531576
Oman,OMN,2020,0.183537229895592,0.3845,0.47733999972845775
Oman,OMN,2021,0.192684262990952,0.3845,0.5011294226032562
Oman,OMN,2022,0.209564783833864,0.3845,0.5450319475523121
Oman,OMN,2023,0.192597497388479,0.3845,0.5009037643393472
Oman,OMN,2024,0.186591473077914,0.3845,0.4852834150270845
Oman,OMN,2025,0.181339214175172,0.3845,0.4716234438886137
Pakistan,PAK,1990,6.29803040048103,21.707375,0.29013321050937896
Pakistan,PAK,1991,6.91396947549225,23.8007666666667,0.29049356150259475
Pakistan,PAK,1992,7.44952780527766,25.0827916666667,0.29699755530711397
Pakistan,PAK,1993,7.9202232592016,28.1071833333333,0.2817864445993323
Pakistan,PAK,1994,8.76495374351323,30.5665916666667,0.28674946291350945
Pakistan,PAK,1995,9.70155471052732,31.6426833333333,0.306597092551485
Pakistan,PAK,1996,10.3249004476829,36.0786833333333,0.2861773073116464
Pakistan,PAK,1997,11.5082806986944,41.111525,0.2799283339329884
Pakistan,PAK,1998,12.2368721515419,45.0466666666667,0.2716487824080633
Pakistan,PAK,1999,12.7734754064475,49.5006915833333,0.25804640294658593
Pakistan,PAK,2000,12.9553194834026,53.6481865,0.24148662477906127
Pakistan,PAK,2001,13.4318522883704,61.9271616666666,0.21689759270204587
Pakistan,PAK,2002,13.7449699673721,59.7237816666667,0.2301423249466385
Pakistan,PAK,2003,13.9577125812755,57.7519966666667,0.24168363670327633
Pakistan,PAK,2004,14.5778237423032,58.2578633333333,0.25022928937323785
Pakistan,PAK,2005,14.9199706497059,59.514475,0.25069482087686906
Pakistan,PAK,2006,15.3417034193448,60.271335,0.25454394563095045
Pakistan,PAK,2007,16.4802130283552,60.7385158333334,0.2713305190659735
Pakistan,PAK,2008,17.9343857486721,70.4080333333333,0.2547207314222966
Pakistan,PAK,2009,20.0301568180793,81.7128916666666,0.24512847862230613
Pakistan,PAK,2010,21.8851120177154,85.1938163257576,0.25688615631482903
Pakistan,PAK,2011,24.9616813659668,86.3433833333333,0.28909779073169833
Pakistan,PAK,2012,26.5898250535484,93.3951972222222,0.28470227425379524
Pakistan,PAK,2013,28.4243930116936,101.628899206349,0.2796880929899697
Pakistan,PAK,2014,30.2479895467861,101.100088423521,0.2991885567901134
Pakistan,PAK,2015,31.2534611756898,102.769271604675,0.3041128995826032
Pakistan,PAK,2016,32.1021392014357,104.769117033301,0.30640841605290986
Pakistan,PAK,2017,33.2462348937988,105.455162087938,0.3152641770734286
Pakistan,PAK,2018,34.6823616027832,121.824068875756,0.2846921952521098
Pakistan,PAK,2019,37.6706199645996,150.036253839864,0.25107678311407344
Pakistan,PAK,2020,40.0747337341309,161.838479684718,0.2476217881693006
Pakistan,PAK,2021,43.4407234191895,162.906253747418,0.2666608704079786
Pakistan,PAK,2022,46.2084822667212,204.867187469982,0.22555335892182274
Pakistan,PAK,2023,56.15218757235,280.356111655149,0.2002887942796831
Pakistan,PAK,2024,66.8726408434692,278.580716167563,0.24004763058777584
Pakistan,PAK,2025,67.8368115155746,281.143001173202,0.24128934824090748
Panama,PAN,1990,0.510099286176858,1.0,0.510099286176858
Panama,PAN,1991,0.495844509710953,1.0,0.495844509710953
Panama,PAN,1992,0.509332551420358,1.0,0.509332551420358
Panama,PAN,1993,0.515225304310711,1.0,0.515225304310711
Panama,PAN,1994,0.52301683620744,1.0,0.52301683620744
Panama,PAN,1995,0.514666832162111,1.0,0.514666832162111
Panama,PAN,1996,0.515252366396672,1.0,0.515252366396672
Panama,PAN,1997,0.514305380488923,1.0,0.514305380488923
Panama,PAN,1998,0.514048337382255,1.0,0.514048337382255
Panama,PAN,1999,0.509798046478631,1.0,0.509798046478631
Panama,PAN,2000,0.490916127226173,1.0,0.490916127226173
Panama,PAN,2001,0.486970836435404,1.0,0.486970836435404
Panama,PAN,2002,0.488702259944675,1.0,0.488702259944675
Panama,PAN,2003,0.484589738624529,1.0,0.484589738624529
Panama,PAN,2004,0.484232497962239,1.0,0.484232497962239
Panama,PAN,2005,0.477378991056594,1.0,0.477378991056594
Panama,PAN,2006,0.473168814869303,1.0,0.473168814869303
Panama,PAN,2007,0.473852902495144,1.0,0.473852902495144
Panama,PAN,2008,0.499653512861707,1.0,0.499653512861707
Panama,PAN,2009,0.528041751709992,1.0,0.528041751709992
Panama,PAN,2010,0.535008643326962,1.0,0.535008643326962
Panama,PAN,2011,0.552960157394409,1.0,0.552960157394409
Panama,PAN,2012,0.568205385260773,1.0,0.568205385260773
Panama,PAN,2013,0.559820488634631,1.0,0.559820488634631
Panama,PAN,2014,0.542055920926051,1.0,0.542055920926051
Panama,PAN,2015,0.516884225192376,1.0,0.516884225192376
Panama,PAN,2016,0.489893443799203,1.0,0.489893443799203
Panama,PAN,2017,0.46803081035614,1.0,0.46803081035614
Panama,PAN,2018,0.497522056102753,1.0,0.497522056102753
Panama,PAN,2019,0.495729207992554,1.0,0.495729207992554
Panama,PAN,2020,0.491933196783066,1.0,0.491933196783066
Panama,PAN,2021,0.501403868198395,1.0,0.501403868198395
Panama,PAN,2022,0.478388581330201,1.0,0.478388581330201
Panama,PAN,2023,0.471743398563755,1.0,0.471743398563755
Panama,PAN,2024,0.462501709276174,1.0,0.462501709276174
Panama,PAN,2025,0.45076892365416,1.0,0.45076892365416
Peru,PER,1990,0.0737618958590963,0.187885579166667,0.39258944824958913
Peru,PER,1991,0.341077206259703,0.7725,0.44152389159832106
Peru,PER,1992,0.564446472847716,1.24583333333333,0.4530674029546896
Peru,PER,1993,0.807131539880948,1.98831891666667,0.4059366599167446
Peru,PER,1994,1.0011639161999,2.195,0.4561111235534852
Peru,PER,1995,1.11375790704193,2.25333333333333,0.4942712605215673
Peru,PER,1996,1.19969235671521,2.45333333333333,0.48900503670456996
Peru,PER,1997,1.26524896423242,2.66416666666667,0.47491359308067005
Peru,PER,1998,1.31838970081498,2.93,0.44996235522695566
Peru,PER,1999,1.3381424170782,3.38333333333333,0.39551007401326144
Peru,PER,2000,1.35462332872182,3.49,0.38814422026413176
Peru,PER,2001,1.33082419413875,3.50683333333333,0.3794945660773018
Peru,PER,2002,1.31188834434943,3.5165,0.3730664991751543
Peru,PER,2003,1.30969372222573,3.478467,0.37651463194152196
Peru,PER,2004,1.35547985553516,3.413175,0.39713166056096155
Peru,PER,2005,1.36031989473074,3.29584166666667,0.4127382417937973
Peru,PER,2006,1.42065856967078,3.27403250265816,0.4339170635958437
Peru,PER,2007,1.40380332473503,3.12804457735247,0.4487798335416268
Peru,PER,2008,1.39246244500993,2.92440833333333,0.4761518523723939
Peru,PER,2009,1.41248672354535,3.01150833333333,0.4690296579660862
Peru,PER,2010,1.47522183234021,2.825125,0.5221793132481607
Peru,PER,2011,1.54290533065796,2.7541,0.5602212449286373
Peru,PER,2012,1.5985105706211,2.63758641774892,0.6060505012705396
Peru,PER,2013,1.61455068299601,2.70189902597403,0.5975614438122709
Peru,PER,2014,1.64340328251833,2.83904413780664,0.5788579545607114
Peru,PER,2015,1.71067607184917,3.18443924152237,0.5371985276225133
Peru,PER,2016,1.73893024874345,3.37506158720665,0.5152291902864699
Peru,PER,2017,1.74423778057098,3.2604884908321,0.5349621032171894
Peru,PER,2018,1.75371789932251,3.28660269803296,0.533595953162247
Peru,PER,2019,1.73128080368042,3.3372655465368,0.5187722641601091
Peru,PER,2020,1.70620810985565,3.4949411976912,0.48819365286683264
Peru,PER,2021,1.73354005813599,3.88055413137587,0.4467248747078693
Peru,PER,2022,1.69146364933462,3.83518137473542,0.4410387629845303
Peru,PER,2023,1.73971850059984,3.74382620959376,0.4646899730926921
Peru,PER,2024,1.78990272678921,3.7525,0.47698940087653835
Peru,PER,2025,1.83592285276037,3.5670638032991,0.5146874163176909
Philippines,PHL,1990,7.48709549678564,24.3105,0.30797784894533803
Philippines,PHL,1991,8.42954253753028,27.4786333333333,0.3067671683403817
Philippines,PHL,1992,8.89132720283952,25.5124916666667,0.34850877440781164
Philippines,PHL,1993,9.27690030312943,27.1198416666667,0.3420705923416866
Philippines,PHL,1994,9.99672788201786,26.4171666666667,0.3784178677508128
Philippines,PHL,1995,10.539723043203,25.7144666666667,0.40987523403958037
Philippines,PHL,1996,11.1460605831066,26.2161,0.42516089666680396
Philippines,PHL,1997,11.6430058624665,29.4706583333333,0.39507111550668944
Philippines,PHL,1998,12.7176415981058,40.89305,0.310997629135166
Philippines,PHL,1999,13.3345612497349,39.0889833333333,0.3411334885848462
Philippines,PHL,2000,13.7976794469821,44.19225,0.3122194377290611
Philippines,PHL,2001,14.2520402975863,50.99265,0.2794920502775655
Philippines,PHL,2002,14.6277428659908,51.6035666666667,0.283463795448069
Philippines,PHL,2003,14.8024330167932,54.2033333333333,0.27309082498234816
Philippines,PHL,2004,15.2639476782943,56.0399166666666,0.2723763450450227
Philippines,PHL,2005,15.6747099538582,55.0854916666666,0.2845524198768893
Philippines,PHL,2006,15.9830453143522,51.3142725,0.3114736804336883
Philippines,PHL,2007,16.0538547582216,46.148391177755,0.3478746354642168
Philippines,PHL,2008,16.8811450381626,44.32328760941,0.38086400961328215
Philippines,PHL,2009,17.2370794559191,47.6796884535091,0.36151829038745525
Philippines,PHL,2010,17.7744813624854,45.1096641800896,0.3940282350922634
Philippines,PHL,2011,18.0976543426514,43.3131369237488,0.41783291693953406
Philippines,PHL,2012,18.11736783697,42.2287947349434,0.4290287693666586
Philippines,PHL,2013,18.5246800349834,42.4461848306739,0.4364274459266942
Philippines,PHL,2014,19.0280566369191,44.3951543042097,0.4286066111299628
Philippines,PHL,2015,19.2053500054402,45.5028399421431,0.4220692605090104
Philippines,PHL,2016,19.2036678961722,47.4924638585099,0.40435189787971393
Philippines,PHL,2017,19.6985569000244,50.4037197937177,0.3908155386277586
Philippines,PHL,2018,19.9645137786865,52.6614299539683,0.37911074188713845
Philippines,PHL,2019,19.7382965087891,51.7957826517332,0.3810792210923106
Philippines,PHL,2020,19.4414348602295,49.6240960026328,0.39177408610522674
Philippines,PHL,2021,19.37526512146,49.2545977288412,0.3933696754184381
Philippines,PHL,2022,19.0815308222484,54.477785837205,0.3502625983968842
Philippines,PHL,2023,19.2473611347953,55.630363223193,0.34598661629393845
Philippines,PHL,2024,19.3265525181874,57.2906550699734,0.337342145845294
Philippines,PHL,2025,19.069580238078,57.5050971489715,0.3316154772971993
Palau,PLW,2005,0.724670769188777,1.0,0.724670769188777
Palau,PLW,2006,0.720731601272038,1.0,0.720731601272038
Palau,PLW,2007,0.716056982155764,1.0,0.716056982155764
Palau,PLW,2008,0.755341141672787,1.0,0.755341141672787
Palau,PLW,2009,0.739994933700072,1.0,0.739994933700072
Palau,PLW,2010,0.754920947923393,1.0,0.754920947923393
Palau,PLW,2011,0.749237503264511,1.0,0.749237503264511
Palau,PLW,2012,0.793670450339919,1.0,0.793670450339919
Palau,PLW,2013,0.833137165721088,1.0,0.833137165721088
Palau,PLW,2014,0.852369181705679,1.0,0.852369181705679
Palau,PLW,2015,0.897631318886279,1.0,0.897631318886279
Palau,PLW,2016,0.936679464987117,1.0,0.936679464987117
Palau,PLW,2017,0.91088887698573,1.0,0.91088887698573
Palau,PLW,2018,0.888810403042727,1.0,0.888810403042727
Palau,PLW,2019,0.852780840504679,1.0,0.852780840504679
Palau,PLW,2020,0.822319146418128,1.0,0.822319146418128
Palau,PLW,2021,0.813348027157891,1.0,0.813348027157891
Palau,PLW,2022,0.800168476797832,1.0,0.800168476797832
Palau,PLW,2023,0.85065986296197,1.0,0.85065986296197
Palau,PLW,2024,0.862764636970531,1.0,0.862764636970531
Palau,PLW,2025,0.847328995677767,1.0,0.847328995677767
Papua New Guinea,PNG,1990,0.727106172325328,0.955,0.7613677197123854
Papua New Guinea,PNG,1991,0.752517472897364,0.951709166666667,0.7907010873217014
Papua New Guinea,PNG,1992,0.756910838963329,0.964663333333334,0.7846373058960071
Papua New Guinea,PNG,1993,0.720931423021112,0.978176666666667,0.7370155592423098
Papua New Guinea,PNG,1994,0.75705655737324,1.01134,0.7485677985378212
Papua New Guinea,PNG,1995,0.859048525094081,1.27984166666667,0.6712146880883016
Papua New Guinea,PNG,1996,0.858889198393654,1.319075,0.6511299193705089
Papua New Guinea,PNG,1997,0.915475410785885,1.43797166666667,0.6366435667734873
Papua New Guinea,PNG,1998,1.03696670581343,2.07359166666667,0.5000824041120737
Papua New Guinea,PNG,1999,1.13567651640116,2.5707725,0.441764689952596
Papua New Guinea,PNG,2000,1.25602615726049,2.78215666666667,0.4514577386345923
Papua New Guinea,PNG,2001,1.31329538577985,3.38871506458333,0.38754966432721605
Papua New Guinea,PNG,2002,1.45213889452297,3.89522080166667,0.37280014881355
Papua New Guinea,PNG,2003,1.5029056802084,3.563452875,0.42175545262638
Papua New Guinea,PNG,2004,1.43439020066871,3.2225401036692,0.4451116679775393
Papua New Guinea,PNG,2005,1.56021327666545,3.10194980033333,0.5029782482288373
Papua New Guinea,PNG,2006,1.65626594576952,3.05673478733333,0.541841560030935
Papua New Guinea,PNG,2007,1.67461741857201,2.96534583333333,0.5647292129463298
Papua New Guinea,PNG,2008,1.77049848955094,2.70008833333333,0.6557187287888515
Papua New Guinea,PNG,2009,1.6737867861077,2.75514333333333,0.6075135060514826
Papua New Guinea,PNG,2010,1.81768878883212,2.71929416666667,0.6684413959745502
Papua New Guinea,PNG,2011,1.85903340416986,2.37096994940423,0.7840813860323249
Papua New Guinea,PNG,2012,1.81455909391943,2.08364833902548,0.8708566891705428
Papua New Guinea,PNG,2013,1.84819213711619,2.24451,0.8234278916628529
Papua New Guinea,PNG,2014,1.91532790412937,2.461385,0.778150473871162
Papua New Guinea,PNG,2015,1.87435315015897,2.76841166666667,0.6770500112852802
Papua New Guinea,PNG,2016,1.90345749044487,3.13302930185604,0.6075453840528212
Papua New Guinea,PNG,2017,2.01394900194188,3.18878838289617,0.6315718574315492
Papua New Guinea,PNG,2018,2.16174458676305,3.2934630812508,0.6563743188953729
Papua New Guinea,PNG,2019,2.14923557031554,3.38753768145423,0.6344536275070743
Papua New Guinea,PNG,2020,2.1553805814599,3.45997438644787,0.6229469761111984
Papua New Guinea,PNG,2021,2.30067387267731,3.50877192982456,0.6556920537130336
Papua New Guinea,PNG,2022,2.47034741836789,3.51922970506745,0.7019568557320253
Papua New Guinea,PNG,2023,2.27877414820342,3.58962274932016,0.6348227396973674
Papua New Guinea,PNG,2024,2.29633236134239,3.8527502682192,0.5960241908966992
Papua New Guinea,PNG,2025,2.38719956855142,4.12272372720281,0.5790345719263342
Poland,POL,1990,0.265905,0.95,0.27990000000000004
Poland,POL,1991,0.399329,1.05760583333333,0.3775782880673104
Poland,POL,1992,0.541238,1.36264333333333,0.3971971144319995
Poland,POL,1993,0.690716,1.81149666666667,0.38129576096376955
Poland,POL,1994,0.928081,2.27227666666667,0.40843661936706593
Poland,POL,1995,1.163351,2.42498333333333,0.47973566828638065
Poland,POL,1996,1.350763,2.6961,0.5010062683134898
Poland,POL,1997,1.512912,3.27929166666667,0.46135329021765326
Poland,POL,1998,1.654902,3.4754,0.4761759797433389
Poland,POL,1999,1.737656,3.96710833333333,0.43801576715197715
Poland,POL,2000,1.832541,4.346075,0.4216542512496908
Poland,POL,2001,1.837258,4.0939,0.44877940350277246
Poland,POL,2002,1.799795,4.08003333333333,0.44112262154720994
Poland,POL,2003,1.804595,3.889075,0.4640165077814133
Poland,POL,2004,1.830239,3.65764166666667,0.5003877270645698
Poland,POL,2005,1.867595,3.23548333333333,0.5772228775711001
Poland,POL,2006,1.850859,3.10315833333333,0.5964436232977699
Poland,POL,2007,1.853583,2.76795,0.6696591340161492
Poland,POL,2008,1.842243,2.40924166666667,0.7646567903455088
Poland,POL,2009,1.868238,3.12014166666667,0.5987670431631036
Poland,POL,2010,1.805328,3.0153,0.5987225151726197
Poland,POL,2011,1.801424,2.96284777777778,0.6080042361646805
Poland,POL,2012,1.796168,3.25654166666667,0.5515568918970783
Poland,POL,2013,1.762045,3.16061666666667,0.5575003823093589
Poland,POL,2014,1.767142,3.15454166666667,0.560189779286478
Poland,POL,2015,1.765116,3.7695,0.4682626343016315
Poland,POL,2016,1.732843,3.94278333333334,0.43949739397295406
Poland,POL,2017,1.742879,3.77933333333333,0.4611604339389667
Poland,POL,2018,1.748426,3.61171666666667,0.48409832812651377
Poland,POL,2019,1.698557,3.839375,0.4424045580335341
Poland,POL,2020,1.698184,3.89974166666667,0.43546063948680325
Poland,POL,2021,1.752789,3.86191666666667,0.45386504973782404
Poland,POL,2022,1.800275,4.45775833333333,0.40385208559608654
Poland,POL,2023,1.920474,4.20366666666667,0.45685687098564703
Poland,POL,2024,1.949414,3.98078333333333,0.4897061298655629
Poland,POL,2025,1.969559,3.76054166666667,0.5237434323512787
Puerto Rico (US),PRI,1990,0.645231035638531,1.0,0.645231035638531
Puerto Rico (US),PRI,1991,0.643617587876955,1.0,0.643617587876955
Puerto Rico (US),PRI,1992,0.645489851234783,1.0,0.645489851234783
Puerto Rico (US),PRI,1993,0.642438434326747,1.0,0.642438434326747
Puerto Rico (US),PRI,1994,0.648999402490333,1.0,0.648999402490333
Puerto Rico (US),PRI,1995,0.653306037987809,1.0,0.653306037987809
Puerto Rico (US),PRI,1996,0.666655554718275,1.0,0.666655554718275
Puerto Rico (US),PRI,1997,0.664085269992219,1.0,0.664085269992219
Puerto Rico (US),PRI,1998,0.698472151479652,1.0,0.698472151479652
Puerto Rico (US),PRI,1999,0.698869406346687,1.0,0.698869406346687
Puerto Rico (US),PRI,2000,0.70590747385392,1.0,0.70590747385392
Puerto Rico (US),PRI,2001,0.728366497019057,1.0,0.728366497019057
Puerto Rico (US),PRI,2002,0.735508464976453,1.0,0.735508464976453
Puerto Rico (US),PRI,2003,0.753130191858634,1.0,0.753130191858634
Puerto Rico (US),PRI,2004,0.723931263159777,1.0,0.723931263159777
Puerto Rico (US),PRI,2005,0.748180364983985,1.0,0.748180364983985
Puerto Rico (US),PRI,2006,0.765665034380632,1.0,0.765665034380632
Puerto Rico (US),PRI,2007,0.773665590712337,1.0,0.773665590712337
Puerto Rico (US),PRI,2008,0.808848268618122,1.0,0.808848268618122
Puerto Rico (US),PRI,2009,0.843944297871148,1.0,0.843944297871148
Puerto Rico (US),PRI,2010,0.854607173583407,1.0,0.854607173583407
Puerto Rico (US),PRI,2011,0.857175412464289,1.0,0.857175412464289
Puerto Rico (US),PRI,2012,0.86484054405039,1.0,0.86484054405039
Puerto Rico (US),PRI,2013,0.873995487782206,1.0,0.873995487782206
Puerto Rico (US),PRI,2014,0.882221594454939,1.0,0.882221594454939
Puerto Rico (US),PRI,2015,0.90466688850717,1.0,0.90466688850717
Puerto Rico (US),PRI,2016,0.929672822662417,1.0,0.929672822662417
Puerto Rico (US),PRI,2017,0.951732039451599,1.0,0.951732039451599
Puerto Rico (US),PRI,2018,0.910205298541424,1.0,0.910205298541424
Puerto Rico (US),PRI,2019,0.8788661493183,1.0,0.8788661493183
Puerto Rico (US),PRI,2020,0.852639704445258,1.0,0.852639704445258
Puerto Rico (US),PRI,2021,0.804228127002716,1.0,0.804228127002716
Puerto Rico (US),PRI,2022,0.780084451123549,1.0,0.780084451123549
Puerto Rico (US),PRI,2023,0.777191744434403,1.0,0.777191744434403
Puerto Rico (US),PRI,2024,0.781857550769963,1.0,0.781857550769963
Puerto Rico (US),PRI,2025,0.778230137047568,1.0,0.778230137047568
Portugal,PRT,1990,0.475965,142.55475,0.003338822452426173
Portugal,PRT,1991,0.506832,144.482,0.0035079248626126436
Portugal,PRT,1992,0.552259,134.997833333333,0.0040908730633948545
Portugal,PRT,1993,0.579266,160.800185833333,0.0036023963342952884
Portugal,PRT,1994,0.608431,165.992776666667,0.0036654064846556606
Portugal,PRT,1995,0.616369,151.105528333333,0.004079063200390085
Portugal,PRT,1996,0.628281,154.243661666667,0.004073301899158527
Portugal,PRT,1997,0.641109,175.312445,0.0036569508798990286
Portugal,PRT,1998,0.656744,180.10448,0.003646461209626768
Portugal,PRT,1999,0.660642,0.938283072395283,0.7040966840779608
Portugal,PRT,2000,0.66089,1.08270508132602,0.6104062975215643
Portugal,PRT,2001,0.670927,1.11653308564462,0.6009020320366472
Portugal,PRT,2002,0.672081,1.05755899623965,0.6355021350011777
Portugal,PRT,2003,0.669845,0.88404792718493,0.7577021328843387
Portugal,PRT,2004,0.676218,0.803921647747618,0.8411491367281739
Portugal,PRT,2005,0.664259,0.803800192161442,0.8263981602365488
Portugal,PRT,2006,0.640297,0.796432730949102,0.8039561599094045
Portugal,PRT,2007,0.646693,0.729672399984083,0.8862785546145187
Portugal,PRT,2008,0.636148,0.679922680042729,0.9356181499343749
Portugal,PRT,2009,0.627021,0.716957702016136,0.8745578689464838
Portugal,PRT,2010,0.623299,0.754308990105961,0.826317872616688
Portugal,PRT,2011,0.623083,0.718413898653317,0.8673036548540934
Portugal,PRT,2012,0.605398,0.778338120416812,0.7778084923757814
Portugal,PRT,2013,0.583607,0.752945122701996,0.7750989845125573
Portugal,PRT,2014,0.578868,0.752728196932603,0.7690265920141027
Portugal,PRT,2015,0.584947,0.901296423367096,0.6490062368324215
Portugal,PRT,2016,0.571416,0.903421436257263,0.6325021491268673
Portugal,PRT,2017,0.575688,0.885205508269372,0.650343897120007
Portugal,PRT,2018,0.571227,0.846772667108111,0.6745931017717522
Portugal,PRT,2019,0.550687,0.893276257067409,0.6164800593803802
Portugal,PRT,2020,0.542815,0.875506396987998,0.6200011808793686
Portugal,PRT,2021,0.540472,0.84549413889045,0.6392380208682067
Portugal,PRT,2022,0.51669,0.949623753156941,0.544099700836578
Portugal,PRT,2023,0.513201,0.924839558470698,0.5549081408764804
Portugal,PRT,2024,0.515993,0.923889546117607,0.5585007452117187
Portugal,PRT,2025,0.534218,0.88496895841236,0.6036573316180384
Paraguay,PRY,1990,314.204942683996,1229.80833333333,0.25549098519470936
Paraguay,PRY,1991,380.27261001719,1325.18333333333,0.2869584912909089
Paraguay,PRY,1992,424.160108761693,1500.25833333333,0.2827247143625446
Paraguay,PRY,1993,464.97129231352,1744.34583333333,0.26655912114915337
Paraguay,PRY,1994,512.491152353517,1904.76083333333,0.26905800633072546
Paraguay,PRY,1995,557.566430558339,1963.01916666667,0.2840351434291505
Paraguay,PRY,1996,610.079473057338,2056.81166666667,0.2966141640211769
Paraguay,PRY,1997,620.194290448157,2177.8625,0.2847720140496275
Paraguay,PRY,1998,713.015714124911,2726.49,0.2615141497401095
Paraguay,PRY,1999,778.155046968934,3119.07333333333,0.24948276741455308
Paraguay,PRY,2000,872.503723930106,3486.35333333333,0.25026256391973284
Paraguay,PRY,2001,972.201432128871,4105.925,0.23678012436390605
Paraguay,PRY,2002,1129.15853915964,5716.25833333333,0.19753455377885137
Paraguay,PRY,2003,1274.98966567382,6424.33916666667,0.19846238384941317
Paraguay,PRY,2004,1388.54555288991,5974.5775,0.23240899509461713
Paraguay,PRY,2005,1520.71993368558,6177.9349469697,0.24615343909237805
Paraguay,PRY,2006,1605.86993903207,5635.09393939394,0.2849766048806603
Paraguay,PRY,2007,1761.06784583233,5032.71157647908,0.34992425436475844
Paraguay,PRY,2008,1938.99526646412,4363.29160824492,0.4443881914287312
Paraguay,PRY,2009,1997.40949693358,4966.68229650212,0.4021617203782681
Paraguay,PRY,2010,2065.30355945751,4758.43012878788,0.43403044776526056
Paraguay,PRY,2011,2126.669921875,4193.8023075919,0.5070982764316669
Paraguay,PRY,2012,2279.11222687417,4421.65928640414,0.5154427510690517
Paraguay,PRY,2013,2291.04989447452,4303.88256599819,0.5323216559332774
Paraguay,PRY,2014,2354.52258242817,4462.18528829093,0.5276613207001049
Paraguay,PRY,2015,2413.54097564554,5204.92080811087,0.4637036882260533
Paraguay,PRY,2016,2456.88392018762,5670.54089799784,0.4332715281279602
Paraguay,PRY,2017,2473.22973632813,5618.9334516428,0.440159997909396
Paraguay,PRY,2018,2537.22705078125,5732.10455572912,0.44263446804112183
Paraguay,PRY,2019,2567.44946289063,6240.72207844257,0.41140262787208765
Paraguay,PRY,2020,2538.99243164063,6771.09742519652,0.37497502579014214
Paraguay,PRY,2021,2628.08447265625,6774.16273484849,0.3879570916028532
Paraguay,PRY,2022,2650.43374354361,6982.75237776692,0.3795686285514849
Paraguay,PRY,2023,2612.65263745484,7288.87205374128,0.3584440251100032
Paraguay,PRY,2024,2619.92716517367,7560.24758837744,0.346539863218415
Paraguay,PRY,2025,2627.11785121353,7545.44675537411,0.3481726048020168
Qatar,QAT,1990,1.06407848905568,3.64,0.2923292552350769
Qatar,QAT,1991,0.978849195824267,3.64,0.26891461423743596
Qatar,QAT,1992,0.954878997551674,3.64,0.2623293949317786
Qatar,QAT,1993,0.884771318112699,3.64,0.24306904343755467
Qatar,QAT,1994,0.880158418029066,3.64,0.24180176319479835
Qatar,QAT,1995,0.929042966296339,3.64,0.25523158414734587
Qatar,QAT,1996,0.97307975371868,3.64,0.267329602669967
Qatar,QAT,1997,0.917565126296402,3.64,0.25207833140011043
Qatar,QAT,1998,0.740573635185382,3.64,0.20345429538059945
Qatar,QAT,1999,0.84619829747174,3.64,0.23247205974498353
Qatar,QAT,2000,1.09765701899215,3.64,0.3015541260967445
Qatar,QAT,2001,1.02032747378895,3.64,0.28030974554641486
Qatar,QAT,2002,1.03494258366008,3.64,0.28432488562090114
Qatar,QAT,2003,1.1892304686912,3.64,0.32671166722285716
Qatar,QAT,2004,1.30988114560422,3.64,0.35985745758357696
Qatar,QAT,2005,1.65796980627119,3.64,0.4554862105140632
Qatar,QAT,2006,1.74285387468096,3.64,0.4788060095277363
Qatar,QAT,2007,1.88302699760052,3.64,0.5173151092309121
Qatar,QAT,2008,2.27049878363789,3.64,0.6237634020983214
Qatar,QAT,2009,1.71006860778593,3.64,0.46979906807305766
Qatar,QAT,2010,1.85174922273486,3.64,0.5087223139381484
Qatar,QAT,2011,2.15251445770264,3.64,0.5913501257424835
Qatar,QAT,2012,2.18212353240429,3.64,0.5994844869242554
Qatar,QAT,2013,2.23079099135058,3.64,0.6128546679534561
Qatar,QAT,2014,2.35098046824301,3.64,0.6458737550118159
Qatar,QAT,2015,2.44872174938052,3.64,0.6727257553243186
Qatar,QAT,2016,2.47916833543127,3.64,0.6810902020415577
Qatar,QAT,2017,2.31826210021973,3.64,0.6368851923680577
Qatar,QAT,2018,2.35007429122925,3.64,0.6456248052827609
Qatar,QAT,2019,2.26322555541992,3.64,0.621765262478
Qatar,QAT,2020,2.2900722026825,3.64,0.6291407150226648
Qatar,QAT,2021,2.23547983169556,3.64,0.6141428109053737
Qatar,QAT,2022,2.62710050034016,3.64,0.7217309066868571
Qatar,QAT,2023,2.26245627126926,3.64,0.6215539206783681
Qatar,QAT,2024,2.17416225674553,3.64,0.597297323281739
Qatar,QAT,2025,2.0482980288714,3.64,0.562719238700934
Romania,ROU,1990,0.0007002623023934,0.0022432083333333,0.31216998082065955
Romania,ROU,1991,0.0019982254385606,0.007638725,0.2615914879198557
Romania,ROU,1992,0.0058583533903527,0.0307953333333333,0.19023510240792024
Romania,ROU,1993,0.0187309187993239,0.0760050833333333,0.24644297430970835
Romania,ROU,1994,0.04383524774617,0.165508583333333,0.2648518092737593
Romania,ROU,1995,0.0617978854212728,0.203327583333333,0.3039326214779331
Romania,ROU,1996,0.0876238113960778,0.30842175,0.2841038655544812
Romania,ROU,1997,0.203189993577348,0.716794333333334,0.28347042398123656
Romania,ROU,1998,0.296545982735108,0.887557583333333,0.3341146403384811
Romania,ROU,1999,0.438332222718222,1.53328375,0.2858780853304041
Romania,ROU,2000,0.615969559988212,2.17087208333333,0.28374290899830595
Romania,ROU,2001,0.81353513076986,2.90607916666667,0.2799425219041781
Romania,ROU,2002,0.978350501770451,3.305543,0.29597270456637564
Romania,ROU,2003,1.17676965021459,3.32000708333333,0.3544479335969061
Romania,ROU,2004,1.2688837042571,3.26365683333333,0.3887920112486606
Romania,ROU,2005,1.40127978797494,2.91365316666667,0.4809356872005659
Romania,ROU,2006,1.39974582140033,2.80898333333333,0.49831047581877136
Romania,ROU,2007,1.48763042945363,2.43825,0.6101221898712724
Romania,ROU,2008,1.56623082222496,2.51885833333333,0.6218018701164066
Romania,ROU,2009,1.56645116077196,3.049325,0.513704233157161
Romania,ROU,2010,1.53807698217306,3.1779,0.48399162408290375
Romania,ROU,2011,1.55003907818146,3.04860833333333,0.5084415276417802
Romania,ROU,2012,1.56359476381066,3.4682,0.45083754218633876
Romania,ROU,2013,1.60622248460594,3.32791666666667,0.4826510533434647
Romania,ROU,2014,1.62836841799059,3.349175,0.48619986055986625
Romania,ROU,2015,1.66287389174002,4.00566666666666,0.41513037157527405
Romania,ROU,2016,1.59691804691257,4.05918333333333,0.39340870213940526
Romania,ROU,2017,1.6135767602237,4.05249166666666,0.3981690507832512
Romania,ROU,2018,1.66558332443703,3.94161666666667,0.4225634974913919
Romania,ROU,2019,1.63679165508918,4.237925,0.3862247810164597
Romania,ROU,2020,1.61464270254127,4.24399166666667,0.3804537872265541
Romania,ROU,2021,1.65245949033591,4.16041666666666,0.3971860567657677
Romania,ROU,2022,1.73151521944736,4.688475,0.369313096358061
Romania,ROU,2023,1.81497330738497,4.57429166666667,0.3967769087858708
Romania,ROU,2024,1.88147960473981,4.598375,0.409161846247818
Romania,ROU,2025,1.97967891250975,4.47053333333333,0.44282835288326927
Russian Federation,RUS,1993,0.179961613174753,0.991666666666667,0.18147389563840632
Russian Federation,RUS,1996,2.455975,5.12083333333333,0.479604556550041
Russian Federation,RUS,1997,2.778421,5.78483333333334,0.48029404477224863
Russian Federation,RUS,1998,3.258399,9.70508333333333,0.33574147568713997
Russian Federation,RUS,1999,5.539641,24.6199,0.22500664096929718
Russian Federation,RUS,2000,7.301404,28.1291666666667,0.25956702118204683
Russian Federation,RUS,2001,8.322817,29.168525,0.2853355457637985
Russian Federation,RUS,2002,9.273504,31.3484833333333,0.29581986156693424
Russian Federation,RUS,2003,9.866787,30.692025,0.32147722413232754
Russian Federation,RUS,2004,11.556843,28.8137416666667,0.40108789527219174
Russian Federation,RUS,2005,12.736131,28.2844416666667,0.45028751672371065
Russian Federation,RUS,2006,12.618288,27.1909583333333,0.46406190783394663
Russian Federation,RUS,2007,13.984503,25.5808453675404,0.546678688646661
Russian Federation,RUS,2008,14.341196,24.852875,0.5770437424241662
Russian Federation,RUS,2009,14.016913,31.7403583333333,0.4416116810275461
Russian Federation,RUS,2010,15.821142,30.3679153383059,0.520982155796625
Russian Federation,RUS,2011,18.443729,29.3823413709302,0.6277147476833669
Russian Federation,RUS,2012,19.56826,30.8398313519917,0.634512548938963
Russian Federation,RUS,2013,19.505592,31.8371436402813,0.6126677763680076
Russian Federation,RUS,2014,20.998875,38.3782071444168,0.5471562264746097
Russian Federation,RUS,2015,23.562632,60.9376501088951,0.3866678803316794
Russian Federation,RUS,2016,24.192337,67.0559333333333,0.36077846951649334
Russian Federation,RUS,2017,24.124181,58.3428011851719,0.4134902766055613
Russian Federation,RUS,2018,24.542904,62.6681333333334,0.3916329192295495
Russian Federation,RUS,2019,23.9342746734619,64.7376583333333,0.36971177657098214
Russian Federation,RUS,2020,23.1451683044434,72.1049083333333,0.32099296482627443
Russian Federation,RUS,2021,23.6851463317871,73.65435,0.3215715885319346
Russian Federation,RUS,2022,26.1434063501628,68.4849416666667,0.38173948482586556
Russian Federation,RUS,2023,26.8893044156305,85.1620083333333,0.31574295794414403
Russian Federation,RUS,2024,29.0330725994197,92.5524,0.3136933520840054
Rwanda,RWA,1990,61.4633803858178,83.7040975583333,0.7342935672054051
Rwanda,RWA,1991,68.3581958528478,125.1642483,0.5461479358626707
Rwanda,RWA,1992,71.7029118882273,133.938583325,0.5353417223642066
Rwanda,RWA,1993,79.7579437919748,144.237020537225,0.5529644434896706
Rwanda,RWA,1994,91.5153394156095,140.703847467575,0.6504110659568074
Rwanda,RWA,1995,135.589242862629,262.1822632586,0.5171564284228195
Rwanda,RWA,1996,147.693585969248,306.82,0.48136883504741546
Rwanda,RWA,1997,167.87070024422,301.529816666667,0.5567300179464391
Rwanda,RWA,1998,169.703951908764,312.314091666667,0.543375904055873
Rwanda,RWA,1999,161.452283030936,333.941925,0.4834741341056113
Rwanda,RWA,2000,163.047150438526,389.696216666666,0.41839551800933045
Rwanda,RWA,2001,158.830670598339,442.991891666667,0.35854080759982054
Rwanda,RWA,2002,148.224853251038,475.365241666667,0.3118125606562026
Rwanda,RWA,2003,174.951275565795,537.65498475,0.32539691908026147
Rwanda,RWA,2004,189.272262734344,577.448974583333,0.327773138520016
Rwanda,RWA,2005,200.091302762577,557.82264075,0.3587005763938724
Rwanda,RWA,2006,196.153085837705,551.710333333334,0.3555363638969449
Rwanda,RWA,2007,215.864213738891,546.955,0.39466539978406084
Rwanda,RWA,2008,242.757618656058,546.848653166667,0.44392103235567637
Rwanda,RWA,2009,258.227693941824,568.281326833334,0.4544011596875102
Rwanda,RWA,2010,263.442966222843,583.130906583333,0.45177328666457056
Rwanda,RWA,2011,276.649230957031,600.30651975,0.4608466206101554
Rwanda,RWA,2012,298.512841769751,614.295142416667,0.48594367944273
Rwanda,RWA,2013,301.426256698099,646.6359745,0.4661452016046147
Rwanda,RWA,2014,294.913953031534,682.4377953875,0.4321477430248082
Rwanda,RWA,2015,296.716768611064,719.8595555,0.4121870250162485
Rwanda,RWA,2016,307.714435492698,787.25152175,0.3908718204934965
Rwanda,RWA,2017,320.420104980469,831.55433975,0.38532671848817557
Rwanda,RWA,2018,312.66552734375,861.093412166667,0.363102914185613
Rwanda,RWA,2019,311.861206054688,899.350509,0.3467626947823165
Rwanda,RWA,2020,321.472442626953,943.278048166667,0.3408034812765539
Rwanda,RWA,2021,300.028503417969,988.624806551768,0.3034806545715161
Rwanda,RWA,2022,324.723255278982,1030.30829974206,0.31517095937233275
Rwanda,RWA,2023,349.804026572691,1160.09869425,0.30152954081104116
Rwanda,RWA,2024,369.127295971439,1318.12835733333,0.2800389612421437
Rwanda,RWA,2025,385.463038224109,1428.47827558333,0.2698417223508018
Saudi Arabia,SAU,1990,0.895829002963529,3.75,0.23888773412360773
Saudi Arabia,SAU,1991,0.900034975725069,3.75,0.24000932686001838
Saudi Arabia,SAU,1992,0.872396026235581,3.75,0.23263894032948826
Saudi Arabia,SAU,1993,0.823457417724146,3.75,0.21958864472643894
Saudi Arabia,SAU,1994,0.811887183655721,3.75,0.21650324897485893
Saudi Arabia,SAU,1995,0.840646121638808,3.75,0.22417229910368214
Saudi Arabia,SAU,1996,0.884527996393337,3.75,0.23587413237155655
Saudi Arabia,SAU,1997,0.88608921563168,3.75,0.23629045750178132
Saudi Arabia,SAU,1998,0.754804388634974,3.75,0.20128117030265974
Saudi Arabia,SAU,1999,0.825265574294215,3.75,0.22007081981179066
Saudi Arabia,SAU,2000,0.903091102661259,3.75,0.2408242940430024
Saudi Arabia,SAU,2001,0.855196931464203,3.75,0.2280525150571208
Saudi Arabia,SAU,2002,0.87312896019932,3.75,0.23283438938648532
Saudi Arabia,SAU,2003,0.895980911572448,3.75,0.23892824308598612
Saudi Arabia,SAU,2004,0.96298786451354,3.75,0.25679676387027733
Saudi Arabia,SAU,2005,1.11792230032932,3.75,0.298112613421152
Saudi Arabia,SAU,2006,1.20382925553492,3.75,0.321021134809312
Saudi Arabia,SAU,2007,1.26638626577817,3.75,0.337703004207512
Saudi Arabia,SAU,2008,1.46239704701699,3.75,0.38997254587119734
Saudi Arabia,SAU,2009,1.21276098492067,3.75,0.3234029293121787
Saudi Arabia,SAU,2010,1.40418581028858,3.75,0.374449549410288
Saudi Arabia,SAU,2011,1.58635425567627,3.75,0.423027801513672
Saudi Arabia,SAU,2012,1.65684144821838,3.75,0.441824386191568
Saudi Arabia,SAU,2013,1.67991395371219,3.75,0.4479770543232507
Saudi Arabia,SAU,2014,1.66624773610963,3.75,0.44433272962923465
Saudi Arabia,SAU,2015,1.61708220154568,3.75,0.4312219204121813
Saudi Arabia,SAU,2016,1.67218384513799,3.75,0.4459156920367973
Saudi Arabia,SAU,2017,1.68927085399628,3.75,0.4504722277323413
Saudi Arabia,SAU,2018,1.85423243045807,3.75,0.4944619814554853
Saudi Arabia,SAU,2019,1.86156821250916,3.75,0.49641819000244264
Saudi Arabia,SAU,2020,1.92073905467987,3.75,0.5121970812479654
Saudi Arabia,SAU,2021,1.9094260931015,3.75,0.5091802914937333
Saudi Arabia,SAU,2022,2.00694883078576,3.75,0.5351863548762027
Saudi Arabia,SAU,2023,1.89306122462233,3.75,0.5048163265659547
Saudi Arabia,SAU,2024,1.85204533468297,3.75,0.49387875591545866
Saudi Arabia,SAU,2025,1.75530234452142,3.75,0.468080625205712
Sudan,SDN,1990,0.0038537938353192,0.0045,0.8563986300709334
Sudan,SDN,1991,0.0070369402693798,0.0069556416666666,1.011688152813105
Sudan,SDN,1992,0.0143955927446604,0.0974316666666667,0.1477506568158237
Sudan,SDN,1993,0.0277712065700859,0.159313916666667,0.17431751821274774
Sudan,SDN,1994,0.0704963300008518,0.289608916666667,0.2434190590961376
Sudan,SDN,1995,0.141242375507907,0.58087375,0.2431550324109275
Sudan,SDN,1996,0.183867890020751,1.25079166666667,0.1470012112494757
Sudan,SDN,1997,0.249293803223945,1.5757425,0.15820719643212328
Sudan,SDN,1998,0.290064811075713,2.00801916666667,0.14445320836116482
Sudan,SDN,1999,0.331275568405802,2.52550416666667,0.1311720537935369
Sudan,SDN,2000,0.355855775880241,2.571225,0.13839931389911073
Sudan,SDN,2001,0.421569857678577,2.58702104166667,0.16295571272469575
Sudan,SDN,2002,0.459956903981524,2.63305833333333,0.17468542119203256
Sudan,SDN,2003,0.495254450039276,2.60983433333333,0.18976470794095485
Sudan,SDN,2004,0.565595339281331,2.57905,0.2193037511026661
Sudan,SDN,2005,0.647410925083654,2.43605833333333,0.2657616676189288
Sudan,SDN,2006,0.676102556460768,2.17153333333333,0.31134799824736853
Sudan,SDN,2007,0.759027011898809,2.0161,0.3764828192544065
Sudan,SDN,2008,0.81088875728385,2.09016282876984,0.38795482635249834
Sudan,SDN,2009,0.820925266699273,2.30153333333333,0.35668623817423495
Sudan,SDN,2010,0.994932968984384,2.30600092016667,0.4314538473438569
Sudan,SDN,2011,1.23147571086884,2.66661962177469,0.46181153877854825
Sudan,SDN,2012,1.64817020836186,3.57295833333333,0.46129007242696496
Sudan,SDN,2013,2.23142884805479,4.75676054708821,0.4691068272126354
Sudan,SDN,2014,2.66429063890674,5.73686666666667,0.4644156459809777
Sudan,SDN,2015,3.03403527703952,6.02573259791667,0.5035130961650214
Sudan,SDN,2016,3.46689202545808,6.21171364583333,0.5581216751328498
Sudan,SDN,2017,4.77295541763306,6.68336,0.714155068353801
Sudan,SDN,2018,7.0852689743042,24.3289109018116,0.29122836623881143
Sudan,SDN,2019,10.9736919403076,45.7670454545455,0.23977278479132655
Sudan,SDN,2020,25.9514312744141,53.9960119047619,0.48061755598149
Sudan,SDN,2021,85.7226867675781,370.790583333333,0.23118895306603615
Sudan,SDN,2022,173.565437502227,546.75885,0.317444221528791
Senegal,SEN,1990,172.260192307147,272.264787954393,0.6326936127194026
Senegal,SEN,1991,165.086159632761,282.10690880882,0.5851900626249379
Senegal,SEN,1992,160.072312084912,264.691800750579,0.6047497944061717
Senegal,SEN,1993,156.497700768034,283.162579500018,0.552677903430471
Senegal,SEN,1994,205.386253519923,555.204695655697,0.36992888411608577
Senegal,SEN,1995,215.477500756378,499.14842590131,0.4316902339565456
Senegal,SEN,1996,220.409456118305,511.552430272516,0.4308638627733382
Senegal,SEN,1997,220.958464901013,583.669372353396,0.3785678594202963
Senegal,SEN,1998,224.575047193482,589.951774567332,0.3806667881593955
Senegal,SEN,1999,220.277874655257,615.473349319164,0.3578999397763172
Senegal,SEN,2000,218.217510244032,710.207977031367,0.307258602129717
Senegal,SEN,2001,228.340171045531,732.397693260228,0.31177074033246516
Senegal,SEN,2002,229.128595283114,693.713226496374,0.33029296045044004
Senegal,SEN,2003,222.618817402683,579.897426172466,0.38389343934848646
Senegal,SEN,2004,216.496642091863,527.338032291576,0.41054623189430334
Senegal,SEN,2005,219.824683029208,527.258362649626,0.4169202398697392
Senegal,SEN,2006,219.401715959802,522.425624895176,0.4199673704823048
Senegal,SEN,2007,227.688786382676,478.633718476363,0.4757056964299941
Senegal,SEN,2008,241.739317922355,446.000041432788,0.5420163575450812
Senegal,SEN,2009,236.199414885619,470.293423341398,0.5022383966321294
Senegal,SEN,2010,237.107499735205,494.794262222947,0.4792042225185867
Senegal,SEN,2011,241.276062011719,471.248625718937,0.5119931366242781
Senegal,SEN,2012,245.065668279378,510.556338454251,0.47999730846811806
Senegal,SEN,2013,246.137792298143,493.899623852237,0.498355901505569
Senegal,SEN,2014,242.032296063747,493.757329875312,0.4901847150803152
Senegal,SEN,2015,240.491669749981,591.21169798261,0.4067775901096174
Senegal,SEN,2016,242.008808995479,592.605615063022,0.40838089083874446
Senegal,SEN,2017,243.583801269531,580.656749587858,0.4194970633552841
Senegal,SEN,2018,238.688049316406,555.446458398226,0.42972287554902217
Senegal,SEN,2019,229.867340087891,585.911013180369,0.3923246617948924
Senegal,SEN,2020,224.08723449707,575.586004510945,0.3893201584834728
Senegal,SEN,2021,212.330551147461,554.530675033104,0.3829013627330633
Senegal,SEN,2022,216.76006791239,623.759700911182,0.34750572631696
Senegal,SEN,2023,215.406192053338,606.569750165917,0.3551218833356218
Senegal,SEN,2024,206.831826179381,606.345297609063,0.3411122787542989
Senegal,SEN,2025,208.211053506783,581.92848104034,0.3577949186033216
Singapore,SGP,1990,0.971397349514294,1.81253333333333,0.5359335090008253
Singapore,SGP,1991,0.981296576618587,1.72755,0.5680278872499129
Singapore,SGP,1992,0.972746581379948,1.62896666666667,0.5971556086966866
Singapore,SGP,1993,0.983064693503068,1.61579083333333,0.6084108618657242
Singapore,SGP,1994,0.995842451904741,1.52744416666667,0.6519665161168938
Singapore,SGP,1995,1.00637267963632,1.417375,0.7100257021863091
Singapore,SGP,1996,1.00316529977823,1.41004083333333,0.7114441483277841
Singapore,SGP,1997,0.996859246271602,1.48480583333333,0.6713734711249704
Singapore,SGP,1998,0.972680870726659,1.67360166666667,0.5811901900551747
Singapore,SGP,1999,0.924793272719299,1.69495666666667,0.5456146997185556
Singapore,SGP,2000,0.939246682368776,1.72396333333333,0.544818247701775
Singapore,SGP,2001,0.901896773746593,1.7917225,0.5033685594429902
Singapore,SGP,2002,0.880130342143202,1.79058833333333,0.4915313731016921
Singapore,SGP,2003,0.847562809966843,1.74218333333333,0.4864946149755639
Singapore,SGP,2004,0.858048619555027,1.69022833333333,0.5076524885030497
Singapore,SGP,2005,0.847774412156374,1.6643975,0.5093581383992549
Singapore,SGP,2006,0.837579344343889,1.58893333333333,0.5271330941159
Singapore,SGP,2007,0.863736587259207,1.50710166666667,0.5731110291779952
Singapore,SGP,2008,0.835702035346233,1.41486083333333,0.5906602371466935
Singapore,SGP,2009,0.855113866275836,1.45451471343874,0.5879032081113774
Singapore,SGP,2010,0.854205842382588,1.36350833333333,0.6264764369238106
Singapore,SGP,2011,0.846737742424011,1.25777587719298,0.6732024025724708
Singapore,SGP,2012,0.845431352050256,1.2496762037037,0.6765203254608095
Singapore,SGP,2013,0.857922523257744,1.2513,0.6856249686388107
Singapore,SGP,2014,0.86260152288751,1.26705,0.6807951721617221
Singapore,SGP,2015,0.877768678852892,1.374825,0.638458479335837
Singapore,SGP,2016,0.876020603895985,1.38154636363636,0.6340870107248636
Singapore,SGP,2017,0.883214712142944,1.380925,0.6395819556767703
Singapore,SGP,2018,0.867735683917999,1.34884166666667,0.6433191569937146
Singapore,SGP,2019,0.854120194911957,1.36415833333333,0.6261151466376403
Singapore,SGP,2020,0.834628343582153,1.37974166666667,0.6049163867019679
Singapore,SGP,2021,0.811010360717773,1.34348333333333,0.6036623905899652
Singapore,SGP,2022,0.870895060644741,1.37866666666667,0.6316937093651394
Singapore,SGP,2023,0.801443968215127,1.34276666666667,0.596860190314866
Singapore,SGP,2024,0.827911626910006,1.33623333333333,0.6195861203706997
Singapore,SGP,2025,0.790885710223008,1.30745,0.604907040592763
Solomon Islands,SLB,1990,1.89042065307148,2.52878333333333,0.7475613383530219
Solomon Islands,SLB,1991,1.96107452134678,2.71475,0.7223775748583774
Solomon Islands,SLB,1992,2.16965095108886,2.9281,0.7409757013383627
Solomon Islands,SLB,1993,2.4073999240431,3.18773333333333,0.7552074381095563
Solomon Islands,SLB,1994,2.52082696873982,3.29135833333333,0.7658925931005656
Solomon Islands,SLB,1995,2.70457752568031,3.4059,0.794086005367248
Solomon Islands,SLB,1996,2.97689579313105,3.56635833333333,0.8347158403313518
Solomon Islands,SLB,1997,3.17439403159216,3.71694166666667,0.8540338580128799
Solomon Islands,SLB,1998,3.48921011367997,4.81564916666667,0.7245565432448551
Solomon Islands,SLB,1999,3.70456900819008,4.83814166666667,0.765700813126957
Solomon Islands,SLB,2000,3.82388979212516,5.08893083333333,0.751413198049
Solomon Islands,SLB,2001,4.11017423339446,5.27798495317037,0.7787392858946232
Solomon Islands,SLB,2002,4.50377664080112,6.74877210289887,0.667347566658321
Solomon Islands,SLB,2003,4.69278491733976,7.50594374859842,0.6252091774889788
Solomon Islands,SLB,2004,4.74181310419985,7.4847439055084,0.633530440595317
Solomon Islands,SLB,2005,5.08972535569931,7.52987302483596,0.6759377401068712
Solomon Islands,SLB,2006,5.34931398689762,7.60945833333334,0.702982229821126
Solomon Islands,SLB,2007,5.69224832328524,7.652,0.7438902670262989
Solomon Islands,SLB,2008,5.94371669658003,7.74791666666667,0.7671374063883876
Solomon Islands,SLB,2009,6.19513041419471,8.05504166666667,0.7690997353659095
Solomon Islands,SLB,2010,6.22754859591599,8.06450134408602,0.7722174416255592
Solomon Islands,SLB,2011,6.37486212403798,7.64125903009875,0.8342685542955081
Solomon Islands,SLB,2012,6.54947094609766,7.35520284715203,0.8904541563573121
Solomon Islands,SLB,2013,6.59133267009766,7.30213510004206,0.9026582745722815
Solomon Islands,SLB,2014,6.71632127496647,7.37534535364211,0.9106449871733533
Solomon Islands,SLB,2015,6.87800042174064,7.91468897735788,0.8690171453884076
Solomon Islands,SLB,2016,6.83672634525995,7.94815293778867,0.8601654244416262
Solomon Islands,SLB,2017,6.8895287669141,7.88739036909183,0.8734864694807002
Solomon Islands,SLB,2018,7.26445808722308,7.95250486131003,0.913480496260444
Solomon Islands,SLB,2019,7.23517161009833,8.17339929777839,0.8852096106530511
Solomon Islands,SLB,2020,7.0445257612051,8.21341290967261,0.8576855734245434
Solomon Islands,SLB,2021,6.6970753509944,8.03010299104933,0.8339961963699875
Solomon Islands,SLB,2022,6.13516350239758,8.1555286976263,0.7522704817632785
Solomon Islands,SLB,2023,6.06696572765034,8.37559677613046,0.7243622024570874
Solomon Islands,SLB,2024,6.10196161300839,8.45483560171654,0.7217126270047807
Solomon Islands,SLB,2025,6.23162133063873,8.32684233252033,0.7483774859410087
Sierra Leone,SLE,1990,0.0265355999259939,0.151445833333333,0.17521512042915646
Sierra Leone,SLE,1991,0.0587175634753493,0.295344166666667,0.19881064230267817
Sierra Leone,SLE,1992,0.104498443529361,0.499441833333333,0.2092304579933287
Sierra Leone,SLE,1993,0.129370970978762,0.567458583333333,0.22798310709976113
Sierra Leone,SLE,1994,0.158411578645598,0.586739708333333,0.26998612228849306
Sierra Leone,SLE,1995,0.207288488472699,0.755215833333333,0.274475824424628
Sierra Leone,SLE,1996,0.263776307932399,0.9207325,0.2864852798531593
Sierra Leone,SLE,1997,0.265146267908156,0.9814825,0.2701487473369683
Sierra Leone,SLE,1998,0.324537752080069,1.563618,0.2075556511117607
Sierra Leone,SLE,1999,0.375031232033851,1.804195,0.2078662406413115
Sierra Leone,SLE,2000,0.378756950482977,2.092125,0.18103935017409428
Sierra Leone,SLE,2001,0.63471562002857,1.98615416666667,0.3195701676541065
Sierra Leone,SLE,2002,0.600414444617901,2.09903386575,0.2860432384702705
Sierra Leone,SLE,2003,0.666496516581399,2.34794166666667,0.28386417177374423
Sierra Leone,SLE,2004,0.732292402962362,2.70129666666667,0.2710892187439715
Sierra Leone,SLE,2005,0.828006631101672,2.8895875,0.28654838488250384
Sierra Leone,SLE,2006,1.01237212541882,2.96190916666667,0.3417971546231253
Sierra Leone,SLE,2007,1.0658439233155,2.98518583333333,0.3570444129186266
Sierra Leone,SLE,2008,1.15282678574325,2.981515,0.38665805328608105
Sierra Leone,SLE,2009,1.2184239564294,3.38565,0.35987888778503385
Sierra Leone,SLE,2010,1.43399742769171,3.97808666666667,0.360474154499326
Sierra Leone,SLE,2011,1.62057507324219,4.34916166666667,0.3726178048663452
Sierra Leone,SLE,2012,1.75753926137377,4.34403666666667,0.4045866543576831
Sierra Leone,SLE,2013,1.79263795649096,4.33250083333334,0.4137651729224805
Sierra Leone,SLE,2014,1.8308592868493,4.52415916666667,0.4046849855192537
Sierra Leone,SLE,2015,1.91253606391571,5.0807475,0.37642808738590333
Sierra Leone,SLE,2016,2.01574165142237,6.29029741495228,0.3204525189271455
Sierra Leone,SLE,2017,2.30020141601563,7.38443222248692,0.31149333445178146
Sierra Leone,SLE,2018,2.54101293945313,7.93163174973728,0.3203644621470602
Sierra Leone,SLE,2019,2.81134326171875,9.01022114400915,0.3120171210878656
Sierra Leone,SLE,2020,3.0558271484375,9.82992676332375,0.31086977777281494
Sierra Leone,SLE,2021,3.24386401367188,10.4394253194587,0.3107320484036069
Sierra Leone,SLE,2022,3.84486126434162,14.0476497942157,0.2737013892476727
Sierra Leone,SLE,2023,4.792542062985,21.3048751103818,0.22495048847526966
El Salvador,SLV,1990,0.312452121169861,6.84833333333333,0.045624549209519756
El Salvador,SLV,1991,0.324657992355189,8.01666666666667,0.040497878464264725
El Salvador,SLV,1992,0.328280022188433,8.36083333333333,0.03926403135912686
El Salvador,SLV,1993,0.348235737768063,8.70250833333333,0.04001555924217977
El Salvador,SLV,1994,0.374383387700516,8.72875,0.0428908363397412
El Salvador,SLV,1995,0.406771151808702,8.75458333333333,0.04646379345775476
El Salvador,SLV,1996,0.425749218622972,8.755,0.048629265405250935
El Salvador,SLV,1997,0.432694170535219,8.75625,0.049415465585749496
El Salvador,SLV,1998,0.445985270690386,8.755,0.0509406362867374
El Salvador,SLV,1999,0.444133902798685,8.755,0.050729172221437455
El Salvador,SLV,2000,0.448509161672362,8.755,0.051228916238990514
El Salvador,SLV,2001,0.453167183417689,1.0,0.453167183417689
El Salvador,SLV,2002,0.452973689576205,1.0,0.452973689576205
El Salvador,SLV,2003,0.457377332849841,1.0,0.457377332849841
El Salvador,SLV,2004,0.45750465394989,1.0,0.45750465394989
El Salvador,SLV,2005,0.462647299891943,1.0,0.462647299891943
El Salvador,SLV,2006,0.468252248813101,1.0,0.468252248813101
El Salvador,SLV,2007,0.475939186606261,1.0,0.475939186606261
El Salvador,SLV,2008,0.483296284056859,1.0,0.483296284056859
El Salvador,SLV,2009,0.480170867815744,1.0,0.480170867815744
El Salvador,SLV,2010,0.48673015851881,1.0,0.48673015851881
El Salvador,SLV,2011,0.505120277404785,1.0,0.505120277404785
El Salvador,SLV,2012,0.521423530983646,1.0,0.521423530983646
El Salvador,SLV,2013,0.505071868934312,1.0,0.505071868934312
El Salvador,SLV,2014,0.488559921983099,1.0,0.488559921983099
El Salvador,SLV,2015,0.477749754158758,1.0,0.477749754158758
El Salvador,SLV,2016,0.461390403903444,1.0,0.461390403903444
El Salvador,SLV,2017,0.448413670063019,1.0,0.448413670063019
El Salvador,SLV,2018,0.45454740524292,1.0,0.45454740524292
El Salvador,SLV,2019,0.442782253026962,1.0,0.442782253026962
El Salvador,SLV,2020,0.425564259290695,1.0,0.425564259290695
El Salvador,SLV,2021,0.429484784603119,1.0,0.429484784603119
El Salvador,SLV,2022,0.427367838286856,1.0,0.427367838286856
El Salvador,SLV,2023,0.419951346710945,1.0,0.419951346710945
El Salvador,SLV,2024,0.415072277055406,1.0,0.415072277055406
El Salvador,SLV,2025,0.408953489712557,1.0,0.408953489712557
San Marino,SMR,1997,0.749430903889007,1703.09690833333,0.000440040082406355
San Marino,SMR,1998,0.754645663643867,1736.20738333333,0.0004346517995995554
San Marino,SMR,1999,0.755683987540872,0.938283072395239,0.8053901959584222
San Marino,SMR,2000,0.757919581318657,1.08270508132601,0.7000240364536002
San Marino,SMR,2001,0.761268370396049,1.11653308564468,0.6818144309234659
San Marino,SMR,2002,0.767511007281185,1.05755899623965,0.7257382425096044
San Marino,SMR,2003,0.771105016662418,0.884047927184961,0.8722434530419831
San Marino,SMR,2004,0.766012292424882,0.803921647747605,0.9528444650931643
San Marino,SMR,2005,0.755112221467359,0.803800192161416,0.9394277692779157
San Marino,SMR,2006,0.747261307606661,0.796432730949096,0.9382604186999721
San Marino,SMR,2007,0.713199994464329,0.729672399984088,0.977424929982115
San Marino,SMR,2008,0.719534266363235,0.679922680042729,1.058258957206747
San Marino,SMR,2009,0.722270304291927,0.716957702016136,1.0074099242686865
San Marino,SMR,2010,0.723805032940141,0.754308990105979,0.9595603955859624
San Marino,SMR,2011,0.7102569,0.718413898653322,0.9886458228764611
San Marino,SMR,2012,0.727814456496673,0.778338120416812,0.9350877689337856
San Marino,SMR,2013,0.753500570533488,0.752945122702002,1.0007377002848397
San Marino,SMR,2014,0.729271897180996,0.752728196932591,0.9688382873829084
San Marino,SMR,2015,0.744308864340404,0.901296423367096,0.8258202795921322
San Marino,SMR,2016,0.755666151216932,0.903421436257288,0.8364492150501991
San Marino,SMR,2017,0.762517094612122,0.88520550826938,0.8614012085203583
San Marino,SMR,2018,0.745550360497015,0.846772667108096,0.8804610605148887
San Marino,SMR,2019,0.725066228661728,0.893215581479226,0.8117482987264607
San Marino,SMR,2020,0.704549975062565,0.877475207233012,0.8029286403250742
San Marino,SMR,2021,0.707382142543793,0.845376564367945,0.8367657353651328
San Marino,SMR,2022,0.678668572532041,0.950915533962108,0.7137001639927827
San Marino,SMR,2023,0.702590229204567,0.924709622987356,0.7597955203870241
"Somalia, Fed. Rep.",SOM,2009,10054.1235751952,31558.9054783951,0.31858277157546383
"Somalia, Fed. Rep.",SOM,2010,8408.93439296576,31269.6625712251,0.2689166975758738
"Somalia, Fed. Rep.",SOM,2011,8001.03131368105,29966.8354404084,0.2669962041735031
"Somalia, Fed. Rep.",SOM,2012,7863.44047059848,22516.0002967711,0.349237891586195
"Somalia, Fed. Rep.",SOM,2013,8032.80944429897,19283.7999504521,0.4165573935084638
"Somalia, Fed. Rep.",SOM,2014,7703.5039955833,20230.9291310541,0.38077855671782096
"Somalia, Fed. Rep.",SOM,2015,7393.47560192873,22254.2356837607,0.3322277928117692
"Somalia, Fed. Rep.",SOM,2016,7239.50926928753,23061.7843138651,0.31391800264713365
"Somalia, Fed. Rep.",SOM,2017,7390.71574467777,23097.9873219373,0.3199722833711335
Serbia,SRB,1997,3.49797032004253,5.9123,0.5916429004012871
Serbia,SRB,1998,4.30939812872018,10.0308,0.4296165937632273
Serbia,SRB,1999,5.47600263239593,11.6615,0.4695796108901882
Serbia,SRB,2000,9.59661967939845,63.1659,0.1519272214818193
Serbia,SRB,2001,17.8274696714092,66.91366,0.26642496721012127
Serbia,SRB,2002,20.3575905025533,64.405225,0.3160860085894165
Serbia,SRB,2003,22.6375262446352,57.5900416666667,0.3930805672213617
Serbia,SRB,2004,24.0963200604663,58.3757083333333,0.4127799173394695
Serbia,SRB,2005,27.0329020971908,66.717825,0.40518260445676696
Serbia,SRB,2006,28.8307861638126,67.155125,0.4293162459873703
Serbia,SRB,2007,30.419318672152,58.4495666666667,0.5204370264305122
Serbia,SRB,2008,31.3244612369102,55.72925,0.5620829499214541
Serbia,SRB,2009,33.2463116644348,67.6049333333333,0.49177345535584405
Serbia,SRB,2010,34.8432026718267,77.7228416666667,0.44830067872788604
Serbia,SRB,2011,36.3238221636966,73.3554333333333,0.49517561976136215
Serbia,SRB,2012,37.9825418819753,87.9588083333333,0.43182192439482214
Serbia,SRB,2013,39.3228856617399,85.1588416666667,0.46175928291344837
Serbia,SRB,2014,39.8020526950386,88.4053083333333,0.45022242946050783
Serbia,SRB,2015,40.7374838920601,108.811425,0.3743860894392303
Serbia,SRB,2016,40.454909866244,111.27785,0.3635486295452689
Serbia,SRB,2017,40.821059105488,107.75885,0.3788186223729002
Serbia,SRB,2018,41.0041383852135,100.175075,0.4093247585311366
Serbia,SRB,2019,39.6496218014814,105.249558333333,0.3767200777784565
Serbia,SRB,2020,39.7604958987547,103.163291666667,0.38541321487904473
Serbia,SRB,2021,41.1088009550821,99.3959416666667,0.41358631213479713
Serbia,SRB,2022,42.8182249622952,111.662183333333,0.38346218642774155
Serbia,SRB,2023,44.7113997577007,108.402691666667,0.4124565457764285
Serbia,SRB,2024,45.0788639131956,108.207741666667,0.4165955523964324
Serbia,SRB,2025,46.7970682889855,103.9754,0.450078271292878
South Sudan,SSD,2011,1.59342787907878,2.98895,0.5331062343226819
South Sudan,SSD,2012,2.30870013692977,2.95,0.7826102159083966
South Sudan,SSD,2013,2.5396091456352,2.95,0.8608844561475253
South Sudan,SSD,2014,2.67058842687124,2.95,0.9052842124987254
South Sudan,SSD,2015,3.37095053486236,3.60416666666667,0.9352926339502492
South Sudan,SSD,2016,13.5848408561064,46.7291666666667,0.29071438301074753
South Sudan,SSD,2017,37.1907577514648,113.6475,0.32724659804628176
South Sudan,SSD,2021,126.743049621582,306.354619937276,0.4137135246973973
Sao Tome and Principe,STP,1990,0.0924222654358237,0.143330916666667,0.6448173749614858
Sao Tome and Principe,STP,1992,0.152901341104289,0.321337083333333,0.47582849610195677
Sao Tome and Principe,STP,1993,0.261960724452203,0.429854166666667,0.6094176694472803
Sao Tome and Principe,STP,1994,0.446768967352248,0.732628166666667,0.6098168043210385
Sao Tome and Principe,STP,1995,0.656670670149713,1.42034183333333,0.4623328375878398
Sao Tome and Principe,STP,1996,1.28480238105174,2.20316358333333,0.5831624990405238
Sao Tome and Principe,STP,1997,1.75704050573564,4.55250591666667,0.3859501860949012
Sao Tome and Principe,STP,1998,2.01551563663904,6.88324283333333,0.29281483821528803
Sao Tome and Principe,STP,1999,2.14449137068261,7.11895833333333,0.301236679619459
Sao Tome and Principe,STP,2000,2.30618652982471,7.97817166666666,0.28906203403219727
Sao Tome and Principe,STP,2001,2.41744061068126,8.84210916666667,0.27340090074827644
Sao Tome and Principe,STP,2002,2.65455275069999,9.088325,0.29208382740493877
Sao Tome and Principe,STP,2003,2.96343004815296,9.34758333333333,0.31702633102883576
Sao Tome and Principe,STP,2004,3.31406543717739,9.90232416666667,0.3346755146971697
Sao Tome and Principe,STP,2005,3.82681770762337,10.5579703333333,0.36245770605562877
Sao Tome and Principe,STP,2006,4.20700399115377,12.4486425,0.3379488157968847
Sao Tome and Principe,STP,2007,4.48935671732823,13.536755,0.3316420159283543
Sao Tome and Principe,STP,2008,5.67423528982286,14.6952016666667,0.3861284396452888
Sao Tome and Principe,STP,2009,6.42634467677534,16.2084512541667,0.3964811058134454
Sao Tome and Principe,STP,2010,6.79142512797337,18.498601323751,0.36713181765010644
Sao Tome and Principe,STP,2011,7.43139362335205,17.6229350058197,0.421688760748306
Sao Tome and Principe,STP,2012,8.63228822454618,19.0684168084153,0.45270083569478964
Sao Tome and Principe,STP,2013,8.72778206771009,18.4499526248781,0.47305173325710664
Sao Tome and Principe,STP,2014,8.56661469961141,18.4664030495763,0.46390272521469555
Sao Tome and Principe,STP,2015,9.10448320194963,22.0906445602113,0.4121420349294935
Sao Tome and Principe,STP,2016,9.63069604697786,22.1488606347838,0.43481677029712673
Sao Tome and Principe,STP,2017,9.92154121398926,21.7411383607116,0.4563487453774947
Sao Tome and Principe,STP,2018,9.68453502655029,20.7508592370914,0.46670525378725225
Sao Tome and Principe,STP,2019,9.16576766967773,21.8847418164689,0.41882000466554403
Sao Tome and Principe,STP,2020,9.12815380096436,21.5070590993582,0.42442594121279725
Sao Tome and Principe,STP,2021,8.59929370880127,20.7104015163031,0.4152161754098277
Sao Tome and Principe,STP,2022,9.29519707224492,23.2904039548641,0.3990998649168409
Sao Tome and Principe,STP,2023,11.0920118334835,22.6584247888496,0.4895314628818315
Sao Tome and Principe,STP,2024,12.7353502926814,22.6430098947812,0.5624406981165814
Suriname,SUR,1990,0.0020540167536855,0.001785,1.150709665930252
Suriname,SUR,1991,0.0026491013940814,0.001785,1.484090416852325
Suriname,SUR,1992,0.0034939863754281,0.001785,1.9574153363742859
Suriname,SUR,1993,0.0083601412029228,0.001785,4.683552494634622
Suriname,SUR,1994,0.0440588633639702,0.222460757588426,0.19805229399372706
Suriname,SUR,1995,0.146608055685876,0.442771989138674,0.3311141158027481
Suriname,SUR,1996,0.145790791169324,0.401018353709047,0.3635514180857178
Suriname,SUR,1997,0.145460084419966,0.401566152294698,0.3622319351089555
Suriname,SUR,1998,0.169055629297631,0.401606425702811,0.4209485169511014
Suriname,SUR,1999,0.287768836212621,0.834084264222251,0.34501170751728966
Suriname,SUR,2000,0.452321775350447,1.32249051547874,0.34202269888242415
Suriname,SUR,2001,0.617227554829869,2.17818225423409,0.2833681863076713
Suriname,SUR,2002,0.791827779780382,2.34675,0.33741462864829314
Suriname,SUR,2003,0.942030800741176,2.60133333333333,0.36213382909066266
Suriname,SUR,2004,1.03513241772673,2.7335829756752,0.37867239697417654
Suriname,SUR,2005,1.15963036562229,2.73166666547869,0.4245138619133383
Suriname,SUR,2006,1.2706069423857,2.74375,0.463091368523262
Suriname,SUR,2007,1.31657653414636,2.745,0.4796271526944845
Suriname,SUR,2008,1.49217439481142,2.745,0.5435972294394972
Suriname,SUR,2009,1.5791812900006,2.745,0.5752937304191621
Suriname,SUR,2010,1.67250223049056,2.74541666666667,0.6091979592012959
Suriname,SUR,2011,1.86556231975555,3.268,0.5708575029851745
Suriname,SUR,2012,1.92355858008979,3.3,0.5828965394211485
Suriname,SUR,2013,1.84524187734711,3.3,0.5591642052567001
Suriname,SUR,2014,1.81092750767179,3.3,0.548765911415694
Suriname,SUR,2015,1.82023509450537,3.41666666666667,0.532751734977181
Suriname,SUR,2016,2.42866500604888,6.22863027848978,0.3899195966786047
Suriname,SUR,2017,2.57841467857361,7.487661125,0.3443551511652593
Suriname,SUR,2018,2.7858772277832,7.4625111984127,0.37331632123724856
Suriname,SUR,2019,2.64944648742676,7.458,0.35524892564048804
Suriname,SUR,2020,3.73132395744324,9.30954545454546,0.4008062451235351
Suriname,SUR,2021,5.3682279586792,18.2386666666667,0.2943322588646387
Suriname,SUR,2022,7.48874526748221,24.7091747565789,0.30307549083517277
Suriname,SUR,2023,9.61185797595566,36.7758691666667,0.261363176282663
Suriname,SUR,2024,10.5805259163027,33.1805516666667,0.3188773358139169
Suriname,SUR,2025,11.6290001939516,37.2601791666667,0.3121026375620601
Slovak Republic,SVK,1993,0.354539,30.7695833333333,0.011522385472666472
Slovak Republic,SVK,1994,0.393811,32.0448333333333,0.012289375822415483
Slovak Republic,SVK,1995,0.423876,29.7134166666667,0.014265474911726167
Slovak Republic,SVK,1996,0.435855,30.65375,0.014218651877828977
Slovak Republic,SVK,1997,0.450395,33.6161666666667,0.013398166556765827
Slovak Republic,SVK,1998,0.466033,35.2334166666667,0.013227016965428167
Slovak Republic,SVK,1999,0.494406,41.3628333333333,0.01195290458019882
Slovak Republic,SVK,2000,0.516275,46.0351666666667,0.01121479593499172
Slovak Republic,SVK,2001,0.515727,48.3548333333333,0.010665469498050875
Slovak Republic,SVK,2002,0.521518,45.32675,0.011505744400381674
Slovak Republic,SVK,2003,0.544387,36.7729166666667,0.014804020168828945
Slovak Republic,SVK,2004,0.564548,32.2569166666667,0.01750161076564973
Slovak Republic,SVK,2005,0.564715,31.01825,0.018205894916702263
Slovak Republic,SVK,2006,0.554718,29.69725,0.018679103283974107
Slovak Republic,SVK,2007,0.553656,24.6943333333333,0.022420366345855355
Slovak Republic,SVK,2008,0.53743,21.3614166666667,0.025158911901130114
Slovak Republic,SVK,2009,0.51531,0.716957702016136,0.7187453298164058
Slovak Republic,SVK,2010,0.502228,0.754308990105961,0.6658120300666839
Slovak Republic,SVK,2011,0.506407,0.718413898653317,0.7048958837645978
Slovak Republic,SVK,2012,0.504542,0.778338120416812,0.6482298460851564
Slovak Republic,SVK,2013,0.491124,0.752945122701996,0.6522706438917717
Slovak Republic,SVK,2014,0.485412,0.752728196932603,0.6448702227152816
Slovak Republic,SVK,2015,0.491548,0.901296423367096,0.5453788423609373
Slovak Republic,SVK,2016,0.503194,0.903421436257263,0.5569870049626627
Slovak Republic,SVK,2017,0.516433,0.885205508269372,0.5834046390082416
Slovak Republic,SVK,2018,0.526001,0.846772667108111,0.6211832531113611
Slovak Republic,SVK,2019,0.510067,0.893276257067409,0.5710070047921458
Slovak Republic,SVK,2020,0.48909,0.875506396987998,0.558636694926062
Slovak Republic,SVK,2021,0.487999,0.84549413889045,0.5771760885775101
Slovak Republic,SVK,2022,0.487459,0.949623753156941,0.5133180360953327
Slovak Republic,SVK,2023,0.496348,0.924839558470698,0.5366855206980488
Slovak Republic,SVK,2024,0.501903,0.923889546117607,0.5432500044070311
Slovak Republic,SVK,2025,0.512288,0.88496895841236,0.5788768014180383
Slovenia,SVN,1991,0.065473,27.5712,0.002374688080315692
Slovenia,SVN,1992,0.197279,81.2869916666667,0.0024269442865960814
Slovenia,SVN,1993,0.264167,113.241883333333,0.002332767631764049
Slovenia,SVN,1994,0.31707,128.808558333333,0.0024615600399740586
Slovenia,SVN,1995,0.389454,118.518466666667,0.00328601956263355
Slovenia,SVN,1996,0.426901,135.364308333333,0.003153719065654746
Slovenia,SVN,1997,0.455862,159.688333333333,0.0028546982142298076
Slovenia,SVN,1998,0.482471,166.134166666667,0.0029041046142424987
Slovenia,SVN,1999,0.508506,181.769193333333,0.002797536758979222
Slovenia,SVN,2000,0.526399,222.656085833333,0.002364179708045486
Slovenia,SVN,2001,0.560158,242.748835,0.002307562052769481
Slovenia,SVN,2002,0.583286,240.248215,0.00242784738275787
Slovenia,SVN,2003,0.607935,207.113715696581,0.002935271563041325
Slovenia,SVN,2004,0.607893,192.381124333333,0.0031598370271852766
Slovenia,SVN,2005,0.610135,192.705468,0.0031661530227050953
Slovenia,SVN,2006,0.609817,191.028257833333,0.0031922868737673826
Slovenia,SVN,2007,0.630245,0.729672399984083,0.8637369318254989
Slovenia,SVN,2008,0.633789,0.679922680042729,0.9321486377835936
Slovenia,SVN,2009,0.645157,0.716957702016136,0.8998536429496088
Slovenia,SVN,2010,0.638081,0.754308990105961,0.8459146163833552
Slovenia,SVN,2011,0.62397,0.718413898653317,0.8685383191634319
Slovenia,SVN,2012,0.606793,0.778338120416812,0.779600772573047
Slovenia,SVN,2013,0.590407,0.752945122701996,0.7841301871792241
Slovenia,SVN,2014,0.591238,0.752728196932603,0.7854601467160632
Slovenia,SVN,2015,0.595298,0.901296423367096,0.6604908047632809
Slovenia,SVN,2016,0.577106,0.903421436257263,0.6388004278389298
Slovenia,SVN,2017,0.570149,0.885205508269372,0.6440865930835363
Slovenia,SVN,2018,0.567612,0.846772667108111,0.670323951218811
Slovenia,SVN,2019,0.544192,0.893276257067409,0.6092090724392039
Slovenia,SVN,2020,0.532257,0.875506396987998,0.6079418743610807
Slovenia,SVN,2021,0.537477,0.84549413889045,0.6356957136395246
Slovenia,SVN,2022,0.514727,0.949623753156941,0.5420325663599244
Slovenia,SVN,2023,0.53794,0.924839558470698,0.5816576454509906
Slovenia,SVN,2024,0.550461,0.923889546117607,0.5958082352085936
Slovenia,SVN,2025,0.558308,0.88496895841236,0.6308786253945089
Sweden,SWE,1990,8.882127,5.91879,1.5006660145063433
Sweden,SWE,1991,9.300106,6.04746666666666,1.5378515521650957
Sweden,SWE,1992,9.185216,5.82383333333333,1.577177002547006
Sweden,SWE,1993,9.171034,7.78342666666667,1.1782771769760358
Sweden,SWE,1994,9.204,7.71597,1.1928506720477141
Sweden,SWE,1995,9.348993,7.13326833333334,1.310618437878288
Sweden,SWE,1996,9.245636,6.70595583333333,1.3787200855160227
Sweden,SWE,1997,9.329317,7.63489416666667,1.2219314107497445
Sweden,SWE,1998,9.395336,7.94986816666666,1.181822868383416
Sweden,SWE,1999,9.3059,8.26242833333333,1.1262911609722488
Sweden,SWE,2000,9.161129,9.16224416666667,0.9998782867334266
Sweden,SWE,2001,9.402445,10.3291358333333,0.9102837983461537
Sweden,SWE,2002,9.413655,9.73712333333333,0.9667798874205493
Sweden,SWE,2003,9.486667,8.08630416666667,1.1731771158332012
Sweden,SWE,2004,9.295284,7.34888666666667,1.2648560825086426
Sweden,SWE,2005,9.479182,7.47308833333333,1.2684423864921537
Sweden,SWE,2006,9.113464,7.37824916666666,1.2351797552694028
Sweden,SWE,2007,8.871216,6.75877,1.3125488809354364
Sweden,SWE,2008,8.778986,6.59109916666667,1.3319456706702555
Sweden,SWE,2009,8.916357,7.65381916666667,1.1649552734185096
Sweden,SWE,2010,9.027189,7.20752416666667,1.2524673925824499
Sweden,SWE,2011,8.844042,6.49354333333333,1.3619747410633032
Sweden,SWE,2012,8.654768,6.77501583333333,1.277453545926523
Sweden,SWE,2013,8.597681,6.51397166666666,1.319883082082796
Sweden,SWE,2014,8.727131,6.860785,1.272030970216965
Sweden,SWE,2015,8.854383,8.43484083333333,1.0497391918776577
Sweden,SWE,2016,8.822586,8.56199166666667,1.0304361816127279
Sweden,SWE,2017,8.852247,8.54886083333333,1.0354884905230555
Sweden,SWE,2018,8.865881,8.69251833333333,1.0199438942799663
Sweden,SWE,2019,8.584015,9.45834916666667,0.9075595380060595
Sweden,SWE,2020,8.435616,9.21030902842085,0.9158884869084924
Sweden,SWE,2021,8.363733,8.57656671607378,0.9751842755825711
Sweden,SWE,2022,8.338151,10.114251277564,0.8243962673239249
Sweden,SWE,2023,8.516641,10.6101612965536,0.8026872317922614
Sweden,SWE,2024,8.490485,10.5676364344775,0.8034421937813191
Sweden,SWE,2025,8.548493,9.82070570950185,0.8704560805369677
Eswatini,SWZ,1990,1.14942547834397,2.58732083333333,0.4442531685810018
Eswatini,SWZ,1991,1.20941890735187,2.761315,0.4379865778992509
Eswatini,SWZ,1992,1.31477003224673,2.85201416666667,0.46099702014572574
Eswatini,SWZ,1993,1.50766873497279,3.26774158333333,0.46137942567504375
Eswatini,SWZ,1994,1.63808994799372,3.55079833333333,0.46133004305427694
Eswatini,SWZ,1995,1.87158057337272,3.627085,0.5160012994933176
Eswatini,SWZ,1996,1.97912903014331,4.29934916666667,0.4603322394672469
Eswatini,SWZ,1997,2.16630133959903,4.60796166666667,0.4701213890883124
Eswatini,SWZ,1998,2.30086336014281,5.52828416666667,0.41619846063921434
Eswatini,SWZ,1999,2.39059185696127,6.10948416666667,0.3912919309954731
Eswatini,SWZ,2000,2.56998300550051,6.93982833333333,0.37032371437149064
Eswatini,SWZ,2001,2.72255654477144,8.60918083333333,0.3162387452973632
Eswatini,SWZ,2002,2.92492179931471,10.5407466666667,0.2774871545451588
Eswatini,SWZ,2003,3.03660460179017,7.56474916666667,0.40141510774351546
Eswatini,SWZ,2004,3.07257004326875,6.4596925,0.4756526790197444
Eswatini,SWZ,2005,3.16283543260856,6.35932833333333,0.4973536931612895
Eswatini,SWZ,2006,3.1770922726708,6.77154916666667,0.46918248608608126
Eswatini,SWZ,2007,3.253857837277,7.045365,0.46184375646641446
Eswatini,SWZ,2008,3.52122853149839,8.26122333333333,0.4262357267706992
Eswatini,SWZ,2009,3.85530680700758,8.47367415824888,0.4549746349704218
Eswatini,SWZ,2010,3.92100412319674,7.32122196115288,0.5355668963462618
Eswatini,SWZ,2011,4.05213785171509,7.26113213232735,0.5580586853218841
Eswatini,SWZ,2012,4.46932532366409,8.20996862659331,0.544377880956485
Eswatini,SWZ,2013,4.63324266419374,9.65505606913526,0.47987734416219807
Eswatini,SWZ,2014,4.89211165601035,10.8526555687831,0.45077553830070544
Eswatini,SWZ,2015,5.1948186108593,12.7589308811644,0.407151559895057
Eswatini,SWZ,2016,5.61428934110556,14.7096108855267,0.3816749052573277
Eswatini,SWZ,2017,5.98295021057129,13.3238014244992,0.44904228305070004
Eswatini,SWZ,2018,6.16247987747192,13.2339264715833,0.46565770867054274
Eswatini,SWZ,2019,6.11483430862427,14.4517892288824,0.42311953293669424
Eswatini,SWZ,2020,6.11999368667603,16.4702558654325,0.37157854356838327
Eswatini,SWZ,2021,5.89536285400391,14.7834351395784,0.3987816632834388
Eswatini,SWZ,2022,5.99201965497641,16.3622830559282,0.36620926520431074
Eswatini,SWZ,2023,6.12800854631137,18.4535924917449,0.3320767243046413
Eswatini,SWZ,2024,6.05720299883277,18.3176868310856,0.330675104050449
Eswatini,SWZ,2025,5.86563643135325,17.8889209208377,0.3278921326395229
Sint Maarten (Dutch part),SXM,2011,1.34595239162445,1.79,0.7519287104047206
Sint Maarten (Dutch part),SXM,2012,1.55130886533556,1.79,0.8666529973941676
Sint Maarten (Dutch part),SXM,2013,1.54370355241328,1.79,0.8624042192252961
Sint Maarten (Dutch part),SXM,2014,1.52758036277378,1.79,0.853396850711609
Sint Maarten (Dutch part),SXM,2015,1.51909831986512,1.79,0.848658279254257
Sint Maarten (Dutch part),SXM,2016,1.48917964786914,1.79,0.8319439373570614
Sint Maarten (Dutch part),SXM,2017,1.39649999141693,1.79,0.780167592970352
Sint Maarten (Dutch part),SXM,2018,1.36262941360474,1.79,0.7612454824607486
Sint Maarten (Dutch part),SXM,2019,1.36500227451324,1.79,0.7625711030800223
Sint Maarten (Dutch part),SXM,2020,1.38735342025757,1.79,0.7750577766802066
Sint Maarten (Dutch part),SXM,2021,1.43830955028534,1.79,0.8035248884275642
Sint Maarten (Dutch part),SXM,2022,1.38760204012365,1.79,0.7751966704601396
Sint Maarten (Dutch part),SXM,2023,1.36516108593807,1.79,0.7626598245464078
Sint Maarten (Dutch part),SXM,2024,1.37865216943371,1.79,0.7701967427003966
Sint Maarten (Dutch part),SXM,2025,1.36183701233079,1.79,0.7608028001847988
Seychelles,SYC,1990,3.36251962878919,5.3369,0.6300510837357248
Seychelles,SYC,1991,3.1860711687241,5.28930833333333,0.6023606430060834
Seychelles,SYC,1992,3.2605029892025,5.12198333333333,0.6365704019346351
Seychelles,SYC,1993,3.2814599546501,5.18153333333333,0.6332990147028748
Seychelles,SYC,1994,3.29819365456305,5.05585833333333,0.6523508842836879
Seychelles,SYC,1995,3.16349574526628,4.761975,0.6643243077223799
Seychelles,SYC,1996,2.91772998610602,4.96998333333333,0.5870703763807434
Seychelles,SYC,1997,2.89335566234373,5.02634166666667,0.575638477091933
Seychelles,SYC,1998,3.15910153801194,5.26219166666666,0.6003395045496462
Seychelles,SYC,1999,3.17908553810621,5.34258333333333,0.5950465046134757
Seychelles,SYC,2000,3.14758695747104,5.71381666666667,0.5508729350441832
Seychelles,SYC,2001,3.26779575437035,5.85754166666667,0.557878362686909
Seychelles,SYC,2002,3.33405544438743,5.48003333333333,0.6084005774394496
Seychelles,SYC,2003,3.4639371920316,5.40071666666667,0.6413847283289436
Seychelles,SYC,2004,4.2055424881969,5.5,0.7646440887630728
Seychelles,SYC,2005,4.09639053932924,5.5,0.7447982798780437
Seychelles,SYC,2006,4.03116020163786,5.51969166666667,0.7303234392569375
Seychelles,SYC,2007,4.35967356531282,6.7010595376306,0.6505946620576272
Seychelles,SYC,2008,5.64283566336482,9.45724328344921,0.5966681298386548
Seychelles,SYC,2009,7.18875867760819,13.60994045249,0.5281991278876591
Seychelles,SYC,2010,6.95189238684229,12.06775664095,0.5760716422845449
Seychelles,SYC,2011,6.88386535644531,12.3810319073844,0.5560009382044784
Seychelles,SYC,2012,7.59387852436702,13.7040312149325,0.5541346487953416
Seychelles,SYC,2013,7.89489832987829,12.0583166666667,0.654726405693299
Seychelles,SYC,2014,7.74897049554928,12.7470333333333,0.6079038387140511
Seychelles,SYC,2015,8.02602612193369,13.313925,0.602829452767211
Seychelles,SYC,2016,7.65869628659678,13.3191166666667,0.5750153315920671
Seychelles,SYC,2017,7.77740812301636,13.6478416666667,0.5698635955025617
Seychelles,SYC,2018,7.99357652664185,13.9111166666667,0.5746178914447436
Seychelles,SYC,2019,7.84994125366211,14.03325,0.5593815583462213
Seychelles,SYC,2020,7.96504259109497,17.6165187554113,0.45213487986372636
Seychelles,SYC,2021,8.45630931854248,16.9205225709613,0.49976643942752974
Seychelles,SYC,2022,8.15003466839282,14.2727945255291,0.5710188466466901
Seychelles,SYC,2023,7.96877388742183,14.0181106992979,0.5684627592376588
Seychelles,SYC,2024,8.00344901789428,14.5296931907518,0.5508339999215195
Seychelles,SYC,2025,7.98797394952878,14.7254562696937,0.5424601997541321
Syrian Arab Republic,SYR,2017,132.995910644531,492.610833333333,0.26998170085824563
Syrian Arab Republic,SYR,2018,141.603332519531,436.5,0.32440626006765405
Syrian Arab Republic,SYR,2019,163.027435302734,436.5,0.3734878242903414
Syrian Arab Republic,SYR,2020,237.009140014648,877.945250896057,0.26995890663199035
Syrian Arab Republic,SYR,2021,417.322418212891,1256.0,0.3322630718255502
Syrian Arab Republic,SYR,2022,807.95702765744,2505.74691085873,0.3224415938242341
Turks and Caicos Islands,TCA,2007,0.920047185135737,1.0,0.920047185135737
Turks and Caicos Islands,TCA,2008,0.929829681913905,1.0,0.929829681913905
Turks and Caicos Islands,TCA,2009,0.936311952884861,1.0,0.936311952884861
Turks and Caicos Islands,TCA,2010,0.894698213640074,1.0,0.894698213640074
Turks and Caicos Islands,TCA,2011,1.02840805053711,1.0,1.02840805053711
Turks and Caicos Islands,TCA,2012,1.09797098553298,1.0,1.09797098553298
Turks and Caicos Islands,TCA,2013,1.07196025937819,1.0,1.07196025937819
Turks and Caicos Islands,TCA,2014,1.06835783618016,1.0,1.06835783618016
Turks and Caicos Islands,TCA,2015,1.07176271991537,1.0,1.07176271991537
Turks and Caicos Islands,TCA,2016,1.05349065622913,1.0,1.05349065622913
Turks and Caicos Islands,TCA,2017,0.997238159179688,1.0,0.997238159179688
Turks and Caicos Islands,TCA,2018,1.01522052288055,1.0,1.01522052288055
Turks and Caicos Islands,TCA,2019,1.01947629451752,1.0,1.01947629451752
Turks and Caicos Islands,TCA,2020,1.05944132804871,1.0,1.05944132804871
Turks and Caicos Islands,TCA,2021,1.09070706367493,1.0,1.09070706367493
Turks and Caicos Islands,TCA,2022,1.03522987741756,1.0,1.03522987741756
Turks and Caicos Islands,TCA,2023,1.00295056929768,1.0,1.00295056929768
Turks and Caicos Islands,TCA,2024,0.986773622391009,1.0,0.986773622391009
Chad,TCD,1990,110.983129119934,272.264787954393,0.4076293888526076
Chad,TCD,1991,110.652147592626,282.10690880882,0.3922348022593571
Chad,TCD,1992,94.2235510979365,264.691800750579,0.355974574319074
Chad,TCD,1993,90.8318743155159,283.162579500018,0.320776405116447
Chad,TCD,1994,127.658812141369,555.204695655697,0.2299310743231447
Chad,TCD,1995,136.081864702534,499.14842590131,0.27262805538615414
Chad,TCD,1996,148.947859252918,511.552430272516,0.2911683151882789
Chad,TCD,1997,151.961736161019,583.669372353396,0.26035585103309183
Chad,TCD,1998,160.41540145811,589.951774567332,0.271912736555048
Chad,TCD,1999,146.198505309144,615.473349319164,0.23753831984905383
Chad,TCD,2000,150.522492704366,710.207977031367,0.2119414278244836
Chad,TCD,2001,167.519053900815,732.397693260228,0.2287268999375369
Chad,TCD,2002,168.102707884699,693.713226496374,0.2423230543458258
Chad,TCD,2003,164.978325566331,579.897426172466,0.2844957023783464
Chad,TCD,2004,176.296959241937,527.338032291576,0.3343148956577795
Chad,TCD,2005,210.254979019648,527.258362649626,0.39877030676774067
Chad,TCD,2006,227.935142609361,522.425624895176,0.43630161260771977
Chad,TCD,2007,218.350738666272,478.633718476363,0.45619589727474474
Chad,TCD,2008,238.567548303367,446.000041432788,0.5349047671317739
Chad,TCD,2009,233.358416414066,470.293423341398,0.4961974904009346
Chad,TCD,2010,243.548368793815,494.794262222947,0.4922214895937409
Chad,TCD,2011,258.131317138672,471.248625718937,0.5477603605631036
Chad,TCD,2012,283.956220481285,510.556338454251,0.5561701992398813
Chad,TCD,2013,305.406616007386,493.899623852237,0.6183576606625567
Chad,TCD,2014,295.994964502156,493.757329875312,0.5994745730193074
Chad,TCD,2015,247.173979732254,591.21169798261,0.41808032651533295
Chad,TCD,2016,240.898708633551,592.605615063022,0.4065076376435145
Chad,TCD,2017,236.582992553711,580.656749587858,0.40744035563460557
Chad,TCD,2018,236.522491455078,555.446458398226,0.4258241057781734
Chad,TCD,2019,222.573471069336,585.911013180369,0.37987589593373655
Chad,TCD,2020,228.273208618164,575.586004510945,0.3965927017494451
Chad,TCD,2021,215.510940551758,554.530675033104,0.38863664402134757
Chad,TCD,2022,229.665797654579,623.759700911182,0.3681959532157744
Chad,TCD,2023,213.178375331775,606.569750165917,0.3514490712295884
Chad,TCD,2024,214.899757142113,606.345297609063,0.35441811454546507
Chad,TCD,2025,204.953276226313,581.92848104034,0.35219667519951714
Togo,TGO,1990,141.039751218,272.264787954393,0.5180242082631175
Togo,TGO,1991,140.070145846565,282.10690880882,0.49651441163920107
Togo,TGO,1992,141.393870452488,264.691800750579,0.5341830387323726
Togo,TGO,1993,126.798596511726,283.162579500018,0.44779432626872906
Togo,TGO,1994,168.645320819889,555.204695655697,0.3037534122810665
Togo,TGO,1995,183.491086460531,499.14842590131,0.36760826427370175
Togo,TGO,1996,189.900816885287,511.552430272516,0.37122454248555203
Togo,TGO,1997,190.482491676746,583.669372353396,0.3263534129068777
Togo,TGO,1998,206.366916514846,589.951774567332,0.34980302697825527
Togo,TGO,1999,205.756513561232,615.473349319164,0.33430613005232424
Togo,TGO,2000,221.418367223485,710.207977031367,0.3117655312025675
Togo,TGO,2001,220.080921802735,732.397693260228,0.30049373970998855
Togo,TGO,2002,227.609237302332,693.713226496374,0.3281027787979212
Togo,TGO,2003,216.745029557618,579.897426172466,0.37376442759578027
Togo,TGO,2004,207.042228149451,527.338032291576,0.39261766736174475
Togo,TGO,2005,212.544131461444,527.258362649626,0.40311192105773
Togo,TGO,2006,205.136704028505,522.425624895176,0.3926620254694922
Togo,TGO,2007,209.639503911871,478.633718476363,0.43799568609419626
Togo,TGO,2008,224.340293887972,446.000041432788,0.5030050965180908
Togo,TGO,2009,229.915451136837,470.293423341398,0.48887660283085754
Togo,TGO,2010,226.94289112947,494.794262222947,0.45866112131108927
Togo,TGO,2011,228.624969482422,471.248625718937,0.48514723864421183
Togo,TGO,2012,236.577416140257,510.556338454251,0.46337181290612023
Togo,TGO,2013,237.984447804111,493.899623852237,0.481847801275731
Togo,TGO,2014,234.28539708271,493.757329875312,0.47449502601181404
Togo,TGO,2015,236.228225923929,591.21169798261,0.39956622429835187
Togo,TGO,2016,236.861637104047,592.605615063022,0.39969522914300665
Togo,TGO,2017,231.840179443359,580.656749587858,0.3992723405142813
Togo,TGO,2018,228.706680297852,555.446458398226,0.4117528824603312
Togo,TGO,2019,218.590423583984,585.911013180369,0.37307785425888956
Togo,TGO,2020,208.467544555664,575.586004510945,0.3621831367022057
Togo,TGO,2021,202.174468994141,554.530675033104,0.3645866281104679
Togo,TGO,2022,202.191382356231,623.759700911182,0.32414947945638656
Togo,TGO,2023,200.773930626041,606.569750165917,0.33099891738934006
Togo,TGO,2024,201.237092771315,606.345297609063,0.33188530292035223
Togo,TGO,2025,197.415755247599,581.92848104034,0.3392440165407782
Thailand,THA,1990,8.9631306812425,25.585462419191,0.3503212306422684
Thailand,THA,1991,9.16814959647606,25.5167954060799,0.3592986286315389
Thailand,THA,1992,9.36639465604621,25.4001281507941,0.36875383464368006
Thailand,THA,1993,9.74338512001734,25.3196110778961,0.3848157497380862
Thailand,THA,1994,9.98546106121548,25.1499518885845,0.39703698462134457
Thailand,THA,1995,10.3418144734331,24.9151757040726,0.41508093686622655
Thailand,THA,1996,10.572086590631,25.3426828609665,0.41716524839264035
Thailand,THA,1997,10.8523531559397,31.3643344542954,0.3460093556824526
Thailand,THA,1998,11.5971194542062,41.3593875,0.28039872336615723
Thailand,THA,1999,11.1406164844852,37.8136558333333,0.29461886820963185
Thailand,THA,2000,11.0388521103141,40.1118033333333,0.2752020899828432
Thailand,THA,2001,11.0027772325921,44.4319,0.24763238197313417
Thailand,THA,2002,11.0175622386868,42.9600833333333,0.2564604484865635
Thailand,THA,2003,11.0364949955687,41.4846166666667,0.266038254234048
Thailand,THA,2004,11.1310913363408,40.2224149175021,0.2767385140641393
Thailand,THA,2005,11.3422073482847,40.2201302083333,0.2820032478645403
Thailand,THA,2006,11.5645072774312,37.8819832215363,0.305277239837239
Thailand,THA,2007,11.5379438775681,34.5181805917013,0.3342570112267736
Thailand,THA,2008,11.9009792517231,33.3133006412338,0.357244074368079
Thailand,THA,2009,11.8510639652486,34.2857741234241,0.3456554290588974
Thailand,THA,2010,12.1866024526936,31.685705,0.38460884656641225
Thailand,THA,2011,12.3871974945068,30.4917333333333,0.40624773144546766
Thailand,THA,2012,12.1756433231893,31.0830916666667,0.3917127502553544
Thailand,THA,2013,12.152472358636,30.7259666666667,0.3955114737470474
Thailand,THA,2014,12.2628079911661,32.4798333333333,0.3775514444706545
Thailand,THA,2015,12.3379218581063,34.2477166666667,0.3602553121480008
Thailand,THA,2016,12.3508534176816,35.2963833333333,0.34991838401804937
Thailand,THA,2017,12.3857574462891,33.9398110566858,0.36493301113558296
Thailand,THA,2018,12.1526117324829,32.3102257431458,0.37612277391967525
Thailand,THA,2019,11.8285846710205,31.0476057805499,0.3809821844114834
Thailand,THA,2020,11.4072952270508,31.2936732130832,0.36452400935412277
Thailand,THA,2021,11.1481275558472,31.9770934417717,0.34862854487219885
Thailand,THA,2022,10.8908662974783,35.0613502144776,0.3106231286261538
Thailand,THA,2023,10.633894352836,34.8021885808364,0.30555246053380347
Thailand,THA,2024,10.466022403802,35.2935380808081,0.29654217097302604
Thailand,THA,2025,10.0922556843405,32.882809252867,0.30691586009977456
Tajikistan,TJK,1992,6.65310975207463e-05,0.0024685179666666,0.026951838479258694
Tajikistan,TJK,1993,0.0008495644213097,0.010357405,0.08202483356687318
Tajikistan,TJK,1994,0.0030195431257684,0.0244943481666667,0.1232750961659623
Tajikistan,TJK,1995,0.0116683770936838,0.122858703333333,0.0949739560739612
Tajikistan,TJK,1996,0.0607778578012588,0.2955,0.20567802978429375
Tajikistan,TJK,1997,0.0987335311026924,0.562333333333333,0.17557830071610986
Tajikistan,TJK,1998,0.183435385415893,0.776625,0.23619557111333397
Tajikistan,TJK,1999,0.22880997493808,1.23779166666667,0.18485338130790405
Tajikistan,TJK,2000,0.27437874516766,2.07625,0.1321511114594389
Tajikistan,TJK,2001,0.351380670265019,2.37219166666667,0.148124907107008
Tajikistan,TJK,2002,0.411120674162764,2.76413333333333,0.14873402422559132
Tajikistan,TJK,2003,0.512363087961515,3.06136666666667,0.16736416893158212
Tajikistan,TJK,2004,0.585920155684859,2.97050833333333,0.19724575390346535
Tajikistan,TJK,2005,0.622158989175872,3.11656666666667,0.1996296103113056
Tajikistan,TJK,2006,0.730668230619444,3.29840833333333,0.22152146028597977
Tajikistan,TJK,2007,0.90516442201409,3.44248333333333,0.26293937671373596
Tajikistan,TJK,2008,1.13816122861656,3.430725,0.33175530787706975
Tajikistan,TJK,2009,1.2683539896881,4.14270833333333,0.3061654086247365
Tajikistan,TJK,2010,1.40928519435018,4.37896666666667,0.3218305371168645
Tajikistan,TJK,2011,1.56478023529053,4.61018333333333,0.3394182231271781
Tajikistan,TJK,2012,1.6843324471226,4.73770833333333,0.3555162809985702
Tajikistan,TJK,2013,1.6784200002797,4.76423333333334,0.3522959273502622
Tajikistan,TJK,2014,1.69437273495577,4.93756666666667,0.34315946484214943
Tajikistan,TJK,2015,1.98206846361453,6.16311666666667,0.32160164585794454
Tajikistan,TJK,2016,2.12092749841489,7.835675,0.2706757871421275
Tajikistan,TJK,2017,2.35055923461914,8.54974166666667,0.27492751550416894
Tajikistan,TJK,2018,2.48761677742004,9.15121666666667,0.27183454048041394
Tajikistan,TJK,2019,2.39919829368591,9.53036666666667,0.251742496128436
Tajikistan,TJK,2020,2.35681772232056,10.3219416666667,0.2283308507673107
Tajikistan,TJK,2021,2.5442578792572,11.30885,0.22497936388379014
Tajikistan,TJK,2022,2.57156851987868,11.031075,0.23312039124733358
Tajikistan,TJK,2023,2.57264357607453,10.844525,0.23722971509351767
Tajikistan,TJK,2024,2.71696406896418,10.7994916666667,0.25158258859074434
Tajikistan,TJK,2025,2.76890578758637,10.0177083333333,0.2764011184447254
Turkmenistan,TKM,1994,0.0019208295677252,19.1983333333333,0.00010005189171239882
Turkmenistan,TKM,1995,0.0151586491930167,110.916666666667,0.00013666701000465803
Turkmenistan,TKM,1996,0.189692087202004,3257.66666666667,5.822943431965736e-05
Turkmenistan,TKM,1997,0.301718895087048,4143.41666666667,7.281886408247166e-05
Turkmenistan,TKM,1998,0.350928158520127,4890.16666666667,7.176200371905391e-05
Turkmenistan,TKM,1999,0.425637067290412,5200.0,8.185328217123308e-05
Turkmenistan,TKM,2000,0.456981338137997,5200.0,8.788102656499942e-05
Turkmenistan,TKM,2001,0.512367078955103,5200.0,9.853213056828905e-05
Timor-Leste,TLS,1990,0.246061698992132,1.0,0.246061698992132
Timor-Leste,TLS,1991,0.247680933959852,1.0,0.247680933959852
Timor-Leste,TLS,1992,0.278863700882846,1.0,0.278863700882846
Timor-Leste,TLS,1993,0.285363735112361,1.0,0.285363735112361
Timor-Leste,TLS,1994,0.287424892322541,1.0,0.287424892322541
Timor-Leste,TLS,1995,0.290142482737435,1.0,0.290142482737435
Timor-Leste,TLS,1996,0.30817638883807,1.0,0.30817638883807
Timor-Leste,TLS,1997,0.303652059945497,1.0,0.303652059945497
Timor-Leste,TLS,1998,0.311918434694344,1.0,0.311918434694344
Timor-Leste,TLS,1999,0.329665313991878,1.0,0.329665313991878
Timor-Leste,TLS,2000,0.332030494867124,1.0,0.332030494867124
Timor-Leste,TLS,2001,0.363093614839933,1.0,0.363093614839933
Timor-Leste,TLS,2002,0.376870581129955,1.0,0.376870581129955
Timor-Leste,TLS,2003,0.394706693214089,1.0,0.394706693214089
Timor-Leste,TLS,2004,0.344068866890975,1.0,0.344068866890975
Timor-Leste,TLS,2005,0.339738701273219,1.0,0.339738701273219
Timor-Leste,TLS,2006,0.33742100269959,1.0,0.33742100269959
Timor-Leste,TLS,2007,0.356370910327774,1.0,0.356370910327774
Timor-Leste,TLS,2008,0.375006616962725,1.0,0.375006616962725
Timor-Leste,TLS,2009,0.379286589249264,1.0,0.379286589249264
Timor-Leste,TLS,2010,0.41581749858955,1.0,0.41581749858955
Timor-Leste,TLS,2011,0.45453202700875,1.0,0.45453202700875
Timor-Leste,TLS,2012,0.42856696972093,1.0,0.42856696972093
Timor-Leste,TLS,2013,0.469428683092558,1.0,0.469428683092558
Timor-Leste,TLS,2014,0.428254989272727,1.0,0.428254989272727
Timor-Leste,TLS,2015,0.424637953835626,1.0,0.424637953835626
Timor-Leste,TLS,2016,0.393877192203333,1.0,0.393877192203333
Timor-Leste,TLS,2017,0.365617901086807,1.0,0.365617901086807
Timor-Leste,TLS,2018,0.34242276590442,1.0,0.34242276590442
Timor-Leste,TLS,2019,0.342878394462742,1.0,0.342878394462742
Timor-Leste,TLS,2020,0.265956834851583,1.0,0.265956834851583
Timor-Leste,TLS,2021,0.393393218517303,1.0,0.393393218517303
Timor-Leste,TLS,2022,0.409022349503433,1.0,0.409022349503433
Timor-Leste,TLS,2023,0.312300787818626,1.0,0.312300787818626
Timor-Leste,TLS,2024,0.300724727908055,1.0,0.300724727908055
Timor-Leste,TLS,2025,0.278816251223677,1.0,0.278816251223677
Tonga,TON,1990,0.617967875512608,1.28092883799118,0.48243731984497884
Tonga,TON,1991,0.654308180752113,1.29611458948586,0.504822788092882
Tonga,TON,1992,0.687373585189451,1.34717068495896,0.510234963441467
Tonga,TON,1993,0.671899457616849,1.3840888319542,0.4854453284390654
Tonga,TON,1994,0.836606779201516,1.32021960428569,0.6336875899174104
Tonga,TON,1995,0.791380139168413,1.27094262839791,0.6226718039711905
Tonga,TON,1996,0.800270894302046,1.23197439919933,0.6495840293614449
Tonga,TON,1997,0.785776334325709,1.26351842815085,0.6218954285262677
Tonga,TON,1998,0.799012221114782,1.4920553704767,0.535511105636451
Tonga,TON,1999,0.849837439403128,1.59913237242174,0.5314365802726679
Tonga,TON,2000,0.852949875706225,1.75850260417167,0.4850432826671877
Tonga,TON,2001,0.867706515143081,2.12357416892489,0.40860664432661564
Tonga,TON,2002,0.919530340431127,2.19518733528738,0.4188846781546997
Tonga,TON,2003,1.00452142944539,2.1458922520016,0.46811363828189123
Tonga,TON,2004,1.06047431100103,1.97156279313261,0.5378851308692256
Tonga,TON,2005,1.11308672219394,1.94303621693648,0.5728594827475251
Tonga,TON,2006,1.27678089583963,2.02588079490914,0.6302349570853665
Tonga,TON,2007,1.29788234575058,1.97093365696189,0.6585114324706445
Tonga,TON,2008,1.32978914305738,1.94244425686853,0.6845957809884188
Tonga,TON,2009,1.38651493106874,2.03449361322879,0.6815037029623837
Tonga,TON,2010,1.47564257930073,1.90598784238353,0.774214056609809
Tonga,TON,2011,1.45268475139735,1.72895070977832,0.840211778844527
Tonga,TON,2012,1.48723174256858,1.71950701586165,0.8649175192945193
Tonga,TON,2013,1.42883831233414,1.77371311869907,0.805563367193293
Tonga,TON,2014,1.404962740171,1.84677368453546,0.7607660602573543
Tonga,TON,2015,1.46445761103465,2.10576325744967,0.6954521624659187
Tonga,TON,2016,1.49380804148896,2.21566110422528,0.6742042086852807
Tonga,TON,2017,1.54934634233092,2.2059726971784,0.7023415767169952
Tonga,TON,2018,1.60436189913838,2.23657147594223,0.7173309310235609
Tonga,TON,2019,1.68071967022683,2.28948563032632,0.7341036117301498
Tonga,TON,2020,1.65817470073141,2.29956150787889,0.721082995627678
Tonga,TON,2021,1.6181267936974,2.26495960050055,0.7144175080826158
Tonga,TON,2022,1.64965250567737,2.32792982731644,0.7086349795943097
Tonga,TON,2023,1.70893132936348,2.36369881809753,0.722990304974196
Tonga,TON,2024,1.80513568511512,2.37304157408369,0.7606843912172683
Tonga,TON,2025,1.80792099963135,2.41052686435725,0.7500107243622938
Trinidad and Tobago,TTO,1990,2.50098334966485,4.25,0.5884666705093765
Trinidad and Tobago,TTO,1991,2.4572103850799,4.25,0.5781671494305647
Trinidad and Tobago,TTO,1992,2.23633497683382,4.25,0.5261964651373694
Trinidad and Tobago,TTO,1993,2.37705214992482,5.35109666666667,0.44421775534949254
Trinidad and Tobago,TTO,1994,2.63614774825777,5.92492916666667,0.4449247702552453
Trinidad and Tobago,TTO,1995,2.68966249296494,5.94779583333333,0.45221163744243215
Trinidad and Tobago,TTO,1996,2.69015849456616,6.00506583333333,0.4479815158117741
Trinidad and Tobago,TTO,1997,2.55084294952015,6.25167833333334,0.40802530352838273
Trinidad and Tobago,TTO,1998,2.47566382686543,6.2983075,0.3930681102606422
Trinidad and Tobago,TTO,1999,2.54616540359713,6.2989,0.4042238174279843
Trinidad and Tobago,TTO,2000,2.78961380315745,6.29979666666667,0.44281013352665594
Trinidad and Tobago,TTO,2001,2.8044075888976,6.23321666666666,0.4499133816244052
Trinidad and Tobago,TTO,2002,2.61810257167779,6.24868333333333,0.41898467757385555
Trinidad and Tobago,TTO,2003,2.83644177087399,6.2951,0.45057930308875005
Trinidad and Tobago,TTO,2004,3.0075616635756,6.29899166666666,0.47746716025854985
Trinidad and Tobago,TTO,2005,3.30459760038571,6.29955833333334,0.5245760774846447
Trinidad and Tobago,TTO,2006,3.26117190323366,6.31228333333333,0.5166390244259729
Trinidad and Tobago,TTO,2007,3.58003914772767,6.32803333333333,0.5657427764910117
Trinidad and Tobago,TTO,2008,4.34804648058145,6.28943333333333,0.6913256330323536
Trinidad and Tobago,TTO,2009,3.12731464512318,6.32490833333333,0.4944442639020879
Trinidad and Tobago,TTO,2010,3.48319532184637,6.37550833333333,0.5463400155302186
Trinidad and Tobago,TTO,2011,3.94960689544678,6.40930070568579,0.6162305494487132
Trinidad and Tobago,TTO,2012,4.10019883937636,6.42960265594542,0.6377064118550044
Trinidad and Tobago,TTO,2013,4.32366849639645,6.44262939764659,0.6711030899861834
Trinidad and Tobago,TTO,2014,4.38425220895755,6.40909457829793,0.684067328917758
Trinidad and Tobago,TTO,2015,4.25239581601675,6.37744166666667,0.6667870971275182
Trinidad and Tobago,TTO,2016,4.12188799550597,6.66896666666667,0.6180699651879055
Trinidad and Tobago,TTO,2017,4.18089962005615,6.779525,0.6166950664030518
Trinidad and Tobago,TTO,2018,4.14924287796021,6.77075089824606,0.6128187169070209
Trinidad and Tobago,TTO,2019,3.96576571464539,6.7543266828632,0.5871444928340774
Trinidad and Tobago,TTO,2020,3.85990810394287,6.75105268711505,0.5717490712685191
Trinidad and Tobago,TTO,2021,3.92725038528442,6.75853004916294,0.5810805540134898
Trinidad and Tobago,TTO,2022,4.25041712792003,6.75412896099475,0.6293064808898803
Trinidad and Tobago,TTO,2023,3.56652407152063,6.75026237934502,0.528353398889169
Trinidad and Tobago,TTO,2024,3.47576710505924,6.75012324870591,0.5149190580669162
Trinidad and Tobago,TTO,2025,3.44833404244324,6.74884660621027,0.5109516104974282
Tunisia,TUN,1990,0.397928640195286,0.878333333333334,0.4530496852318244
Tunisia,TUN,1991,0.411997125627479,0.924620833333333,0.4455849476614062
Tunisia,TUN,1992,0.42574404026232,0.884433333333333,0.4813749371676631
Tunisia,TUN,1993,0.435396835746714,1.00374166666667,0.43377379878293304
Tunisia,TUN,1994,0.445588939608689,1.01155416666667,0.44049933685411885
Tunisia,TUN,1995,0.459792414467866,0.94575,0.48616697273895426
Tunisia,TUN,1996,0.471197197673904,0.973408333333333,0.484069410070016
Tunisia,TUN,1997,0.481515789930759,1.10590833333333,0.43540298541689904
Tunisia,TUN,1998,0.491742897014042,1.138725,0.43183639334698193
Tunisia,TUN,1999,0.501180243761571,1.186225,0.42250015280538766
Tunisia,TUN,2000,0.506171131024199,1.37068333333333,0.36928378620702584
Tunisia,TUN,2001,0.514397885885826,1.4387125,0.3575404299926678
Tunisia,TUN,2002,0.518099622918853,1.42173333333333,0.3644140646995599
Tunisia,TUN,2003,0.521709154453236,1.28845833333333,0.40490960472391735
Tunisia,TUN,2004,0.525075078975122,1.24546666666667,0.4215890260478968
Tunisia,TUN,2005,0.530371787179522,1.29743333333333,0.40878538692767
Tunisia,TUN,2006,0.534230523561973,1.331025,0.40136776060703067
Tunisia,TUN,2007,0.531199249713761,1.28135833333333,0.4145594841779328
Tunisia,TUN,2008,0.554201157120915,1.23214166666667,0.4497868809356988
Tunisia,TUN,2009,0.567454954587225,1.350275,0.42025139663196387
Tunisia,TUN,2010,0.582029228490446,1.4314,0.4066153615274878
Tunisia,TUN,2011,0.596331477165222,1.40778333333333,0.42359606272169487
Tunisia,TUN,2012,0.632328272116519,1.56189166666667,0.404847714864892
Tunisia,TUN,2013,0.665264818731343,1.62465833333333,0.4094798303631088
Tunisia,TUN,2014,0.691510979296202,1.697675,0.40732824556891156
Tunisia,TUN,2015,0.730423355794027,1.961625,0.3723562637068894
Tunisia,TUN,2016,0.751815691885531,2.14803333333333,0.3500018739089394
Tunisia,TUN,2017,0.775635421276093,2.419425,0.32058667711381544
Tunisia,TUN,2018,0.810976982116699,2.64686666666667,0.30639132387352264
Tunisia,TUN,2019,0.828764498233795,2.93443333333333,0.28242744138009473
Tunisia,TUN,2020,0.837391257286072,2.81235833333333,0.2977541116865998
Tunisia,TUN,2021,0.87733256816864,2.79446666666667,0.31395349196100825
Tunisia,TUN,2022,0.845008249684883,3.1036,0.27226712517234275
Tunisia,TUN,2023,0.873376130086666,3.10616666666667,0.28117490907978704
Tunisia,TUN,2024,0.894842382226534,3.10745,0.287966783770144
Turkiye,TUR,1990,0.001186,0.0026086416666666,0.4546427419123095
Turkiye,TUR,1991,0.001822,0.0041718158333333,0.43674027636646984
Turkiye,TUR,1992,0.002916,0.0068724233333333,0.42430447872099664
Turkiye,TUR,1993,0.004779,0.0109846283333333,0.43506251235628346
Turkiye,TUR,1994,0.009659,0.0296086758333333,0.32622195110549135
Turkiye,TUR,1995,0.017711,0.0458450608333333,0.38632296867021676
Turkiye,TUR,1996,0.030976,0.0814048916666666,0.38051767364102945
Turkiye,TUR,1997,0.055376,0.151865,0.3646396470549501
Turkiye,TUR,1998,0.128873,0.26072425,0.4942885059598407
Turkiye,TUR,1999,0.196465,0.418782916666667,0.46913327211094813
Turkiye,TUR,2000,0.281594,0.6252185,0.45039294262725754
Turkiye,TUR,2001,0.414949,1.22558808333333,0.3385713402756251
Turkiye,TUR,2002,0.591251,1.50722641666667,0.3922774929247792
Turkiye,TUR,2003,0.736506,1.50088520858333,0.49071441026138196
Turkiye,TUR,2004,0.79215,1.42553725,0.5556852337601139
Turkiye,TUR,2005,0.834589,1.34358310833333,0.6211666363052746
Turkiye,TUR,2006,0.841811,1.42845341333845,0.589316383817234
Turkiye,TUR,2007,0.851116,1.30293090533794,0.6532318763129245
Turkiye,TUR,2008,0.87996,1.30152170281795,0.6761009041146079
Turkiye,TUR,2009,0.904655,1.54995977566564,0.583663533856219
Turkiye,TUR,2010,0.920469,1.5028486296723,0.6124828421347469
Turkiye,TUR,2011,0.966176,1.67495455197133,0.5768371439468991
Turkiye,TUR,2012,1.019856,1.79600094441355,0.567848253739652
Turkiye,TUR,2013,1.070294,1.90376824244752,0.5621976331656894
Turkiye,TUR,2014,1.104504,2.18854241775473,0.504675619279581
Turkiye,TUR,2015,1.162141,2.72000852790578,0.4272563810286172
Turkiye,TUR,2016,1.241052,3.02013474808043,0.4109260359289602
Turkiye,TUR,2017,1.38398,3.64813263536867,0.3793666892980548
Turkiye,TUR,2018,1.63261,4.82837014720942,0.33812859209718515
Turkiye,TUR,2019,1.837125,5.67381930843574,0.3237898318807215
Turkiye,TUR,2020,2.111056,7.00860541558522,0.30120913859775716
Turkiye,TUR,2021,2.751633,8.85040754928315,0.3109046656526989
Turkiye,TUR,2022,4.517801,16.5488604173067,0.2729977101792043
Turkiye,TUR,2023,7.350289,23.7385661219918,0.3096349190691249
Turkiye,TUR,2024,11.554529,32.8058614432703,0.3522092849163777
Turkiye,TUR,2025,16.203626,39.4548130977983,0.41068819562863956
Tuvalu,TUV,1990,0.829170819959403,1.28105666666667,0.6472553802923634
Tuvalu,TUV,1991,0.823245783458496,1.28375583333333,0.6412790984722547
Tuvalu,TUV,1992,0.864015842121166,1.36164833333333,0.6345367015623232
Tuvalu,TUV,1993,0.865502227480292,1.47056,0.5885528149006446
Tuvalu,TUV,1994,0.807877510749538,1.36775083333333,0.5906613186121547
Tuvalu,TUV,1995,0.832041240047957,1.3490325,0.6167688621645193
Tuvalu,TUV,1996,0.920788634347407,1.27786333333333,0.7205689453077215
Tuvalu,TUV,1997,0.893363509234049,1.34738,0.6630375315308591
Tuvalu,TUV,1998,0.907646717604851,1.59182833333333,0.5701913319410612
Tuvalu,TUV,1999,0.949767736348501,1.54995,0.612773145165006
Tuvalu,TUV,2000,1.04888726878405,1.72482666666667,0.6081116955427683
Tuvalu,TUV,2001,1.08501469173546,1.9334425,0.5611828082477033
Tuvalu,TUV,2002,1.10501430274436,1.8405625,0.6003677151655322
Tuvalu,TUV,2003,1.11706377575109,1.54191416666667,0.7244656024958723
Tuvalu,TUV,2004,1.14220888166453,1.3597525,0.8400123417052221
Tuvalu,TUV,2005,1.10648071823987,1.30947333333333,0.8449814823057663
Tuvalu,TUV,2006,1.14174908382616,1.3279734405,0.859768011170672
Tuvalu,TUV,2007,1.10047522763188,1.1950725,0.9208439049780496
Tuvalu,TUV,2008,1.11871906790434,1.19217833333333,0.9383823180013698
Tuvalu,TUV,2009,1.11661966838396,1.28218881008452,0.8708699214980312
Tuvalu,TUV,2010,1.11965609881531,1.09015948638677,1.027057153376983
Tuvalu,TUV,2011,1.10992627187568,0.969463201496735,1.1448874698514464
Tuvalu,TUV,2012,1.09620132445577,0.965801030658708,1.135017762103779
Tuvalu,TUV,2013,1.10948928471448,1.03584309652054,1.0710978220942167
Tuvalu,TUV,2014,1.14505816749021,1.10936329281692,1.0321760012291852
Tuvalu,TUV,2015,1.18375760990717,1.33109026245502,0.8893143036925878
Tuvalu,TUV,2016,1.26833758703806,1.34521397601947,0.9428519251570002
Tuvalu,TUV,2017,1.2831450828569,1.30475807671592,0.983435248078004
Tuvalu,TUV,2018,1.34589673612802,1.33841214646451,1.0055921411676374
Tuvalu,TUV,2019,1.39806312151275,1.43850654421382,0.9718851312399323
Tuvalu,TUV,2020,1.40414647480034,1.45308511847016,0.9663208692679038
Tuvalu,TUV,2021,1.44888778782138,1.33122425957081,1.0883874579392845
Tuvalu,TUV,2022,1.44470924784883,1.44166445896522,1.002111995523421
Tuvalu,TUV,2023,1.3114225093946,1.50519106560509,0.8712664719860035
Tuvalu,TUV,2024,1.40055610872817,1.51535803855596,0.9242410526708335
Tuvalu,TUV,2025,1.38717699395366,1.5519978866485,0.893800826590836
Tanzania,TZA,1990,51.3508355268307,195.055916666667,0.26326212710883645
Tanzania,TZA,1991,63.634881138753,219.157416666667,0.2903615223551393
Tanzania,TZA,1992,78.0049198737467,297.708083333333,0.26201814542740315
Tanzania,TZA,1993,94.8384923722207,405.274016666667,0.2340107889280852
Tanzania,TZA,1994,121.79895765879,509.630875,0.23899446370628546
Tanzania,TZA,1995,151.34333612044,574.761741666666,0.26331490972517063
Tanzania,TZA,1996,177.326830438302,579.976666666667,0.3057482147643329
Tanzania,TZA,1997,210.208579123866,612.1225,0.3434093324847004
Tanzania,TZA,1998,237.436218082993,664.671208333333,0.35722356423165336
Tanzania,TZA,1999,261.140956873816,744.759075,0.35063816694521777
Tanzania,TZA,2000,276.298694287971,800.408516666667,0.34519709440202845
Tanzania,TZA,2001,283.22774377591,876.411666666667,0.3231674731728924
Tanzania,TZA,2002,299.066220304729,966.582784259259,0.30940569724084055
Tanzania,TZA,2003,317.966006653742,1038.41900659604,0.3062020288862407
Tanzania,TZA,2004,330.960139474687,1089.33477148983,0.3038185763794623
Tanzania,TZA,2005,341.52010074415,1128.93417916192,0.3025155115754244
Tanzania,TZA,2006,349.558374164254,1251.89997292515,0.2792222875023209
Tanzania,TZA,2007,371.306402067777,1245.03546404783,0.2982295788270917
Tanzania,TZA,2008,423.960700768938,1196.31070921046,0.35439012415824916
Tanzania,TZA,2009,459.459935980111,1320.31206074041,0.3479934400678376
Tanzania,TZA,2010,496.744243025513,1395.625,0.3559295964356564
Tanzania,TZA,2011,546.073120117188,1557.43333333333,0.3506237528308472
Tanzania,TZA,2012,650.23799438398,1571.69833333333,0.41371679322515115
Tanzania,TZA,2013,707.468697119525,1597.55583333333,0.4428444266911025
Tanzania,TZA,2014,760.901227042674,1653.23083333333,0.46025105006571004
Tanzania,TZA,2015,806.452660291479,1991.39083333333,0.40496955534418216
Tanzania,TZA,2016,852.166699351825,2177.08666666667,0.3914252530224598
Tanzania,TZA,2017,889.44873046875,2228.85666666667,0.3990605334882078
Tanzania,TZA,2018,849.043212890625,2263.78166666667,0.375055256163819
Tanzania,TZA,2019,815.964294433594,2288.20666666667,0.35659554109342956
Tanzania,TZA,2020,779.039184570313,2294.14615050509,0.3395769639169658
Tanzania,TZA,2021,762.958374023438,2297.76422623792,0.3320438038469305
Tanzania,TZA,2022,731.974282877359,2303.03367612332,0.31783047311296203
Tanzania,TZA,2023,725.254517758729,2383.04258333333,0.3043397221816591
Tanzania,TZA,2024,732.984960136712,2597.90041666667,0.28214513359876775
Uganda,UGA,1990,190.246788462921,428.854666666667,0.4436159921999702
Uganda,UGA,1991,231.905146418543,734.009916666667,0.31594279743751363
Uganda,UGA,1992,328.924514632581,1133.83433333333,0.2900992719682287
Uganda,UGA,1993,418.140778069788,1195.01675,0.3499036963873418
Uganda,UGA,1994,437.43699128958,979.445416666667,0.4466170180042327
Uganda,UGA,1995,468.627342461759,968.916666666667,0.4836611429896883
Uganda,UGA,1996,481.244781105801,1046.08475,0.4600437785808473
Uganda,UGA,1997,487.729950136246,1083.00866666667,0.45034722726402726
Uganda,UGA,1998,524.683733706253,1240.30583333333,0.4230277078486054
Uganda,UGA,1999,516.777250937621,1454.82716666667,0.3552155629054355
Uganda,UGA,2000,561.509668733293,1644.47533333333,0.34145216857410704
Uganda,UGA,2001,574.045464943526,1755.65875,0.3269687033106667
Uganda,UGA,2002,547.345057603981,1797.5505,0.3044949544416032
Uganda,UGA,2003,578.650486280325,1963.72008333333,0.29467055472493353
Uganda,UGA,2004,651.333004970367,1810.30471365151,0.359791917934403
Uganda,UGA,2005,620.535482422115,1780.54026086523,0.3485096608377583
Uganda,UGA,2006,616.452811178792,1831.45185089088,0.3365924203133861
Uganda,UGA,2007,644.133601845946,1723.49158714041,0.37373759561813835
Uganda,UGA,2008,672.177143383494,1720.4438791511,0.390699837134565
Uganda,UGA,2009,765.369649124041,2030.48807433418,0.37693875615349987
Uganda,UGA,2010,798.810381382379,2177.55750683358,0.3668377890712707
Uganda,UGA,2011,856.168212890625,2522.80203252264,0.33937193717673986
Uganda,UGA,2012,1000.76456368353,2504.56307758328,0.3995765060344156
Uganda,UGA,2013,1036.86790566601,2586.88956856561,0.4008164547360007
Uganda,UGA,2014,1065.69998821225,2599.78820061067,0.40991800330577904
Uganda,UGA,2015,1114.23857909872,3240.64542033826,0.3438323033139538
Uganda,UGA,2016,1196.83942738034,3420.09800724736,0.34994302059302895
Uganda,UGA,2017,1251.63403320313,3611.22445804461,0.34659546858542806
Uganda,UGA,2018,1253.7099609375,3727.06899484612,0.33637959551356844
Uganda,UGA,2019,1258.25891113281,3704.04907169681,0.3396982293640096
Uganda,UGA,2020,1240.85021972656,3718.24892270924,0.3337189751197279
Uganda,UGA,2021,1203.16076660156,3587.05170733909,0.33541773711817396
Uganda,UGA,2022,1178.55876276605,3689.81738566862,0.31940842583256657
Uganda,UGA,2023,1213.19719403414,3726.14045997085,0.325590837776317
Uganda,UGA,2024,1242.4954445437,3757.2625354215,0.33069167587574855
Uganda,UGA,2025,1271.51526728309,3602.98994206814,0.35290558334260347
Ukraine,UKR,1993,0.0049118752441167,0.045325,0.10837011018459351
Ukraine,UKR,1994,0.050640570887182,0.327514166666667,0.15462100892485142
Ukraine,UKR,1995,0.255844800263166,1.473075,0.17368076999688814
Ukraine,UKR,1996,0.417432823780704,1.82946855833333,0.22817163043293337
Ukraine,UKR,1997,0.484523424209885,1.86165833333333,0.2602644188433534
Ukraine,UKR,1998,0.536692758640838,2.44954166666667,0.21909925678919687
Ukraine,UKR,1999,0.674205511655686,4.13044166666667,0.16322843077451818
Ukraine,UKR,2000,0.84058075268753,5.44023333333333,0.15451189336625215
Ukraine,UKR,2001,0.905928976631076,5.37215833333333,0.16863407971614325
Ukraine,UKR,2002,0.938933169975739,5.326625,0.1762716861006245
Ukraine,UKR,2003,0.995928108905383,5.33268833333333,0.18675910659921377
Ukraine,UKR,2004,1.11833892193072,5.31918066666667,0.2102464631327405
Ukraine,UKR,2005,1.34562312253796,5.124729,0.262574493702586
Ukraine,UKR,2006,1.4992473939662,5.05,0.2968806720725149
Ukraine,UKR,2007,1.79313011212156,5.05,0.35507526972704156
Ukraine,UKR,2008,2.26976670686303,5.26722141666667,0.43092297196411355
Ukraine,UKR,2009,2.54076567703551,7.79124033333333,0.32610541689560396
Ukraine,UKR,2010,2.85349225500867,7.93563941666667,0.3595793741605344
Ukraine,UKR,2011,3.19231104850769,7.96756283333333,0.40066342936791705
Ukraine,UKR,2012,3.30551217821594,7.99102933333333,0.41365286502297177
Ukraine,UKR,2013,3.02740257290631,7.993,0.37875673375532465
Ukraine,UKR,2014,3.46040921289247,11.8866594166667,0.2911170490878631
Ukraine,UKR,2015,4.61135981719733,21.8446977666667,0.21109744188056032
Ukraine,UKR,2016,5.07623564154548,25.5513341166667,0.19866812505239556
Ukraine,UKR,2017,6.00422334671021,26.5966063,0.2257514841925607
Ukraine,UKR,2018,6.62753629684448,27.2004923333333,0.24365501240294293
Ukraine,UKR,2019,6.58044958114624,25.8455893333333,0.25460628876662417
Ukraine,UKR,2020,6.43497943878174,26.9575243833333,0.23870810046490085
Ukraine,UKR,2021,7.302161693573,27.2861893833333,0.2676138317075978
Ukraine,UKR,2022,9.19755584128526,32.3423016,0.28438161127299794
Ukraine,UKR,2023,10.6321099289501,36.5738081166667,0.2907028410887584
Ukraine,UKR,2024,11.6164030391157,40.152082715,0.2893100993432664
Ukraine,UKR,2025,12.9353983614283,41.6890720433333,0.3102827126490781
Uruguay,URY,1990,0.560218922320337,1.16948416666667,0.4790307883492811
Uruguay,URY,1991,1.0881656436626,2.01766333333333,0.5393197297513799
Uruguay,URY,1992,1.69826835885896,3.02481166666667,0.5614459827611168
Uruguay,URY,1993,2.45278358781803,3.94109166666667,0.6223614661296539
Uruguay,URY,1994,3.33706598295824,5.04391666666667,0.6616021245972683
Uruguay,URY,1995,4.61021391151405,6.349,0.7261322903628996
Uruguay,URY,1996,5.72398094933348,7.97183333333334,0.7180256673705516
Uruguay,URY,1997,6.71186115709461,9.44183333333333,0.7108641849670381
Uruguay,URY,1998,7.45922008751358,10.4719166666667,0.7123070517985618
Uruguay,URY,1999,7.64073737886743,11.3393,0.6738279592979665
Uruguay,URY,2000,7.73593267221533,12.0995916666667,0.6393548547201916
Uruguay,URY,2001,7.93074092245213,13.3191166666667,0.5954404575717942
Uruguay,URY,2002,8.79463694885915,21.2569666666667,0.41372962976181
Uruguay,URY,2003,10.050975812393,28.2086833333333,0.356307867815868
Uruguay,URY,2004,10.7768340383498,28.7037333333333,0.37545060474188535
Uruguay,URY,2005,10.5200358446362,24.4786,0.4297646043742779
Uruguay,URY,2006,10.9619836130767,24.0733583333333,0.4553574728249749
Uruguay,URY,2007,11.7737280095584,23.471025,0.5016281994313585
Uruguay,URY,2008,12.5795005694658,20.9493166666667,0.6004730736387955
Uruguay,URY,2009,13.5797283648978,22.5679833333333,0.6017253807893552
Uruguay,URY,2010,14.1877145281855,20.059275,0.707289497162061
Uruguay,URY,2011,15.2736978530884,19.3142083333333,0.7908011340401868
Uruguay,URY,2012,16.93944859768,20.310575,0.8340211243492613
Uruguay,URY,2013,18.1757273312142,20.4816083333333,0.8874169955507677
Uruguay,URY,2014,19.4771944663324,23.246025,0.8378720433421369
Uruguay,URY,2015,21.1111914756944,27.3273666666667,0.7725293012387232
Uruguay,URY,2016,22.4626168573176,30.1626,0.7447175262516361
Uruguay,URY,2017,23.3047561645508,28.6764,0.8126806769521557
Uruguay,URY,2018,24.2535629272461,30.7252583333333,0.7893688854988025
Uruguay,URY,2019,25.0450210571289,35.255375,0.7103887295803519
Uruguay,URY,2020,25.7344722747803,42.0132916666667,0.6125316835195277
Uruguay,URY,2021,26.462287902832,43.554575,0.6075662063705592
Uruguay,URY,2022,26.1847298049584,41.1710833333333,0.6359980764401817
Uruguay,URY,2023,26.2739181311142,38.8239166666667,0.6767456863431909
Uruguay,URY,2024,26.710334219867,40.2127875,0.6642248866698685
Uruguay,URY,2025,27.108346862201,41.1909791666667,0.6581136795150065
United States,USA,1990,1.0,1.0,1.0
United States,USA,1991,1.0,1.0,1.0
United States,USA,1992,1.0,1.0,1.0
United States,USA,1993,1.0,1.0,1.0
United States,USA,1994,1.0,1.0,1.0
United States,USA,1995,1.0,1.0,1.0
United States,USA,1996,1.0,1.0,1.0
United States,USA,1997,1.0,1.0,1.0
United States,USA,1998,1.0,1.0,1.0
United States,USA,1999,1.0,1.0,1.0
United States,USA,2000,1.0,1.0,1.0
United States,USA,2001,1.0,1.0,1.0
United States,USA,2002,1.0,1.0,1.0
United States,USA,2003,1.0,1.0,1.0
United States,USA,2004,1.0,1.0,1.0
United States,USA,2005,1.0,1.0,1.0
United States,USA,2006,1.0,1.0,1.0
United States,USA,2007,1.0,1.0,1.0
United States,USA,2008,1.0,1.0,1.0
United States,USA,2009,1.0,1.0,1.0
United States,USA,2010,1.0,1.0,1.0
United States,USA,2011,1.0,1.0,1.0
United States,USA,2012,1.0,1.0,1.0
United States,USA,2013,1.0,1.0,1.0
United States,USA,2014,1.0,1.0,1.0
United States,USA,2015,1.0,1.0,1.0
United States,USA,2016,1.0,1.0,1.0
United States,USA,2017,1.0,1.0,1.0
United States,USA,2018,1.0,1.0,1.0
United States,USA,2019,1.0,1.0,1.0
United States,USA,2020,1.0,1.0,1.0
United States,USA,2021,1.0,1.0,1.0
United States,USA,2022,1.0,1.0,1.0
United States,USA,2023,1.0,1.0,1.0
United States,USA,2024,1.0,1.0,1.0
United States,USA,2025,1.0,1.0,1.0
Uzbekistan,UZB,1995,6.47943813499689,29.775,0.21761337145245643
Uzbekistan,UZB,1996,11.5522656238719,40.0666666666666,0.2883260971016286
Uzbekistan,UZB,1997,18.8615614290437,62.9166666666667,0.29978640681923746
Uzbekistan,UZB,1998,25.9258134758241,94.4916666666667,0.2743714275596517
Uzbekistan,UZB,1999,36.8417335947718,124.625,0.29562073095102753
Uzbekistan,UZB,2000,53.0631685676367,236.608333333333,0.2242658482061217
Uzbekistan,UZB,2013,804.3101035232,2094.98846505376,0.3839210176761333
Uzbekistan,UZB,2014,935.237245846632,2310.94815880696,0.404698496711174
Uzbekistan,UZB,2015,1058.67768324759,2567.98721339827,0.4122597175422148
Uzbekistan,UZB,2016,1179.95670461133,2965.25349937684,0.397927767342422
Uzbekistan,UZB,2017,1432.90717805091,5113.87894595717,0.2801996670616753
Uzbekistan,UZB,2018,1799.89237531589,8069.60623655914,0.2230458739314348
Uzbekistan,UZB,2019,2111.31955499463,8836.7875,0.23892387985957905
Uzbekistan,UZB,2020,2353.38338692144,10054.2613341653,0.23406825312212923
Uzbekistan,UZB,2021,2591.1123046875,10609.464390809,0.24422649525382126
Uzbekistan,UZB,2022,2758.77238159432,11050.145422363,0.2496593733518825
Uzbekistan,UZB,2023,3030.49254994173,11734.8334198669,0.25824759853950296
Uzbekistan,UZB,2024,3373.14097211991,12652.2868209739,0.2666032646784611
Uzbekistan,UZB,2025,3670.12629350113,12579.3943476702,0.29175699497653995
St. Vincent and the Grenadines,VCT,1990,1.39717267246583,2.7,0.5174713601725296
St. Vincent and the Grenadines,VCT,1991,1.4166992987507,2.7,0.5247034439817407
St. Vincent and the Grenadines,VCT,1992,1.42025288904577,2.7,0.5260195885354704
St. Vincent and the Grenadines,VCT,1993,1.3707861808839,2.7,0.5076985855125555
St. Vincent and the Grenadines,VCT,1994,1.37394150611259,2.7,0.5088672244861444
St. Vincent and the Grenadines,VCT,1995,1.36337511606986,2.7,0.5049537466925407
St. Vincent and the Grenadines,VCT,1996,1.38659762893876,2.7,0.5135546773847259
St. Vincent and the Grenadines,VCT,1997,1.38161408072459,2.7,0.5117089187868852
St. Vincent and the Grenadines,VCT,1998,1.41012977282966,2.7,0.5222702862332074
St. Vincent and the Grenadines,VCT,1999,1.41572214522043,2.7,0.5243415352668259
St. Vincent and the Grenadines,VCT,2000,1.49181396245697,2.7,0.5525236897988777
St. Vincent and the Grenadines,VCT,2001,1.54823992534329,2.7,0.5734221945715888
St. Vincent and the Grenadines,VCT,2002,1.52770258641343,2.7,0.5658157727457147
St. Vincent and the Grenadines,VCT,2003,1.46556328073774,2.7,0.5428012150880518
St. Vincent and the Grenadines,VCT,2004,1.48066487654375,2.7,0.5483943987199074
St. Vincent and the Grenadines,VCT,2005,1.47733603089656,2.7,0.5471614929246518
St. Vincent and the Grenadines,VCT,2006,1.48619909148033,2.7,0.5504441079556778
St. Vincent and the Grenadines,VCT,2007,1.55300912947649,2.7,0.575188566472774
St. Vincent and the Grenadines,VCT,2008,1.63435658595661,2.7,0.6053172540580036
St. Vincent and the Grenadines,VCT,2009,1.6057570627432,2.7,0.594724838053037
St. Vincent and the Grenadines,VCT,2010,1.67501170509603,2.7,0.6203747055911222
St. Vincent and the Grenadines,VCT,2011,1.63591921329498,2.7,0.6058960049240666
St. Vincent and the Grenadines,VCT,2012,1.64965886528283,2.7,0.6109847649195665
St. Vincent and the Grenadines,VCT,2013,1.64265701041738,2.7,0.6083914853397704
St. Vincent and the Grenadines,VCT,2014,1.59496561087086,2.7,0.5907280040262445
St. Vincent and the Grenadines,VCT,2015,1.60395332994011,2.7,0.5940567888667074
St. Vincent and the Grenadines,VCT,2016,1.53212034819621,2.7,0.5674519808134111
St. Vincent and the Grenadines,VCT,2017,1.58873176574707,2.7,0.5884191724989148
St. Vincent and the Grenadines,VCT,2018,1.54909288883209,2.7,0.5737381069748482
St. Vincent and the Grenadines,VCT,2019,1.53848028182983,2.7,0.5698075117888259
St. Vincent and the Grenadines,VCT,2020,1.47022485733032,2.7,0.5445277249371555
St. Vincent and the Grenadines,VCT,2021,1.44013321399689,2.7,0.5333826718507
St. Vincent and the Grenadines,VCT,2022,1.45142003163913,2.7,0.5375629746811592
St. Vincent and the Grenadines,VCT,2023,1.4404160101693,2.7,0.5334874111738148
St. Vincent and the Grenadines,VCT,2024,1.45769848948905,2.7,0.5398883294403888
St. Vincent and the Grenadines,VCT,2025,1.48761704067186,2.7,0.5509692743229111
"Venezuela, RB",VEN,1990,1.20788542503448e-13,0.0468916666666667,2.5759063622558646e-12
"Venezuela, RB",VEN,1991,1.42091490074385e-13,0.056825,2.5005101640894852e-12
"Venezuela, RB",VEN,1992,1.7824707050107999e-13,0.0683833333333333,2.6065864562673178e-12
"Venezuela, RB",VEN,1993,2.29261897901435e-13,0.0908416666666667,2.523752660138721e-12
"Venezuela, RB",VEN,1994,3.6550484289612997e-13,0.146858333333333,2.4888260311828687e-12
"Venezuela, RB",VEN,1995,5.43320958318341e-13,0.176841666666667,3.0723582770934825e-12
"Venezuela, RB",VEN,1996,1.15057614470103e-12,0.41735,2.7568614944316044e-12
"Venezuela, RB",VEN,1997,1.51540831882677e-12,0.488633333333333,3.1013199784980648e-12
"Venezuela, RB",VEN,1998,1.77840019371214e-12,0.547566666666667,3.2478240586451676e-12
"Venezuela, RB",VEN,1999,2.2121388295731197e-12,0.605725,3.652051392254109e-12
"Venezuela, RB",VEN,2000,2.80434515253771e-12,0.679966666666667,4.1242391576121996e-12
"Venezuela, RB",VEN,2001,2.9613286275047997e-12,0.723658333333334,4.092164065691402e-12
"Venezuela, RB",VEN,2002,3.8734734506205596e-12,1.16095,3.336468797640346e-12
"Venezuela, RB",VEN,2003,5.12524426412768e-12,1.60695833333333,3.189407066638955e-12
"Venezuela, RB",VEN,2004,6.6901584606779196e-12,1.89133333333333,3.5372709520679932e-12
"Venezuela, RB",VEN,2005,8.416907613258329e-12,2.08975,4.027710306619609e-12
"Venezuela, RB",VEN,2006,9.62523539637111e-12,2.147,4.483109173903638e-12
"Venezuela, RB",VEN,2007,1.0813832605575099e-11,2.147,5.036717561981881e-12
"Venezuela, RB",VEN,2008,1.3814437410637799e-11,2.147,6.4342978158536565e-12
"Venezuela, RB",VEN,2009,1.4785871766431098e-11,2.147,6.8867590900936655e-12
"Venezuela, RB",VEN,2010,2.13412278559432e-11,2.58206031746032,8.26519338515459e-12
"Venezuela, RB",VEN,2011,2.6809825897216798e-11,4.2893,6.250396544241904e-12
Virgin Islands (U.S.),VIR,2002,0.936119659362775,1.0,0.936119659362775
Virgin Islands (U.S.),VIR,2003,0.972785771038884,1.0,0.972785771038884
Virgin Islands (U.S.),VIR,2004,1.01147575502384,1.0,1.01147575502384
Virgin Islands (U.S.),VIR,2005,1.10518709322105,1.0,1.10518709322105
Virgin Islands (U.S.),VIR,2006,1.04891892397508,1.0,1.04891892397508
Virgin Islands (U.S.),VIR,2007,1.04756340185465,1.0,1.04756340185465
Virgin Islands (U.S.),VIR,2008,0.90077450038436,1.0,0.90077450038436
Virgin Islands (U.S.),VIR,2009,0.948750167330977,1.0,0.948750167330977
Virgin Islands (U.S.),VIR,2010,0.959083441617881,1.0,0.959083441617881
Virgin Islands (U.S.),VIR,2011,0.999770684528406,1.0,0.999770684528406
Virgin Islands (U.S.),VIR,2012,1.11559780700689,1.0,1.11559780700689
Virgin Islands (U.S.),VIR,2013,1.0700214058178,1.0,1.0700214058178
Virgin Islands (U.S.),VIR,2014,1.02115095651086,1.0,1.02115095651086
Virgin Islands (U.S.),VIR,2015,1.04401205650516,1.0,1.04401205650516
Virgin Islands (U.S.),VIR,2016,1.05540339697243,1.0,1.05540339697243
Virgin Islands (U.S.),VIR,2017,1.0434159040451,1.0,1.0434159040451
Virgin Islands (U.S.),VIR,2018,0.997733711650467,1.0,0.997733711650467
Virgin Islands (U.S.),VIR,2019,0.965312692933229,1.0,0.965312692933229
Virgin Islands (U.S.),VIR,2020,0.953011997636306,1.0,0.953011997636306
Virgin Islands (U.S.),VIR,2021,0.907823741436005,1.0,0.907823741436005
Virgin Islands (U.S.),VIR,2022,0.890243717259396,1.0,0.890243717259396
Viet Nam,VNM,1990,672.277046872643,6537.6046856884,0.10283231843986193
Viet Nam,VNM,1991,1122.04431710583,10121.8932306763,0.11085320616752445
Viet Nam,VNM,1992,1455.00087619787,11202.1916666667,0.12988537595972208
Viet Nam,VNM,1993,1668.83216635573,10640.9583333333,0.1568310028174845
Viet Nam,VNM,1994,1910.9356023661,10965.6666666667,0.17426533748056913
Viet Nam,VNM,1995,2190.6320338007,11038.25,0.19845827316836454
Viet Nam,VNM,1996,2338.33675961307,11032.5833333333,0.2119482526407152
Viet Nam,VNM,1997,2450.35126832624,11683.3333333333,0.209730493722646
Viet Nam,VNM,1998,2637.27060653441,13268.0,0.19876926488803212
Viet Nam,VNM,1999,2749.60069089275,13943.1666666667,0.19720058983918598
Viet Nam,VNM,2000,2780.34949727378,14167.75,0.19624495754610152
Viet Nam,VNM,2001,2790.42588451895,14725.1666666667,0.18950046187494948
Viet Nam,VNM,2002,2876.84005168357,15279.5,0.18828103352096404
Viet Nam,VNM,2003,3021.71380284402,15509.5833333333,0.19482881892447315
Viet Nam,VNM,2004,3190.74249861493,15746.0,0.2026382890013292
Viet Nam,VNM,2005,3675.68820734984,15858.9166666667,0.23177423052330176
Viet Nam,VNM,2006,3871.27230024661,15994.25,0.24204150243034903
Viet Nam,VNM,2007,4132.13435633216,16105.125,0.25657263488064574
Viet Nam,VNM,2008,4973.20698238399,16302.25,0.30506261297575427
Viet Nam,VNM,2009,5249.94215603488,17065.0833333333,0.30764233924250145
Viet Nam,VNM,2010,5813.18878732658,18612.9166666667,0.3123201425887884
Viet Nam,VNM,2011,6915.33544921875,20509.75,0.3371730737438901
Viet Nam,VNM,2012,7137.06681858344,20828.0,0.34266693002609183
Viet Nam,VNM,2013,7308.3464188786,20933.4166666667,0.3491234391047132
Viet Nam,VNM,2014,7379.99614837162,21148.0,0.34896898753412237
Viet Nam,VNM,2015,7290.14880429467,21697.5675,0.33598922110944784
Viet Nam,VNM,2016,7163.83114802902,21935.0008333333,0.3265936118471707
Viet Nam,VNM,2017,7211.599609375,22370.0866666667,0.32237691864291645
Viet Nam,VNM,2018,7275.826171875,22602.05,0.3219100113429977
Viet Nam,VNM,2019,7191.1884765625,23050.2416666667,0.3119788755604148
Viet Nam,VNM,2020,7064.95361328125,23208.3683333333,0.3044140592656023
Viet Nam,VNM,2021,7120.01123046875,23159.7825925926,0.307429968394695
Viet Nam,VNM,2022,6942.55221614355,23271.2125,0.29833220835156526
Viet Nam,VNM,2023,6839.77114227882,23787.3191666667,0.28753854498507037
Viet Nam,VNM,2024,6954.97823040608,24164.8858333333,0.2878134115085414
Vanuatu,VUT,1990,77.3347476580627,117.06125,0.6606349040187312
Vanuatu,VUT,1991,82.4858467163044,111.675,0.7386241031233883
Vanuatu,VUT,1992,82.8949955297549,113.391666666667,0.7310501553296507
Vanuatu,VUT,1993,82.6458619476298,121.580833333333,0.6797606142494775
Vanuatu,VUT,1994,82.7875509045683,116.405,0.7112027052495022
Vanuatu,VUT,1995,82.491784886152,112.111666666667,0.7358001833245285
Vanuatu,VUT,1996,82.6978954902895,111.719166666667,0.7402301499171815
Vanuatu,VUT,1997,83.8787805580941,115.873333333333,0.7238833832181205
Vanuatu,VUT,1998,89.7126074189681,127.5175,0.7035317303034337
Vanuatu,VUT,1999,91.1841889921729,129.075,0.7064434552947737
Vanuatu,VUT,2000,91.1073073160025,137.643333333333,0.6619086090814622
Vanuatu,VUT,2001,92.3308565422523,145.3125,0.6353951417961449
Vanuatu,VUT,2002,93.5313619255961,139.198333333333,0.671928748612385
Vanuatu,VUT,2003,92.4531213598562,122.189166666667,0.7566392658366271
Vanuatu,VUT,2004,91.9379493284458,111.79,0.8224165786603971
Vanuatu,VUT,2005,89.5169056470834,109.245833333333,0.8194079619855862
Vanuatu,VUT,2006,90.2019610026211,110.640833333333,0.8152682719847678
Vanuatu,VUT,2007,92.8960969565322,102.4375,0.9068563461284412
Vanuatu,VUT,2008,97.6698881750719,101.334166666667,0.9638396543621014
Vanuatu,VUT,2009,99.5510630259976,106.740833333333,0.9326427377151629
Vanuatu,VUT,2010,99.8032689515923,96.9058333333333,1.029899496434776
Vanuatu,VUT,2011,100.511043256852,89.4691666666667,1.1234154402189056
Vanuatu,VUT,2012,98.215697864117,92.6375,1.060215332496203
Vanuatu,VUT,2013,99.4762598899256,94.5425,1.0521856296366776
Vanuatu,VUT,2014,99.1518854950538,97.0716666666667,1.021429721975727
Vanuatu,VUT,2015,103.682133376917,108.989166666667,0.9513067816549046
Vanuatu,VUT,2016,104.80534153476,108.475,0.9661704681701776
Vanuatu,VUT,2017,107.898165722173,107.820833333333,1.0007172304873673
Vanuatu,VUT,2018,108.906852420275,110.165,0.9885794255913856
Vanuatu,VUT,2019,110.875523852585,114.7325,0.9663828806361319
Vanuatu,VUT,2020,111.850300053615,115.38,0.9694080434530682
Vanuatu,VUT,2021,110.380247621036,109.448333333333,1.0085146503315385
Vanuatu,VUT,2022,108.312820426159,115.353916666667,0.9389609261308887
Vanuatu,VUT,2023,105.11943277697,119.1125,0.8825222606944696
Vanuatu,VUT,2024,108.035176038305,119.165,0.9066015695741618
Samoa,WSM,1990,0.799826753317975,2.30985166666667,0.3462675828323639
Samoa,WSM,1991,0.820944365997831,2.39962233333333,0.34211398793636505
Samoa,WSM,1992,0.871408080128931,2.46630833333333,0.35332487359809656
Samoa,WSM,1993,0.856804402428927,2.56860341666667,0.33356819385563996
Samoa,WSM,1994,1.41125148609007,2.53503716666667,0.5566985386434117
Samoa,WSM,1995,1.28584989614594,2.47340416666667,0.5198705142794515
Samoa,WSM,1996,1.3206922950386,2.46217291666667,0.5363929909628666
Samoa,WSM,1997,1.45197624085761,2.55937166666667,0.5673174630196115
Samoa,WSM,1998,1.48485373294945,2.94768683333333,0.5037352394963661
Samoa,WSM,1999,1.48062437034402,3.013152,0.49138721522977274
Samoa,WSM,2000,1.47786920310807,3.286361525,0.4496976951152902
Samoa,WSM,2001,1.49398687054787,3.4780400715,0.42954849278189805
Samoa,WSM,2002,1.49291819977601,3.3762581025,0.4421813008521347
Samoa,WSM,2003,1.50130968612217,2.97323765833333,0.5049410301643159
Samoa,WSM,2004,1.56539875964791,2.78072343066667,0.5629465851886645
Samoa,WSM,2005,1.57844703858268,2.71033673441667,0.5823804173625681
Samoa,WSM,2006,1.61198509343191,2.77929404469672,0.5799980381736873
Samoa,WSM,2007,1.68699655454379,2.61657247247996,0.6447352680986024
Samoa,WSM,2008,1.80605033910885,2.64417628032353,0.6830294759651462
Samoa,WSM,2009,1.82509405154917,2.73077850953731,0.6683420296354995
Samoa,WSM,2010,1.71038960640474,2.48465658452338,0.6883806869160697
Samoa,WSM,2011,1.66056811905465,2.3174720118126,0.7165429013124711
Samoa,WSM,2012,1.69585094215961,2.29231194992329,0.7397993725140071
Samoa,WSM,2013,1.70659629759923,2.31090003482576,0.7384985381801278
Samoa,WSM,2014,1.6916926713549,2.33176884618308,0.7254975870031313
Samoa,WSM,2015,1.74259065516479,2.5608736880983,0.6804672418102881
Samoa,WSM,2016,1.76493499853919,2.56492967258212,0.6881026865592094
Samoa,WSM,2017,1.73917124523031,2.55437711641037,0.6808592333751967
Samoa,WSM,2018,1.71888239063033,2.58727995057261,0.6643588724327693
Samoa,WSM,2019,1.71632936780333,2.64882632186605,0.647958438662074
Samoa,WSM,2020,1.71425503022287,2.66496084519696,0.643257117008852
Samoa,WSM,2021,1.62781286300372,2.55609234207843,0.6368364852108981
Samoa,WSM,2022,1.55837250054266,2.68899764734059,0.5795365801394008
Samoa,WSM,2023,1.6054012712345,2.73843913026323,0.5862468343710026
Samoa,WSM,2024,1.69849391008788,2.75395370512433,0.6167474445657756
Samoa,WSM,2025,1.75413819197732,2.79150381915391,0.6283846649040193
Kosovo,XKX,2008,0.30922460678491,0.679922680042729,0.4547937815009746
Kosovo,XKX,2009,0.298622028617296,0.716957702016136,0.41651275630005735
Kosovo,XKX,2010,0.313896406114693,0.754308990105979,0.4161376971930179
Kosovo,XKX,2011,0.3269386,0.718413898653322,0.4550839016517519
Kosovo,XKX,2012,0.336134256368731,0.778338120416812,0.43186148481167275
Kosovo,XKX,2013,0.344754903211396,0.752945122702002,0.45787520606311427
Kosovo,XKX,2014,0.358213026923013,0.752728196932591,0.47588628721861476
Kosovo,XKX,2015,0.364102999607314,0.901296423367096,0.403976971579544
Kosovo,XKX,2016,0.370901881963636,0.903421436257288,0.4105524477039371
Kosovo,XKX,2017,0.3783280050989,0.88520550826938,0.42739002589189684
Kosovo,XKX,2018,0.370546696933857,0.846772667108096,0.43759879283698505
Kosovo,XKX,2019,0.363172820979497,0.893215581479226,0.40659033329675914
Kosovo,XKX,2020,0.359145199492702,0.877475207233012,0.4092938427573506
Kosovo,XKX,2021,0.360406752216835,0.845376564367945,0.42632687894098065
Kosovo,XKX,2022,0.360696819942243,0.950915533962108,0.37931530936228874
Kosovo,XKX,2023,0.363700560729297,0.924709622987356,0.3933132647136625
Kosovo,XKX,2024,0.362871040091578,0.924367447270267,0.39256146585772356
Kosovo,XKX,2025,0.362904088534196,0.887144250370588,0.40906998876744066
"Yemen, Rep.",YEM,1990,6.11409017600969,12.0100611997629,0.5090806844623235
"Yemen, Rep.",YEM,1991,6.62339772661308,12.0100001707085,0.5514902275161541
"Yemen, Rep.",YEM,1992,7.32880208268109,12.0100001707085,0.6102249773947127
"Yemen, Rep.",YEM,1993,8.33147689332607,12.0100001707085,0.6937116382101246
"Yemen, Rep.",YEM,1994,9.85274574221908,12.0100001707085,0.820378484777144
"Yemen, Rep.",YEM,1995,14.0648254239068,40.8391667581349,0.34439550412975006
"Yemen, Rep.",YEM,1996,18.8906311162462,94.1566667165352,0.20062977774178944
"Yemen, Rep.",YEM,1997,21.0384912311951,129.280833333333,0.16273480522012276
"Yemen, Rep.",YEM,1998,19.0689506788215,135.881666666667,0.14033497782743407
"Yemen, Rep.",YEM,1999,25.0944826659168,155.718333333333,0.16115303913636922
"Yemen, Rep.",YEM,2000,30.2674370945195,161.718333333333,0.18716144589576258
"Yemen, Rep.",YEM,2001,30.4144087602974,168.671666666667,0.18031723621017562
"Yemen, Rep.",YEM,2002,32.5581241923978,175.625,0.18538433703856397
"Yemen, Rep.",YEM,2003,35.405451662169,183.448333333333,0.1929995820558144
"Yemen, Rep.",YEM,2004,39.3443327736615,184.775833333333,0.212930078917219
"Yemen, Rep.",YEM,2005,45.2183560631605,191.509166666667,0.23611588338152875
"Yemen, Rep.",YEM,2006,49.8263555166084,197.049166666667,0.2528625538462481
"Yemen, Rep.",YEM,2007,53.7941668058558,198.953333333333,0.27038585332836457
"Yemen, Rep.",YEM,2008,63.5321259735957,199.764166666667,0.3180356469016161
"Yemen, Rep.",YEM,2009,57.6459338534709,202.846666666667,0.2841847726696888
"Yemen, Rep.",YEM,2010,70.4048210311498,219.59,0.3206194318099631
"Yemen, Rep.",YEM,2011,81.4767608642578,213.8,0.38108868505265575
"Yemen, Rep.",YEM,2012,88.7929916381836,214.349166666667,0.41424463187330696
"Yemen, Rep.",YEM,2013,93.6313171386719,214.89,0.4357174235128294
South Africa,ZAF,1990,1.25844116913136,2.58732083333333,0.48638775404984047
South Africa,ZAF,1991,1.40783383386594,2.761315,0.5098418086549126
South Africa,ZAF,1992,1.5789997553699,2.85201416666667,0.5536437279396046
South Africa,ZAF,1993,1.74267162951013,3.26774158333333,0.5332954228689285
South Africa,ZAF,1994,1.87365948239474,3.55079833333334,0.5276727390586069
South Africa,ZAF,1995,2.03408427195961,3.627085,0.5608041366440571
South Africa,ZAF,1996,2.15775685442628,4.29934916666667,0.5018798824611892
South Africa,ZAF,1997,2.29378769585491,4.60796166666667,0.4977879291939079
South Africa,ZAF,1998,2.45147668545512,5.52828416666667,0.44344259657210433
South Africa,ZAF,1999,2.58379166009336,6.10948416666667,0.4229148631222454
South Africa,ZAF,2000,2.75855373011655,6.93982833333333,0.3974959606517478
South Africa,ZAF,2001,2.9082492674306,8.60918083333334,0.3378078964458888
South Africa,ZAF,2002,3.22280216310023,10.5407466666667,0.30574704667666364
South Africa,ZAF,2003,3.36253789024298,7.56474916666667,0.4445009102297371
South Africa,ZAF,2004,3.47233409372991,6.4596925,0.5375386047756778
South Africa,ZAF,2005,3.55520900964786,6.35932833333333,0.5590541678769317
South Africa,ZAF,2006,3.65801240095539,6.77154916666667,0.5402031811217086
South Africa,ZAF,2007,3.85519626684052,7.045365,0.5471961022375023
South Africa,ZAF,2008,4.07924672033466,8.26122333333333,0.4937824043414064
South Africa,ZAF,2009,4.40546153287524,8.47367415824888,0.5198998038633158
South Africa,ZAF,2010,4.6193094142446,7.32122196115288,0.6309478716469883
South Africa,ZAF,2011,4.7766284942627,7.26113213232735,0.6578352255837117
South Africa,ZAF,2012,5.10604487750647,8.20996862659332,0.621932325169578
South Africa,ZAF,2013,5.29206484627155,9.65505606913526,0.5481133209768636
South Africa,ZAF,2014,5.5660949231475,10.8526555687831,0.512878611863255
South Africa,ZAF,2015,5.81717732887118,12.7589308811644,0.4559298410699044
South Africa,ZAF,2016,6.14841834119248,14.7096108855267,0.41798647082106866
South Africa,ZAF,2017,6.41333675384521,13.3238014244992,0.4813443663347203
South Africa,ZAF,2018,6.85541534423828,13.2339264715833,0.5180182434108765
South Africa,ZAF,2019,7.06522130966187,14.4484270548333,0.48899588050994147
South Africa,ZAF,2020,7.24892425537109,16.4591053903333,0.4404203073897626
South Africa,ZAF,2021,7.37613821029663,14.7786782139167,0.4991067606675887
South Africa,ZAF,2022,7.24725773798903,16.3558534845,0.4430987196637009
South Africa,ZAF,2023,7.31868804459223,18.4502441785,0.3966716089926154
South Africa,ZAF,2024,7.4211352928491,18.3286575505,0.4048924626586552
South Africa,ZAF,2025,7.42029658394341,17.8887489855833,0.4148024319600824
Zambia,ZMB,1990,0.009566475958731,0.0302891083333333,0.31583881088381366
Zambia,ZMB,1991,0.0178273660253522,0.0646397083333333,0.2757958921073753
Zambia,ZMB,1992,0.0462829879786715,0.172213783333333,0.2687530991005942
Zambia,ZMB,1993,0.110161183096815,0.452762666666667,0.24330889273147135
Zambia,ZMB,1994,0.194945275930653,0.669370621666667,0.29123667759014943
Zambia,ZMB,1995,0.249391259739841,0.864119166666667,0.2886074853562916
Zambia,ZMB,1996,0.304540760592769,1.2079,0.25212414984085524
Zambia,ZMB,1997,0.37542779598122,1.3144975,0.28560556104611834
Zambia,ZMB,1998,0.434023060018293,1.86206916666667,0.23308643297888176
Zambia,ZMB,1999,0.504675153752754,2.38801916666667,0.21133630784764915
Zambia,ZMB,2000,0.654444802807636,3.11084416666667,0.21037530899816376
Zambia,ZMB,2001,0.802161712830198,3.610935,0.2221479236901794
Zambia,ZMB,2002,0.943053277538967,4.398595,0.2143987517693643
Zambia,ZMB,2003,1.08763024888116,4.73327104649872,0.2297840622682486
Zambia,ZMB,2004,1.26797930781357,4.77887538643578,0.2653300630965531
Zambia,ZMB,2005,1.43413377398915,4.465,0.32119457424169096
Zambia,ZMB,2006,1.59354675099843,3.60166666666666,0.44244703868535856
Zambia,ZMB,2007,1.75274668454219,4.00166666666667,0.4380041693982979
Zambia,ZMB,2008,1.90258591542172,3.745,0.5080336222754926
Zambia,ZMB,2009,1.99605244514067,5.045,0.3956496422479029
Zambia,ZMB,2010,2.24720994593584,4.7975,0.46841270368647003
Zambia,ZMB,2011,2.44634604454041,4.86166666666666,0.5031908216401262
Zambia,ZMB,2012,2.64834992278665,5.1475,0.5144924570736571
Zambia,ZMB,2013,2.82615242712079,5.39648333333333,0.5237026138233464
Zambia,ZMB,2014,3.05394151611266,6.15416666666667,0.496239650553174
Zambia,ZMB,2015,3.35055571386025,8.63166666666667,0.38817019276233816
Zambia,ZMB,2016,3.8559028791987,10.3075,0.37408710930862965
Zambia,ZMB,2017,4.16286420822144,9.5175,0.43739051307816545
Zambia,ZMB,2018,4.44762897491455,10.4583333333333,0.42527129640617345
Zambia,ZMB,2019,4.82785272598267,12.89,0.3745424923182831
Zambia,ZMB,2020,5.52910757064819,18.3440926453379,0.3014107962463544
Zambia,ZMB,2021,6.44128704071045,20.0184865859688,0.3217669334316824
Zambia,ZMB,2022,6.38282402708496,16.9375943252989,0.376843600366035
Zambia,ZMB,2023,6.59175278849996,20.212017866195,0.3261303662077598
Zambia,ZMB,2024,7.35899076614158,26.1664181859876,0.2812379865610494
Zambia,ZMB,2025,7.56139268212565,25.2756892021939,0.29915673600976744
Zimbabwe,ZWE,1990,0.0002979005314915,0.0024545183502314,0.12136822340864364
Zimbabwe,ZWE,1991,0.0002686297549963,0.0036254886572367,0.07409477187581276
Zimbabwe,ZWE,1992,0.0002255336158172,0.0051042665511595,0.044185313121229364
Zimbabwe,ZWE,1993,0.0002119596484191,0.0064904940995879,0.03265693569193105
Zimbabwe,ZWE,1994,0.0001994428548535,0.0081607990595128,0.02443913315339083
Zimbabwe,ZWE,1995,0.0002012838394921,0.0086752193293132,0.02320216144990945
Zimbabwe,ZWE,1996,0.0002154206386443,0.0100137132167889,0.021512563220117763
Zimbabwe,ZWE,1997,0.0002056740629706,0.0121250465891802,0.016962744139402606
Zimbabwe,ZWE,1998,0.0001483733844839,0.0237060128381228,0.006258892437841487
Zimbabwe,ZWE,1999,0.0001580167228114,0.0383447102054205,0.004120952328622956
Zimbabwe,ZWE,2000,0.0001554841809769,0.04446837641743,0.0034965113076616807
Zimbabwe,ZWE,2001,0.0001518620394728,0.0551146597125865,0.002755383781098069
Zimbabwe,ZWE,2002,0.0001535947261406,0.0550982905810338,0.002787649571717768
Zimbabwe,ZWE,2003,0.0001638797970265,0.698216071305723,0.00023471215252898853
Zimbabwe,ZWE,2004,0.0001717340681955,5.07441941463195,3.3843096946285026e-05
Zimbabwe,ZWE,2005,0.0001750711326298,22.3890396048255,7.819501672240868e-06
Zimbabwe,ZWE,2006,0.0001664063556328,164.547356500646,1.0112976541932274e-06
Zimbabwe,ZWE,2007,0.0001634674422251,9686.77166954175,1.6875327281543444e-08
Zimbabwe,ZWE,2008,0.0001625399485864,6723052073.33811,2.41765119194884e-14
Zimbabwe,ZWE,2020,0.012645161247611,51.3290131226287,0.0002463550432462202
Zimbabwe,ZWE,2021,0.0243634228799343,88.5524472597436,0.0002751298652251934
Zimbabwe,ZWE,2022,0.0851728842033327,374.954362604663,0.00022715533594987294
Zimbabwe,ZWE,2023,0.713312954994536,3509.17222037558,0.00020327100244689372
Zimbabwe,ZWE,2024,8.33515444469415,3266.3319125,0.0025518393929276316
Zimbabwe,ZWE,2025,14.8477864567247,26.5961940841935,0.5582673374138503
